;RAW4.00
[RawHeader]
Date=04/22/2026
EstimatedTotalTime=571.766
FurtherDQLReading=0
HardwareIndicator=65519
MeasuredTotalTime=571.766
MeasurementFlag=1
NumberOfMeasuredRanges=1
NumberOfRanges=1
Time=14:33:32

[VarInfo]
Type=USER
Flags=0
Value=Lab Manager

[VarInfo]
Type=SAMPLEID
Flags=0
Value=Commander Sample ID

[VarInfo]
Type=COMMENT
Flags=0
Value=

[VarInfo]
Type=UTF
Flags=0
Value=

[VarInfo]
Type=CREATOR
Flags=0
Value=BrmlToV4Converter

[VarInfo]
Type=CREATOR_VERSION
Flags=0
Value=6.5.0.0

[HardwareConfiguration]
AbsorptionFactor=9999
ActivateAbsorber=0
Alpha1=1.5406
Alpha2=1.54439
AlphaAverage=1.54184
AlphaRatio=0.5
Analyzer=0
Anode=Cu
AntiScatteringSlit=9999
BeamOpticsFlags=0
Beta=1.39222
BetaRelativeIntensity=0
DeactivateAbsorber=0
DetectorSlit=9999
DivergenceSlit=9999
GoniometerControl=0
GoniometerDiameter=282
GoniometerModel=256
GoniometerStage=7
Monochromator=0
NearSampleSlit=9999
PrimarySollerSlit=9999
SampleChanger=0
SecondSollerSlit=9999
SynchronousAxis=0
ThinFilmAttachment=9999
WaveUnit=A

[RangeHeader]
ActuallyUsedLambda=1.54184
AdditionalDetectorMask=257
DataRecordLength=4
DelayTime=0
DisplayPlaneNumber=0
EstimatedScanTime=572
ExtraParametersMask=0
GeneratorCurrent=10
GeneratorVoltage=30
Increment=0.0201906
Increment3=0
NumberOfCompletedData=5449
NumberOfCounts=1
NumberOfDetectors=0
NumberOfDrives=3
NumberOfEncoderDrives=0
NumberOfMeasuredData=5449
NumberOfVaryingParameters=0
RangeStartTime=0
RotationSpeed=0
ScanMode=1
ScanType=Locked Coupled
SimulatedMeasConditions=0
SlitChangerIn=0
SmootingWidth=0
Start=10.0017
Steps=5449
SynchronousRotation=0
Time=16.5

[VarInfo]
Type=PSD_DISCRIM
Flags=0
Value=0.11;0.25

[PSD]
ActualTwoTheta=9999
FirstUsedChannel=0
FixedPSD=0
PSDOpening=4.99716
PSDType=5

[Drive]
DriveFlags=1
DriveName=2Theta
DriveNumber=2
DriveOffset=0
OffsetIndex=0
OscillationAmplitude=0
OscillationSpeed=0
StartPosition=10.0017

[Drive]
DriveFlags=1
DriveName=Theta
DriveNumber=1
DriveOffset=0
OffsetIndex=0
OscillationAmplitude=0
OscillationSpeed=0
StartPosition=5.00087

[Drive]
DriveFlags=1
DriveName=Phi
DriveNumber=3
DriveOffset=0
OffsetIndex=0
OscillationAmplitude=0
OscillationSpeed=0
StartPosition=359.986

[Data]
     Angle,       PSD,
   10.0017,       237,
   10.0219,       237,
   10.0421,       224,
   10.0623,       218,
   10.0825,       204,
   10.1027,       257,
   10.1229,       212,
   10.1431,       230,
   10.1633,       214,
   10.1834,       242,
   10.2036,       250,
   10.2238,       239,
    10.244,       222,
   10.2642,       236,
   10.2844,       282,
   10.3046,       282,
   10.3248,       318,
    10.345,       359,
   10.3652,       292,
   10.3854,       249,
   10.4055,       237,
   10.4257,       226,
   10.4459,       227,
   10.4661,       243,
   10.4863,       252,
   10.5065,       249,
   10.5267,       247,
   10.5469,       215,
   10.5671,       306,
   10.5873,       313,
   10.6075,       348,
   10.6276,       415,
   10.6478,       438,
    10.668,       493,
   10.6882,       670,
   10.7084,       942,
   10.7286,      1199,
   10.7488,      1074,
    10.769,       668,
   10.7892,       432,
   10.8094,       317,
   10.8295,       317,
   10.8497,       321,
   10.8699,       296,
   10.8901,       315,
   10.9103,       309,
   10.9305,       374,
   10.9507,       476,
   10.9709,       624,
   10.9911,       666,
   11.0113,       711,
   11.0315,       733,
   11.0516,       746,
   11.0718,       758,
    11.092,       724,
   11.1122,       707,
   11.1324,       700,
   11.1526,       698,
   11.1728,       670,
    11.193,       650,
   11.2132,       631,
   11.2334,       658,
   11.2535,       695,
   11.2737,       780,
   11.2939,       934,
   11.3141,      1747,
   11.3343,      6521,
   11.3545,     14067,
   11.3747,     24707,
   11.3949,     47684,
   11.4151,     43632,
   11.4353,     22914,
   11.4555,      5861,
   11.4756,      1400,
   11.4958,       950,
    11.516,       730,
   11.5362,       729,
   11.5564,       679,
   11.5766,       652,
   11.5968,       627,
    11.617,       629,
   11.6372,       607,
   11.6574,       639,
   11.6776,       608,
   11.6977,       643,
   11.7179,       610,
   11.7381,       559,
   11.7583,       521,
   11.7785,       434,
   11.7987,       389,
   11.8189,       401,
   11.8391,       389,
   11.8593,       380,
   11.8795,       351,
   11.8996,       312,
   11.9198,       349,
     11.94,       373,
   11.9602,       372,
   11.9804,       368,
   12.0006,       357,
   12.0208,       359,
    12.041,       364,
   12.0612,       407,
   12.0814,       401,
   12.1016,       377,
   12.1217,       371,
   12.1419,       335,
   12.1621,       362,
   12.1823,       325,
   12.2025,       286,
   12.2227,       314,
   12.2429,       339,
   12.2631,       321,
   12.2833,       394,
   12.3035,       300,
   12.3236,       343,
   12.3438,       309,
    12.364,       294,
   12.3842,       302,
   12.4044,       320,
   12.4246,       301,
   12.4448,       282,
    12.465,       300,
   12.4852,       349,
   12.5054,       310,
   12.5256,       298,
   12.5457,       324,
   12.5659,       300,
   12.5861,       331,
   12.6063,       265,
   12.6265,       283,
   12.6467,       308,
   12.6669,       327,
   12.6871,       319,
   12.7073,       291,
   12.7275,       298,
   12.7477,       309,
   12.7678,       312,
    12.788,       338,
   12.8082,       296,
   12.8284,       321,
   12.8486,       287,
   12.8688,       318,
    12.889,       310,
   12.9092,       278,
   12.9294,       318,
   12.9496,       273,
   12.9697,       275,
   12.9899,       314,
   13.0101,       302,
   13.0303,       303,
   13.0505,       291,
   13.0707,       251,
   13.0909,       278,
   13.1111,       300,
   13.1313,       266,
   13.1515,       265,
   13.1717,       255,
   13.1918,       254,
    13.212,       278,
   13.2322,       285,
   13.2524,       307,
   13.2726,       280,
   13.2928,       298,
    13.313,       293,
   13.3332,       260,
   13.3534,       276,
   13.3736,       250,
   13.3937,       297,
   13.4139,       260,
   13.4341,       266,
   13.4543,       244,
   13.4745,       281,
   13.4947,       265,
   13.5149,       281,
   13.5351,       277,
   13.5553,       247,
   13.5755,       321,
   13.5957,       242,
   13.6158,       272,
    13.636,       280,
   13.6562,       286,
   13.6764,       244,
   13.6966,       243,
   13.7168,       265,
    13.737,       284,
   13.7572,       260,
   13.7774,       229,
   13.7976,       276,
   13.8177,       254,
   13.8379,       240,
   13.8581,       292,
   13.8783,       227,
   13.8985,       245,
   13.9187,       262,
   13.9389,       280,
   13.9591,       260,
   13.9793,       261,
   13.9995,       275,
   14.0197,       259,
   14.0398,       256,
     14.06,       288,
   14.0802,       283,
   14.1004,       263,
   14.1206,       257,
   14.1408,       262,
    14.161,       263,
   14.1812,       283,
   14.2014,       271,
   14.2216,       270,
   14.2418,       281,
   14.2619,       266,
   14.2821,       261,
   14.3023,       270,
   14.3225,       291,
   14.3427,       287,
   14.3629,       281,
   14.3831,       215,
   14.4033,       265,
   14.4235,       272,
   14.4437,       250,
   14.4638,       265,
    14.484,       254,
   14.5042,       267,
   14.5244,       277,
   14.5446,       241,
   14.5648,       260,
    14.585,       280,
   14.6052,       269,
   14.6254,       280,
   14.6456,       298,
   14.6658,       284,
   14.6859,       275,
   14.7061,       243,
   14.7263,       247,
   14.7465,       273,
   14.7667,       255,
   14.7869,       269,
   14.8071,       258,
   14.8273,       254,
   14.8475,       233,
   14.8677,       249,
   14.8878,       256,
    14.908,       253,
   14.9282,       285,
   14.9484,       257,
   14.9686,       246,
   14.9888,       242,
    15.009,       245,
   15.0292,       258,
   15.0494,       245,
   15.0696,       224,
   15.0898,       256,
   15.1099,       254,
   15.1301,       230,
   15.1503,       244,
   15.1705,       249,
   15.1907,       256,
   15.2109,       233,
   15.2311,       262,
   15.2513,       333,
   15.2715,       306,
   15.2917,       309,
   15.3119,       373,
    15.332,       265,
   15.3522,       257,
   15.3724,       231,
   15.3926,       250,
   15.4128,       262,
    15.433,       263,
   15.4532,       266,
   15.4734,       262,
   15.4936,       241,
   15.5138,       271,
   15.5339,       249,
   15.5541,       237,
   15.5743,       246,
   15.5945,       243,
   15.6147,       280,
   15.6349,       269,
   15.6551,       236,
   15.6753,       211,
   15.6955,       267,
   15.7157,       238,
   15.7359,       243,
    15.756,       257,
   15.7762,       301,
   15.7964,       283,
   15.8166,       320,
   15.8368,       320,
    15.857,       429,
   15.8772,       436,
   15.8974,       487,
   15.9176,       425,
   15.9378,       324,
   15.9579,       271,
   15.9781,       270,
   15.9983,       257,
   16.0185,       253,
   16.0387,       251,
   16.0589,       260,
   16.0791,       322,
   16.0993,       263,
   16.1195,       255,
   16.1397,       294,
   16.1599,       274,
     16.18,       289,
   16.2002,       293,
   16.2204,       307,
   16.2406,       325,
   16.2608,       337,
    16.281,       343,
   16.3012,       396,
   16.3214,       428,
   16.3416,       526,
   16.3618,       512,
    16.382,       567,
   16.4021,       548,
   16.4223,       587,
   16.4425,       836,
   16.4627,      1029,
   16.4829,      1065,
   16.5031,      1131,
   16.5233,      1028,
   16.5435,       918,
   16.5637,       847,
   16.5839,       765,
    16.604,       723,
   16.6242,       696,
   16.6444,       705,
   16.6646,       648,
   16.6848,       667,
    16.705,       669,
   16.7252,       723,
   16.7454,       811,
   16.7656,       913,
   16.7858,      1233,
    16.806,      2418,
   16.8261,      7513,
   16.8463,     14517,
   16.8665,     26067,
   16.8867,     47372,
   16.9069,     43817,
   16.9271,     27277,
   16.9473,     18750,
   16.9675,      4879,
   16.9877,      1447,
   17.0079,      1046,
    17.028,       913,
   17.0482,       781,
   17.0684,       692,
   17.0886,       663,
   17.1088,       673,
    17.129,       704,
   17.1492,       624,
   17.1694,       624,
   17.1896,       625,
   17.2098,       640,
     17.23,       657,
   17.2501,       548,
   17.2703,       495,
   17.2905,       416,
   17.3107,       400,
   17.3309,       361,
   17.3511,       332,
   17.3713,       347,
   17.3915,       371,
   17.4117,       344,
   17.4319,       341,
   17.4521,       336,
   17.4722,       356,
   17.4924,       318,
   17.5126,       340,
   17.5328,       352,
    17.553,       337,
   17.5732,       359,
   17.5934,       357,
   17.6136,       351,
   17.6338,       342,
    17.654,       350,
   17.6741,       303,
   17.6943,       354,
   17.7145,       306,
   17.7347,       325,
   17.7549,       339,
   17.7751,       315,
   17.7953,       299,
   17.8155,       318,
   17.8357,       304,
   17.8559,       303,
   17.8761,       337,
   17.8962,       325,
   17.9164,       323,
   17.9366,       309,
   17.9568,       281,
    17.977,       305,
   17.9972,       330,
   18.0174,       316,
   18.0376,       292,
   18.0578,       294,
    18.078,       280,
   18.0981,       296,
   18.1183,       263,
   18.1385,       303,
   18.1587,       291,
   18.1789,       288,
   18.1991,       301,
   18.2193,       295,
   18.2395,       321,
   18.2597,       319,
   18.2799,       279,
   18.3001,       277,
   18.3202,       265,
   18.3404,       306,
   18.3606,       259,
   18.3808,       286,
    18.401,       279,
   18.4212,       311,
   18.4414,       265,
   18.4616,       298,
   18.4818,       265,
    18.502,       265,
   18.5222,       288,
   18.5423,       281,
   18.5625,       298,
   18.5827,       251,
   18.6029,       269,
   18.6231,       263,
   18.6433,       255,
   18.6635,       259,
   18.6837,       235,
   18.7039,       252,
   18.7241,       261,
   18.7442,       254,
   18.7644,       246,
   18.7846,       241,
   18.8048,       230,
    18.825,       246,
   18.8452,       248,
   18.8654,       257,
   18.8856,       265,
   18.9058,       265,
    18.926,       257,
   18.9462,       230,
   18.9663,       241,
   18.9865,       222,
   19.0067,       215,
   19.0269,       231,
   19.0471,       244,
   19.0673,       235,
   19.0875,       227,
   19.1077,       237,
   19.1279,       237,
   19.1481,       219,
   19.1682,       218,
   19.1884,       235,
   19.2086,       207,
   19.2288,       249,
    19.249,       248,
   19.2692,       262,
   19.2894,       244,
   19.3096,       232,
   19.3298,       231,
     19.35,       249,
   19.3702,       231,
   19.3903,       240,
   19.4105,       261,
   19.4307,       235,
   19.4509,       227,
   19.4711,       262,
   19.4913,       241,
   19.5115,       218,
   19.5317,       222,
   19.5519,       235,
   19.5721,       201,
   19.5923,       203,
   19.6124,       228,
   19.6326,       228,
   19.6528,       196,
    19.673,       227,
   19.6932,       240,
   19.7134,       238,
   19.7336,       255,
   19.7538,       202,
    19.774,       261,
   19.7942,       224,
   19.8143,       236,
   19.8345,       234,
   19.8547,       216,
   19.8749,       219,
   19.8951,       207,
   19.9153,       239,
   19.9355,       228,
   19.9557,       220,
   19.9759,       227,
   19.9961,       207,
   20.0163,       218,
   20.0364,       204,
   20.0566,       224,
   20.0768,       227,
    20.097,       227,
   20.1172,       245,
   20.1374,       229,
   20.1576,       234,
   20.1778,       219,
    20.198,       209,
   20.2182,       232,
   20.2383,       228,
   20.2585,       241,
   20.2787,       247,
   20.2989,       229,
   20.3191,       217,
   20.3393,       212,
   20.3595,       205,
   20.3797,       195,
   20.3999,       198,
   20.4201,       201,
   20.4403,       214,
   20.4604,       201,
   20.4806,       213,
   20.5008,       209,
    20.521,       221,
   20.5412,       210,
   20.5614,       212,
   20.5816,       207,
   20.6018,       218,
    20.622,       208,
   20.6422,       208,
   20.6624,       213,
   20.6825,       203,
   20.7027,       189,
   20.7229,       208,
   20.7431,       213,
   20.7633,       210,
   20.7835,       218,
   20.8037,       202,
   20.8239,       236,
   20.8441,       220,
   20.8643,       208,
   20.8844,       202,
   20.9046,       221,
   20.9248,       229,
    20.945,       238,
   20.9652,       206,
   20.9854,       219,
   21.0056,       216,
   21.0258,       278,
    21.046,       288,
   21.0662,       268,
   21.0864,       278,
   21.1065,       261,
   21.1267,       242,
   21.1469,       225,
   21.1671,       221,
   21.1873,       182,
   21.2075,       223,
   21.2277,       185,
   21.2479,       205,
   21.2681,       216,
   21.2883,       212,
   21.3084,       222,
   21.3286,       218,
   21.3488,       194,
    21.369,       191,
   21.3892,       207,
   21.4094,       214,
   21.4296,       202,
   21.4498,       204,
     21.47,       197,
   21.4902,       186,
   21.5104,       198,
   21.5305,       183,
   21.5507,       221,
   21.5709,       188,
   21.5911,       183,
   21.6113,       193,
   21.6315,       199,
   21.6517,       224,
   21.6719,       210,
   21.6921,       188,
   21.7123,       232,
   21.7325,       205,
   21.7526,       234,
   21.7728,       230,
    21.793,       251,
   21.8132,       199,
   21.8334,       200,
   21.8536,       223,
   21.8738,       261,
    21.894,       229,
   21.9142,       239,
   21.9344,       237,
   21.9545,       243,
   21.9747,       260,
   21.9949,       346,
   22.0151,       344,
   22.0353,       316,
   22.0555,       337,
   22.0757,       293,
   22.0959,       272,
   22.1161,       279,
   22.1363,       229,
   22.1565,       248,
   22.1766,       236,
   22.1968,       255,
    22.217,       239,
   22.2372,       232,
   22.2574,       305,
   22.2776,       259,
   22.2978,       333,
    22.318,       423,
   22.3382,       732,
   22.3584,      1493,
   22.3785,      2550,
   22.3987,      4366,
   22.4189,      6766,
   22.4391,      5298,
   22.4593,      3319,
   22.4795,      3347,
   22.4997,      1778,
   22.5199,       591,
   22.5401,       356,
   22.5603,       292,
   22.5805,       269,
   22.6006,       247,
   22.6208,       235,
    22.641,       229,
   22.6612,       251,
   22.6814,       242,
   22.7016,       259,
   22.7218,       223,
    22.742,       204,
   22.7622,       242,
   22.7824,       230,
   22.8025,       194,
   22.8227,       206,
   22.8429,       202,
   22.8631,       192,
   22.8833,       206,
   22.9035,       184,
   22.9237,       204,
   22.9439,       186,
   22.9641,       209,
   22.9843,       204,
   23.0045,       197,
   23.0246,       182,
   23.0448,       183,
    23.065,       192,
   23.0852,       188,
   23.1054,       175,
   23.1256,       168,
   23.1458,       153,
    23.166,       170,
   23.1862,       178,
   23.2064,       200,
   23.2266,       180,
   23.2467,       159,
   23.2669,       176,
   23.2871,       169,
   23.3073,       152,
   23.3275,       196,
   23.3477,       182,
   23.3679,       184,
   23.3881,       203,
   23.4083,       150,
   23.4285,       185,
   23.4486,       179,
   23.4688,       177,
    23.489,       197,
   23.5092,       137,
   23.5294,       181,
   23.5496,       170,
   23.5698,       171,
     23.59,       185,
   23.6102,       192,
   23.6304,       170,
   23.6506,       137,
   23.6707,       146,
   23.6909,       161,
   23.7111,       194,
   23.7313,       174,
   23.7515,       194,
   23.7717,       176,
   23.7919,       195,
   23.8121,       206,
   23.8323,       190,
   23.8525,       173,
   23.8726,       168,
   23.8928,       140,
    23.913,       147,
   23.9332,       155,
   23.9534,       170,
   23.9736,       169,
   23.9938,       143,
    24.014,       171,
   24.0342,       162,
   24.0544,       147,
   24.0746,       151,
   24.0947,       143,
   24.1149,       162,
   24.1351,       167,
   24.1553,       168,
   24.1755,       155,
   24.1957,       148,
   24.2159,       151,
   24.2361,       174,
   24.2563,       157,
   24.2765,       145,
   24.2967,       140,
   24.3168,       151,
    24.337,       159,
   24.3572,       164,
   24.3774,       137,
   24.3976,       175,
   24.4178,       180,
    24.438,       162,
   24.4582,       146,
   24.4784,       147,
   24.4986,       151,
   24.5187,       145,
   24.5389,       147,
   24.5591,       165,
   24.5793,       153,
   24.5995,       150,
   24.6197,       127,
   24.6399,       154,
   24.6601,       135,
   24.6803,       161,
   24.7005,       146,
   24.7207,       126,
   24.7408,       164,
    24.761,       145,
   24.7812,       130,
   24.8014,       133,
   24.8216,       133,
   24.8418,       150,
    24.862,       128,
   24.8822,       143,
   24.9024,       141,
   24.9226,       151,
   24.9427,       168,
   24.9629,       159,
   24.9831,       184,
   25.0033,       177,
   25.0235,       173,
   25.0437,       160,
   25.0639,       147,
   25.0841,       164,
   25.1043,       155,
   25.1245,       143,
   25.1447,       141,
   25.1648,       137,
    25.185,       136,
   25.2052,       135,
   25.2254,       198,
   25.2456,       212,
   25.2658,       233,
    25.286,       249,
   25.3062,       293,
   25.3264,       241,
   25.3466,       197,
   25.3668,       168,
   25.3869,       145,
   25.4071,       129,
   25.4273,       146,
   25.4475,       129,
   25.4677,       153,
   25.4879,       175,
   25.5081,       142,
   25.5283,       144,
   25.5485,       163,
   25.5687,       153,
   25.5888,       136,
    25.609,       153,
   25.6292,       145,
   25.6494,       137,
   25.6696,       169,
   25.6898,       151,
     25.71,       164,
   25.7302,       161,
   25.7504,       147,
   25.7706,       149,
   25.7908,       136,
   25.8109,       160,
   25.8311,       117,
   25.8513,       144,
   25.8715,       150,
   25.8917,       152,
   25.9119,       163,
   25.9321,       145,
   25.9523,       126,
   25.9725,       126,
   25.9927,       128,
   26.0128,       131,
    26.033,       144,
   26.0532,       160,
   26.0734,       151,
   26.0936,       135,
   26.1138,       151,
    26.134,       162,
   26.1542,       142,
   26.1744,       160,
   26.1946,       180,
   26.2148,       174,
   26.2349,       227,
   26.2551,       282,
   26.2753,       333,
   26.2955,       360,
   26.3157,       356,
   26.3359,       269,
   26.3561,       251,
   26.3763,       214,
   26.3965,       168,
   26.4167,       160,
   26.4369,       143,
    26.457,       163,
   26.4772,       131,
   26.4974,       135,
   26.5176,       149,
   26.5378,       132,
    26.558,       140,
   26.5782,       154,
   26.5984,       155,
   26.6186,       159,
   26.6388,       136,
   26.6589,       153,
   26.6791,       145,
   26.6993,       140,
   26.7195,       136,
   26.7397,       139,
   26.7599,       156,
   26.7801,       159,
   26.8003,       168,
   26.8205,       163,
   26.8407,       163,
   26.8609,       140,
    26.881,       151,
   26.9012,       136,
   26.9214,       153,
   26.9416,       161,
   26.9618,       165,
    26.982,       158,
   27.0022,       171,
   27.0224,       235,
   27.0426,       268,
   27.0628,       312,
   27.0829,       331,
   27.1031,       330,
   27.1233,       336,
   27.1435,       358,
   27.1637,       374,
   27.1839,       324,
   27.2041,       335,
   27.2243,       347,
   27.2445,       337,
   27.2647,       354,
   27.2849,       352,
    27.305,       421,
   27.3252,       413,
   27.3454,       404,
   27.3656,       465,
   27.3858,       444,
    27.406,       580,
   27.4262,       666,
   27.4464,       879,
   27.4666,       900,
   27.4868,       792,
    27.507,       846,
   27.5271,       960,
   27.5473,      1140,
   27.5675,      1410,
   27.5877,      1668,
   27.6079,      1775,
   27.6281,      1825,
   27.6483,      1739,
   27.6685,      1591,
   27.6887,      1386,
   27.7089,      1176,
    27.729,      1041,
   27.7492,      1057,
   27.7694,      1038,
   27.7896,       999,
   27.8098,      1125,
     27.83,      1409,
   27.8502,      1755,
   27.8704,      2118,
   27.8906,      2894,
   27.9108,      4691,
    27.931,     10587,
   27.9511,     22127,
   27.9713,     36361,
   27.9915,     61337,
   28.0117,     70573,
   28.0319,     39916,
   28.0521,     28807,
   28.0723,     35700,
   28.0925,     24382,
   28.1127,      7383,
   28.1329,      2587,
    28.153,      1719,
   28.1732,      1326,
   28.1934,      1169,
   28.2136,      1072,
   28.2338,       974,
    28.254,       916,
   28.2742,       816,
   28.2944,       799,
   28.3146,       846,
   28.3348,       789,
    28.355,       698,
   28.3751,       602,
   28.3953,       534,
   28.4155,       513,
   28.4357,       463,
   28.4559,       414,
   28.4761,       397,
   28.4963,       367,
   28.5165,       333,
   28.5367,       362,
   28.5569,       349,
   28.5771,       333,
   28.5972,       339,
   28.6174,       335,
   28.6376,       327,
   28.6578,       332,
    28.678,       327,
   28.6982,       294,
   28.7184,       323,
   28.7386,       342,
   28.7588,       343,
    28.779,       321,
   28.7991,       278,
   28.8193,       311,
   28.8395,       283,
   28.8597,       287,
   28.8799,       318,
   28.9001,       263,
   28.9203,       280,
   28.9405,       268,
   28.9607,       279,
   28.9809,       300,
   29.0011,       292,
   29.0212,       270,
   29.0414,       271,
   29.0616,       276,
   29.0818,       305,
    29.102,       304,
   29.1222,       241,
   29.1424,       255,
   29.1626,       267,
   29.1828,       283,
    29.203,       258,
   29.2231,       257,
   29.2433,       246,
   29.2635,       275,
   29.2837,       269,
   29.3039,       254,
   29.3241,       243,
   29.3443,       247,
   29.3645,       229,
   29.3847,       253,
   29.4049,       245,
   29.4251,       234,
   29.4452,       247,
   29.4654,       239,
   29.4856,       241,
   29.5058,       239,
    29.526,       227,
   29.5462,       208,
   29.5664,       239,
   29.5866,       240,
   29.6068,       237,
    29.627,       277,
   29.6472,       225,
   29.6673,       235,
   29.6875,       277,
   29.7077,       329,
   29.7279,       297,
   29.7481,       286,
   29.7683,       277,
   29.7885,       269,
   29.8087,       268,
   29.8289,       257,
   29.8491,       254,
   29.8692,       233,
   29.8894,       215,
   29.9096,       248,
   29.9298,       246,
     29.95,       241,
   29.9702,       235,
   29.9904,       237,
   30.0106,       241,
   30.0308,       238,
    30.051,       250,
   30.0712,       222,
   30.0913,       246,
   30.1115,       228,
   30.1317,       258,
   30.1519,       253,
   30.1721,       241,
   30.1923,       266,
   30.2125,       256,
   30.2327,       255,
   30.2529,       289,
   30.2731,       350,
   30.2932,       369,
   30.3134,       389,
   30.3336,       508,
   30.3538,       560,
    30.374,       671,
   30.3942,       556,
   30.4144,       317,
   30.4346,       259,
   30.4548,       237,
    30.475,       260,
   30.4952,       257,
   30.5153,       229,
   30.5355,       226,
   30.5557,       228,
   30.5759,       226,
   30.5961,       206,
   30.6163,       232,
   30.6365,       178,
   30.6567,       236,
   30.6769,       185,
   30.6971,       214,
   30.7172,       222,
   30.7374,       196,
   30.7576,       187,
   30.7778,       223,
    30.798,       231,
   30.8182,       231,
   30.8384,       226,
   30.8586,       222,
   30.8788,       215,
    30.899,       216,
   30.9192,       228,
   30.9393,       204,
   30.9595,       196,
   30.9797,       237,
   30.9999,       209,
   31.0201,       231,
   31.0403,       243,
   31.0605,       212,
   31.0807,       240,
   31.1009,       235,
   31.1211,       208,
   31.1413,       222,
   31.1614,       246,
   31.1816,       210,
   31.2018,       228,
    31.222,       211,
   31.2422,       209,
   31.2624,       232,
   31.2826,       218,
   31.3028,       215,
    31.323,       234,
   31.3432,       231,
   31.3633,       234,
   31.3835,       286,
   31.4037,       327,
   31.4239,       281,
   31.4441,       372,
   31.4643,       402,
   31.4845,       549,
   31.5047,       789,
   31.5249,      1103,
   31.5451,      1459,
   31.5653,      1879,
   31.5854,      2039,
   31.6056,      1595,
   31.6258,      1192,
    31.646,      1079,
   31.6662,      1067,
   31.6864,       739,
   31.7066,       432,
   31.7268,       337,
    31.747,       253,
   31.7672,       262,
   31.7873,       235,
   31.8075,       202,
   31.8277,       201,
   31.8479,       225,
   31.8681,       229,
   31.8883,       224,
   31.9085,       206,
   31.9287,       216,
   31.9489,       212,
   31.9691,       187,
   31.9893,       225,
   32.0094,       194,
   32.0296,       198,
   32.0498,       196,
     32.07,       197,
   32.0902,       223,
   32.1104,       185,
   32.1306,       232,
   32.1508,       230,
    32.171,       208,
   32.1912,       204,
   32.2114,       247,
   32.2315,       204,
   32.2517,       204,
   32.2719,       204,
   32.2921,       237,
   32.3123,       233,
   32.3325,       201,
   32.3527,       227,
   32.3729,       225,
   32.3931,       242,
   32.4133,       272,
   32.4334,       283,
   32.4536,       295,
   32.4738,       378,
    32.494,       426,
   32.5142,       489,
   32.5344,       539,
   32.5546,       581,
   32.5748,       550,
    32.595,       572,
   32.6152,       590,
   32.6354,       557,
   32.6555,       616,
   32.6757,       569,
   32.6959,       567,
   32.7161,       599,
   32.7363,       617,
   32.7565,       624,
   32.7767,       594,
   32.7969,       611,
   32.8171,       617,
   32.8373,       610,
   32.8574,       571,
   32.8776,       602,
   32.8978,       666,
    32.918,       712,
   32.9382,       648,
   32.9584,       710,
   32.9786,       776,
   32.9988,       835,
    33.019,       992,
   33.0392,      1080,
   33.0594,      1226,
   33.0795,      1428,
   33.0997,      1927,
   33.1199,      2275,
   33.1401,      2232,
   33.1603,      2011,
   33.1805,      2258,
   33.2007,      2749,
   33.2209,      3395,
   33.2411,      3938,
   33.2613,      4289,
   33.2815,      4176,
   33.3016,      3977,
   33.3218,      3942,
    33.342,      3817,
   33.3622,      3303,
   33.3824,      3075,
   33.4026,      3023,
   33.4228,      2922,
    33.443,      3104,
   33.4632,      3876,
   33.4834,      5501,
   33.5035,      6345,
   33.5237,      6646,
   33.5439,      8552,
   33.5641,     14438,
   33.5843,     31904,
   33.6045,     61304,
   33.6247,     99239,
   33.6449,    146801,
   33.6651,    130182,
   33.6853,     69187,
   33.7055,     55830,
   33.7256,     72569,
   33.7458,     71394,
    33.766,     32251,
   33.7862,     10373,
   33.8064,      5317,
   33.8266,      3680,
   33.8468,      2887,
    33.867,      2558,
   33.8872,      2252,
   33.9074,      2101,
   33.9275,      2020,
   33.9477,      1920,
   33.9679,      1778,
   33.9881,      1671,
   34.0083,      1511,
   34.0285,      1273,
   34.0487,      1135,
   34.0689,      1088,
   34.0891,      1008,
   34.1093,       824,
   34.1295,       841,
   34.1496,       760,
   34.1698,       769,
     34.19,       754,
   34.2102,       667,
   34.2304,       673,
   34.2506,       636,
   34.2708,       654,
    34.291,       602,
   34.3112,       605,
   34.3314,       580,
   34.3516,       609,
   34.3717,       562,
   34.3919,       609,
   34.4121,       560,
   34.4323,       532,
   34.4525,       572,
   34.4727,       536,
   34.4929,       541,
   34.5131,       514,
   34.5333,       541,
   34.5535,       563,
   34.5736,       475,
   34.5938,       495,
    34.614,       557,
   34.6342,       488,
   34.6544,       503,
   34.6746,       511,
   34.6948,       494,
    34.715,       479,
   34.7352,       492,
   34.7554,       439,
   34.7756,       473,
   34.7957,       474,
   34.8159,       476,
   34.8361,       478,
   34.8563,       425,
   34.8765,       477,
   34.8967,       446,
   34.9169,       446,
   34.9371,       489,
   34.9573,       467,
   34.9775,       443,
   34.9976,       452,
   35.0178,       442,
    35.038,       461,
   35.0582,       429,
   35.0784,       455,
   35.0986,       468,
   35.1188,       483,
    35.139,       481,
   35.1592,       432,
   35.1794,       445,
   35.1996,       457,
   35.2197,       422,
   35.2399,       464,
   35.2601,       418,
   35.2803,       436,
   35.3005,       391,
   35.3207,       428,
   35.3409,       407,
   35.3611,       392,
   35.3813,       430,
   35.4015,       416,
   35.4217,       455,
   35.4418,       465,
    35.462,       519,
   35.4822,       604,
   35.5024,       657,
   35.5226,       721,
   35.5428,       500,
    35.563,       451,
   35.5832,       398,
   35.6034,       382,
   35.6236,       404,
   35.6437,       411,
   35.6639,       411,
   35.6841,       377,
   35.7043,       361,
   35.7245,       373,
   35.7447,       414,
   35.7649,       402,
   35.7851,       383,
   35.8053,       383,
   35.8255,       413,
   35.8457,       347,
   35.8658,       369,
    35.886,       359,
   35.9062,       330,
   35.9264,       352,
   35.9466,       360,
   35.9668,       369,
    35.987,       314,
   36.0072,       328,
   36.0274,       318,
   36.0476,       341,
   36.0677,       343,
   36.0879,       357,
   36.1081,       368,
   36.1283,       349,
   36.1485,       342,
   36.1687,       340,
   36.1889,       354,
   36.2091,       316,
   36.2293,       361,
   36.2495,       328,
   36.2697,       339,
   36.2898,       317,
     36.31,       366,
   36.3302,       355,
   36.3504,       313,
   36.3706,       347,
   36.3908,       372,
    36.411,       366,
   36.4312,       347,
   36.4514,       338,
   36.4716,       363,
   36.4918,       351,
   36.5119,       390,
   36.5321,       347,
   36.5523,       345,
   36.5725,       372,
   36.5927,       305,
   36.6129,       357,
   36.6331,       342,
   36.6533,       327,
   36.6735,       367,
   36.6937,       347,
   36.7138,       345,
    36.734,       359,
   36.7542,       384,
   36.7744,       402,
   36.7946,       422,
   36.8148,       511,
    36.835,       616,
   36.8552,       811,
   36.8754,      1104,
   36.8956,      1390,
   36.9158,      1745,
   36.9359,      1860,
   36.9561,      1486,
   36.9763,      1068,
   36.9965,      1099,
   37.0167,      1135,
   37.0369,       959,
   37.0571,       653,
   37.0773,       442,
   37.0975,       427,
   37.1177,       372,
   37.1378,       354,
    37.158,       324,
   37.1782,       296,
   37.1984,       291,
   37.2186,       317,
   37.2388,       316,
    37.259,       290,
   37.2792,       315,
   37.2994,       248,
   37.3196,       276,
   37.3398,       326,
   37.3599,       288,
   37.3801,       276,
   37.4003,       301,
   37.4205,       279,
   37.4407,       342,
   37.4609,       342,
   37.4811,       325,
   37.5013,       322,
   37.5215,       417,
   37.5417,       509,
   37.5619,       571,
    37.582,       443,
   37.6022,       371,
   37.6224,       366,
   37.6426,       413,
   37.6628,       399,
    37.683,       347,
   37.7032,       294,
   37.7234,       290,
   37.7436,       303,
   37.7638,       248,
   37.7839,       277,
   37.8041,       270,
   37.8243,       271,
   37.8445,       325,
   37.8647,       318,
   37.8849,       309,
   37.9051,       317,
   37.9253,       289,
   37.9455,       297,
   37.9657,       287,
   37.9859,       363,
    38.006,       437,
   38.0262,       499,
   38.0464,       521,
   38.0666,       471,
   38.0868,       480,
    38.107,       554,
   38.1272,       525,
   38.1474,       546,
   38.1676,       580,
   38.1878,       557,
   38.2079,       551,
   38.2281,       558,
   38.2483,       557,
   38.2685,       552,
   38.2887,       520,
   38.3089,       534,
   38.3291,       518,
   38.3493,       565,
   38.3695,       552,
   38.3897,       586,
   38.4099,       538,
     38.43,       607,
   38.4502,       593,
   38.4704,       547,
   38.4906,       588,
   38.5108,       555,
    38.531,       564,
   38.5512,       580,
   38.5714,       600,
   38.5916,       575,
   38.6118,       606,
   38.6319,       620,
   38.6521,       627,
   38.6723,       698,
   38.6925,       708,
   38.7127,       669,
   38.7329,       746,
   38.7531,       849,
   38.7733,       900,
   38.7935,       959,
   38.8137,      1227,
   38.8339,      1527,
    38.854,      1885,
   38.8742,      2151,
   38.8944,      1873,
   38.9146,      1935,
   38.9348,      2238,
    38.955,      2733,
   38.9752,      3451,
   38.9954,      3702,
   39.0156,      3697,
   39.0358,      3336,
    39.056,      3181,
   39.0761,      3272,
   39.0963,      3064,
   39.1165,      3044,
   39.1367,      3000,
   39.1569,      3132,
   39.1771,      3395,
   39.1973,      3969,
   39.2175,      5037,
   39.2377,      5922,
   39.2579,      6065,
    39.278,      7213,
   39.2982,     10965,
   39.3184,     20469,
   39.3386,     40661,
   39.3588,     75597,
    39.379,    114951,
   39.3992,    100966,
   39.4194,     47068,
   39.4396,     30576,
   39.4598,     42096,
     39.48,     59896,
   39.5001,     49152,
   39.5203,     20466,
   39.5405,      7476,
   39.5607,      3994,
   39.5809,      3041,
   39.6011,      2451,
   39.6213,      2036,
   39.6415,      1832,
   39.6617,      1786,
   39.6819,      1602,
    39.702,      1518,
   39.7222,      1442,
   39.7424,      1287,
   39.7626,      1076,
   39.7828,      1001,
    39.803,      1057,
   39.8232,       899,
   39.8434,       842,
   39.8636,       721,
   39.8838,       681,
    39.904,       684,
   39.9241,       667,
   39.9443,       651,
   39.9645,       665,
   39.9847,       618,
   40.0049,       615,
   40.0251,       543,
   40.0453,       548,
   40.0655,       557,
   40.0857,       549,
   40.1059,       545,
   40.1261,       550,
   40.1462,       514,
   40.1664,       515,
   40.1866,       502,
   40.2068,       495,
    40.227,       463,
   40.2472,       469,
   40.2674,       452,
   40.2876,       486,
   40.3078,       433,
    40.328,       427,
   40.3481,       446,
   40.3683,       436,
   40.3885,       459,
   40.4087,       449,
   40.4289,       432,
   40.4491,       463,
   40.4693,       395,
   40.4895,       407,
   40.5097,       397,
   40.5299,       396,
   40.5501,       429,
   40.5702,       402,
   40.5904,       386,
   40.6106,       406,
   40.6308,       416,
    40.651,       391,
   40.6712,       443,
   40.6914,       468,
   40.7116,       510,
   40.7318,       481,
    40.752,       421,
   40.7721,       372,
   40.7923,       407,
   40.8125,       391,
   40.8327,       341,
   40.8529,       379,
   40.8731,       349,
   40.8933,       371,
   40.9135,       334,
   40.9337,       334,
   40.9539,       367,
   40.9741,       339,
   40.9942,       299,
   41.0144,       387,
   41.0346,       368,
   41.0548,       312,
    41.075,       330,
   41.0952,       317,
   41.1154,       328,
   41.1356,       331,
   41.1558,       317,
    41.176,       340,
   41.1962,       315,
   41.2163,       353,
   41.2365,       314,
   41.2567,       333,
   41.2769,       302,
   41.2971,       340,
   41.3173,       294,
   41.3375,       338,
   41.3577,       319,
   41.3779,       294,
   41.3981,       315,
   41.4182,       280,
   41.4384,       312,
   41.4586,       312,
   41.4788,       319,
    41.499,       317,
   41.5192,       301,
   41.5394,       257,
   41.5596,       321,
   41.5798,       295,
      41.6,       300,
   41.6202,       328,
   41.6403,       323,
   41.6605,       316,
   41.6807,       317,
   41.7009,       322,
   41.7211,       291,
   41.7413,       292,
   41.7615,       292,
   41.7817,       335,
   41.8019,       328,
   41.8221,       341,
   41.8422,       335,
   41.8624,       322,
   41.8826,       373,
   41.9028,       356,
    41.923,       366,
   41.9432,       345,
   41.9634,       296,
   41.9836,       319,
   42.0038,       320,
    42.024,       304,
   42.0442,       296,
   42.0643,       337,
   42.0845,       325,
   42.1047,       311,
   42.1249,       311,
   42.1451,       295,
   42.1653,       342,
   42.1855,       328,
   42.2057,       344,
   42.2259,       323,
   42.2461,       361,
   42.2663,       434,
   42.2864,       455,
   42.3066,       585,
   42.3268,       711,
    42.347,       871,
   42.3672,       920,
   42.3874,       744,
   42.4076,       633,
   42.4278,       569,
    42.448,       573,
   42.4682,       609,
   42.4883,       542,
   42.5085,       497,
   42.5287,       375,
   42.5489,       325,
   42.5691,       305,
   42.5893,       302,
   42.6095,       295,
   42.6297,       298,
   42.6499,       272,
   42.6701,       259,
   42.6903,       297,
   42.7104,       283,
   42.7306,       256,
   42.7508,       253,
    42.771,       285,
   42.7912,       225,
   42.8114,       242,
   42.8316,       215,
   42.8518,       269,
    42.872,       255,
   42.8922,       278,
   42.9123,       251,
   42.9325,       227,
   42.9527,       251,
   42.9729,       290,
   42.9931,       257,
   43.0133,       248,
   43.0335,       253,
   43.0537,       229,
   43.0739,       263,
   43.0941,       237,
   43.1143,       244,
   43.1344,       254,
   43.1546,       237,
   43.1748,       219,
    43.195,       251,
   43.2152,       251,
   43.2354,       230,
   43.2556,       251,
   43.2758,       256,
    43.296,       249,
   43.3162,       234,
   43.3364,       268,
   43.3565,       226,
   43.3767,       226,
   43.3969,       218,
   43.4171,       261,
   43.4373,       246,
   43.4575,       233,
   43.4777,       255,
   43.4979,       257,
   43.5181,       237,
   43.5383,       245,
   43.5584,       234,
   43.5786,       256,
   43.5988,       245,
    43.619,       298,
   43.6392,       306,
   43.6594,       334,
   43.6796,       306,
   43.6998,       332,
     43.72,       290,
   43.7402,       316,
   43.7604,       316,
   43.7805,       272,
   43.8007,       311,
   43.8209,       295,
   43.8411,       307,
   43.8613,       327,
   43.8815,       338,
   43.9017,       316,
   43.9219,       317,
   43.9421,       323,
   43.9623,       302,
   43.9824,       309,
   44.0026,       327,
   44.0228,       335,
    44.043,       371,
   44.0632,       353,
   44.0834,       301,
   44.1036,       302,
   44.1238,       324,
    44.144,       300,
   44.1642,       300,
   44.1844,       315,
   44.2045,       321,
   44.2247,       323,
   44.2449,       295,
   44.2651,       302,
   44.2853,       336,
   44.3055,       315,
   44.3257,       321,
   44.3459,       330,
   44.3661,       370,
   44.3863,       309,
   44.4065,       322,
   44.4266,       320,
   44.4468,       347,
    44.467,       358,
   44.4872,       331,
   44.5074,       351,
   44.5276,       336,
   44.5478,       352,
    44.568,       393,
   44.5882,       411,
   44.6084,       444,
   44.6285,       461,
   44.6487,       531,
   44.6689,       645,
   44.6891,       863,
   44.7093,      1019,
   44.7295,       948,
   44.7497,       923,
   44.7699,       989,
   44.7901,      1158,
   44.8103,      1457,
   44.8305,      1660,
   44.8506,      1659,
   44.8708,      1640,
    44.891,      1556,
   44.9112,      1459,
   44.9314,      1397,
   44.9516,      1365,
   44.9718,      1523,
    44.992,      1646,
   45.0122,      1740,
   45.0324,      1803,
   45.0525,      2168,
   45.0727,      2541,
   45.0929,      2887,
   45.1131,      3262,
   45.1333,      4138,
   45.1535,      6314,
   45.1737,     11143,
   45.1939,     23579,
   45.2141,     41896,
   45.2343,     40071,
   45.2545,     18975,
   45.2746,      8580,
   45.2948,      8147,
    45.315,     14169,
   45.3352,     21864,
   45.3554,     18965,
   45.3756,      8582,
   45.3958,      3290,
    45.416,      1857,
   45.4362,      1332,
   45.4564,      1051,
   45.4766,       975,
   45.4967,       783,
   45.5169,       810,
   45.5371,       755,
   45.5573,       709,
   45.5775,       616,
   45.5977,       546,
   45.6179,       528,
   45.6381,       490,
   45.6583,       461,
   45.6785,       445,
   45.6986,       380,
   45.7188,       420,
    45.739,       373,
   45.7592,       365,
   45.7794,       354,
   45.7996,       325,
   45.8198,       269,
     45.84,       294,
   45.8602,       320,
   45.8804,       325,
   45.9006,       319,
   45.9207,       293,
   45.9409,       353,
   45.9611,       302,
   45.9813,       296,
   46.0015,       304,
   46.0217,       281,
   46.0419,       297,
   46.0621,       308,
   46.0823,       311,
   46.1025,       249,
   46.1226,       261,
   46.1428,       278,
    46.163,       223,
   46.1832,       252,
   46.2034,       253,
   46.2236,       271,
   46.2438,       240,
    46.264,       285,
   46.2842,       249,
   46.3044,       257,
   46.3246,       263,
   46.3447,       285,
   46.3649,       253,
   46.3851,       241,
   46.4053,       224,
   46.4255,       273,
   46.4457,       199,
   46.4659,       243,
   46.4861,       244,
   46.5063,       219,
   46.5265,       213,
   46.5467,       212,
   46.5668,       237,
    46.587,       232,
   46.6072,       228,
   46.6274,       200,
   46.6476,       215,
   46.6678,       227,
    46.688,       190,
   46.7082,       207,
   46.7284,       195,
   46.7486,       201,
   46.7687,       206,
   46.7889,       182,
   46.8091,       214,
   46.8293,       212,
   46.8495,       215,
   46.8697,       224,
   46.8899,       186,
   46.9101,       197,
   46.9303,       206,
   46.9505,       193,
   46.9707,       188,
   46.9908,       213,
    47.011,       180,
   47.0312,       190,
   47.0514,       232,
   47.0716,       207,
   47.0918,       201,
    47.112,       191,
   47.1322,       222,
   47.1524,       190,
   47.1726,       180,
   47.1927,       175,
   47.2129,       192,
   47.2331,       165,
   47.2533,       205,
   47.2735,       172,
   47.2937,       180,
   47.3139,       177,
   47.3341,       177,
   47.3543,       178,
   47.3745,       206,
   47.3947,       170,
   47.4148,       196,
    47.435,       155,
   47.4552,       186,
   47.4754,       174,
   47.4956,       169,
   47.5158,       162,
    47.536,       185,
   47.5562,       185,
   47.5764,       189,
   47.5966,       160,
   47.6167,       186,
   47.6369,       166,
   47.6571,       141,
   47.6773,       173,
   47.6975,       152,
   47.7177,       153,
   47.7379,       176,
   47.7581,       179,
   47.7783,       178,
   47.7985,       186,
   47.8187,       145,
   47.8388,       169,
    47.859,       177,
   47.8792,       172,
   47.8994,       190,
   47.9196,       180,
   47.9398,       159,
     47.96,       156,
   47.9802,       146,
   48.0004,       171,
   48.0206,       163,
   48.0408,       171,
   48.0609,       170,
   48.0811,       168,
   48.1013,       156,
   48.1215,       149,
   48.1417,       163,
   48.1619,       167,
   48.1821,       142,
   48.2023,       179,
   48.2225,       152,
   48.2427,       141,
   48.2628,       190,
    48.283,       144,
   48.3032,       168,
   48.3234,       153,
   48.3436,       157,
   48.3638,       132,
    48.384,       160,
   48.4042,       170,
   48.4244,       147,
   48.4446,       139,
   48.4648,       176,
   48.4849,       154,
   48.5051,       159,
   48.5253,       144,
   48.5455,       147,
   48.5657,       150,
   48.5859,       155,
   48.6061,       157,
   48.6263,       174,
   48.6465,       162,
   48.6667,       149,
   48.6868,       157,
    48.707,       149,
   48.7272,       149,
   48.7474,       158,
   48.7676,       176,
   48.7878,       131,
    48.808,       161,
   48.8282,       148,
   48.8484,       160,
   48.8686,       157,
   48.8888,       146,
   48.9089,       162,
   48.9291,       157,
   48.9493,       151,
   48.9695,       158,
   48.9897,       151,
   49.0099,       158,
   49.0301,       150,
   49.0503,       163,
   49.0705,       154,
   49.0907,       132,
   49.1109,       140,
    49.131,       147,
   49.1512,       155,
   49.1714,       131,
   49.1916,       149,
   49.2118,       167,
    49.232,       147,
   49.2522,       137,
   49.2724,       151,
   49.2926,       172,
   49.3128,       150,
   49.3329,       165,
   49.3531,       146,
   49.3733,       163,
   49.3935,       172,
   49.4137,       151,
   49.4339,       185,
   49.4541,       151,
   49.4743,       156,
   49.4945,       142,
   49.5147,       155,
   49.5349,       135,
    49.555,       164,
   49.5752,       156,
   49.5954,       130,
   49.6156,       152,
   49.6358,       160,
    49.656,       152,
   49.6762,       158,
   49.6964,       177,
   49.7166,       158,
   49.7368,       121,
   49.7569,       158,
   49.7771,       159,
   49.7973,       148,
   49.8175,       129,
   49.8377,       157,
   49.8579,       150,
   49.8781,       160,
   49.8983,       149,
   49.9185,       149,
   49.9387,       160,
   49.9589,       141,
    49.979,       166,
   49.9992,       136,
   50.0194,       156,
   50.0396,       176,
   50.0598,       163,
     50.08,       157,
   50.1002,       143,
   50.1204,       138,
   50.1406,       143,
   50.1608,       146,
    50.181,       131,
   50.2011,       144,
   50.2213,       141,
   50.2415,       139,
   50.2617,       146,
   50.2819,       169,
   50.3021,       139,
   50.3223,       152,
   50.3425,       155,
   50.3627,       140,
   50.3829,       153,
    50.403,       177,
   50.4232,       151,
   50.4434,       183,
   50.4636,       175,
   50.4838,       137,
    50.504,       152,
   50.5242,       154,
   50.5444,       165,
   50.5646,       157,
   50.5848,       180,
    50.605,       189,
   50.6251,       213,
   50.6453,       182,
   50.6655,       225,
   50.6857,       280,
   50.7059,       264,
   50.7261,       305,
   50.7463,       242,
   50.7665,       292,
   50.7867,       329,
   50.8069,       342,
    50.827,       358,
   50.8472,       345,
   50.8674,       272,
   50.8876,       321,
   50.9078,       302,
    50.928,       309,
   50.9482,       318,
   50.9684,       324,
   50.9886,       335,
   51.0088,       304,
    51.029,       349,
   51.0491,       320,
   51.0693,       308,
   51.0895,       406,
   51.1097,       552,
   51.1299,       884,
   51.1501,      1883,
   51.1703,      3718,
   51.1905,      4809,
   51.2107,      3002,
   51.2309,      1303,
   51.2511,       774,
   51.2712,       864,
   51.2914,      1376,
   51.3116,      2209,
   51.3318,      2188,
    51.352,      1163,
   51.3722,       567,
   51.3924,       354,
   51.4126,       305,
   51.4328,       239,
    51.453,       206,
   51.4731,       195,
   51.4933,       209,
   51.5135,       166,
   51.5337,       168,
   51.5539,       164,
   51.5741,       153,
   51.5943,       166,
   51.6145,       167,
   51.6347,       150,
   51.6549,       142,
   51.6751,       149,
   51.6952,       132,
   51.7154,       138,
   51.7356,       137,
   51.7558,       136,
    51.776,       119,
   51.7962,       112,
   51.8164,       129,
   51.8366,       126,
   51.8568,       126,
    51.877,       122,
   51.8971,       125,
   51.9173,       115,
   51.9375,       139,
   51.9577,       126,
   51.9779,       145,
   51.9981,       124,
   52.0183,       118,
   52.0385,       118,
   52.0587,       125,
   52.0789,       120,
   52.0991,       114,
   52.1192,       141,
   52.1394,       111,
   52.1596,       112,
   52.1798,       116,
      52.2,       118,
   52.2202,       117,
   52.2404,       128,
   52.2606,       123,
   52.2808,       117,
    52.301,       126,
   52.3212,       112,
   52.3413,       118,
   52.3615,       118,
   52.3817,       118,
   52.4019,       127,
   52.4221,       123,
   52.4423,       113,
   52.4625,        89,
   52.4827,       127,
   52.5029,       138,
   52.5231,       113,
   52.5432,       109,
   52.5634,       119,
   52.5836,       128,
   52.6038,       109,
    52.624,       112,
   52.6442,       122,
   52.6644,       117,
   52.6846,       132,
   52.7048,       106,
    52.725,        98,
   52.7452,       103,
   52.7653,       126,
   52.7855,       129,
   52.8057,        98,
   52.8259,       108,
   52.8461,       121,
   52.8663,       111,
   52.8865,       111,
   52.9067,       129,
   52.9269,       107,
   52.9471,        92,
   52.9672,       107,
   52.9874,        97,
   53.0076,       107,
   53.0278,       112,
    53.048,       113,
   53.0682,       109,
   53.0884,       116,
   53.1086,       110,
   53.1288,       109,
    53.149,       117,
   53.1692,       116,
   53.1893,       120,
   53.2095,       105,
   53.2297,       109,
   53.2499,       112,
   53.2701,       117,
   53.2903,       109,
   53.3105,       109,
   53.3307,        97,
   53.3509,       106,
   53.3711,       120,
   53.3913,       105,
   53.4114,       124,
   53.4316,       120,
   53.4518,       104,
    53.472,       125,
   53.4922,       133,
   53.5124,       137,
   53.5326,       175,
   53.5528,       170,
    53.573,       183,
   53.5932,       159,
   53.6133,       122,
   53.6335,       135,
   53.6537,       121,
   53.6739,       147,
   53.6941,       139,
   53.7143,       127,
   53.7345,       143,
   53.7547,       115,
   53.7749,       120,
   53.7951,       108,
   53.8153,       104,
   53.8354,       106,
   53.8556,       106,
   53.8758,       101,
    53.896,       122,
   53.9162,       102,
   53.9364,       104,
   53.9566,        94,
   53.9768,       108,
    53.997,        92,
   54.0172,       114,
   54.0373,       111,
   54.0575,       110,
   54.0777,       115,
   54.0979,       125,
   54.1181,       101,
   54.1383,        98,
   54.1585,       113,
   54.1787,       112,
   54.1989,       106,
   54.2191,       121,
   54.2393,       126,
   54.2594,       121,
   54.2796,       114,
   54.2998,       103,
     54.32,       116,
   54.3402,       111,
   54.3604,       106,
   54.3806,        93,
   54.4008,       121,
    54.421,       100,
   54.4412,        89,
   54.4614,       103,
   54.4815,       111,
   54.5017,       102,
   54.5219,       103,
   54.5421,       109,
   54.5623,       104,
   54.5825,        96,
   54.6027,        95,
   54.6229,       123,
   54.6431,       107,
   54.6633,       114,
   54.6834,       102,
   54.7036,       101,
   54.7238,       102,
    54.744,        97,
   54.7642,        92,
   54.7844,        85,
   54.8046,        98,
   54.8248,        98,
    54.845,       102,
   54.8652,        88,
   54.8854,        95,
   54.9055,        92,
   54.9257,        92,
   54.9459,        99,
   54.9661,        89,
   54.9863,        94,
   55.0065,        96,
   55.0267,       100,
   55.0469,       106,
   55.0671,        94,
   55.0873,        84,
   55.1074,        97,
   55.1276,       101,
   55.1478,       100,
    55.168,        96,
   55.1882,       106,
   55.2084,       101,
   55.2286,       102,
   55.2488,        90,
    55.269,        95,
   55.2892,       114,
   55.3094,       105,
   55.3295,       113,
   55.3497,       111,
   55.3699,       103,
   55.3901,        98,
   55.4103,       111,
   55.4305,       118,
   55.4507,       102,
   55.4709,       103,
   55.4911,        94,
   55.5113,       113,
   55.5314,        98,
   55.5516,       114,
   55.5718,       121,
    55.592,       107,
   55.6122,        99,
   55.6324,       106,
   55.6526,       116,
   55.6728,       116,
    55.693,       105,
   55.7132,       116,
   55.7334,       102,
   55.7535,       107,
   55.7737,       120,
   55.7939,       101,
   55.8141,       108,
   55.8343,       116,
   55.8545,       102,
   55.8747,       107,
   55.8949,       111,
   55.9151,       114,
   55.9353,       104,
   55.9555,       110,
   55.9756,       103,
   55.9958,       106,
    56.016,       119,
   56.0362,        98,
   56.0564,        97,
   56.0766,       100,
   56.0968,        94,
    56.117,       107,
   56.1372,       100,
   56.1574,        99,
   56.1775,        82,
   56.1977,       105,
   56.2179,       115,
   56.2381,       109,
   56.2583,       103,
   56.2785,       113,
   56.2987,        90,
   56.3189,       108,
   56.3391,       110,
   56.3593,       130,
   56.3795,       105,
   56.3996,       108,
   56.4198,       124,
     56.44,       126,
   56.4602,       106,
   56.4804,       108,
   56.5006,       116,
   56.5208,       112,
    56.541,       140,
   56.5612,       124,
   56.5814,       120,
   56.6015,       135,
   56.6217,       127,
   56.6419,       143,
   56.6621,       133,
   56.6823,       117,
   56.7025,       171,
   56.7227,       160,
   56.7429,       151,
   56.7631,       181,
   56.7833,       228,
   56.8035,       251,
   56.8236,       279,
   56.8438,       271,
    56.864,       289,
   56.8842,       304,
   56.9044,       315,
   56.9246,       387,
   56.9448,       380,
    56.965,       383,
   56.9852,       393,
   57.0054,       375,
   57.0256,       379,
   57.0457,       342,
   57.0659,       334,
   57.0861,       366,
   57.1063,       338,
   57.1265,       347,
   57.1467,       378,
   57.1669,       408,
   57.1871,       475,
   57.2073,       635,
   57.2275,       930,
   57.2476,      1712,
   57.2678,      3510,
    57.288,      6214,
   57.3082,      6607,
   57.3284,      3799,
   57.3486,      1720,
   57.3688,      1004,
    57.389,       949,
   57.4092,      1412,
   57.4294,      2339,
   57.4496,      3462,
   57.4697,      3016,
   57.4899,      1516,
   57.5101,       757,
   57.5303,       427,
   57.5505,       343,
   57.5707,       277,
   57.5909,       270,
   57.6111,       204,
   57.6313,       210,
   57.6515,       196,
   57.6716,       158,
   57.6918,       157,
    57.712,       150,
   57.7322,       150,
   57.7524,       153,
   57.7726,       153,
   57.7928,       150,
    57.813,       134,
   57.8332,       124,
   57.8534,       139,
   57.8736,       131,
   57.8937,       117,
   57.9139,       118,
   57.9341,       118,
   57.9543,       127,
   57.9745,       112,
   57.9947,       128,
   58.0149,       118,
   58.0351,       113,
   58.0553,        95,
   58.0755,       108,
   58.0957,       146,
   58.1158,       130,
    58.136,        98,
   58.1562,       114,
   58.1764,       110,
   58.1966,       116,
   58.2168,        91,
    58.237,       125,
   58.2572,        96,
   58.2774,        96,
   58.2976,       121,
   58.3177,        98,
   58.3379,       112,
   58.3581,       107,
   58.3783,       106,
   58.3985,       122,
   58.4187,       101,
   58.4389,       104,
   58.4591,        93,
   58.4793,       109,
   58.4995,       103,
   58.5197,       114,
   58.5398,       107,
     58.56,       103,
   58.5802,        96,
   58.6004,       108,
   58.6206,       109,
   58.6408,       107,
    58.661,        94,
   58.6812,        96,
   58.7014,       109,
   58.7216,        98,
   58.7417,        96,
   58.7619,       114,
   58.7821,       100,
   58.8023,        92,
   58.8225,        96,
   58.8427,        86,
   58.8629,       103,
   58.8831,       102,
   58.9033,        92,
   58.9235,        77,
   58.9437,        97,
   58.9638,        84,
    58.984,        77,
   59.0042,        87,
   59.0244,       105,
   59.0446,        89,
   59.0648,        95,
    59.085,        93,
   59.1052,        82,
   59.1254,       107,
   59.1456,        94,
   59.1658,        95,
   59.1859,        87,
   59.2061,        91,
   59.2263,        88,
   59.2465,        89,
   59.2667,        98,
   59.2869,        90,
   59.3071,       109,
   59.3273,        89,
   59.3475,        89,
   59.3677,        96,
   59.3878,        98,
    59.408,       101,
   59.4282,        92,
   59.4484,        84,
   59.4686,        91,
   59.4888,        91,
    59.509,        84,
   59.5292,        98,
   59.5494,       106,
   59.5696,        88,
   59.5898,        97,
   59.6099,       101,
   59.6301,        88,
   59.6503,        98,
   59.6705,        99,
   59.6907,       104,
   59.7109,       110,
   59.7311,        93,
   59.7513,       106,
   59.7715,       110,
   59.7917,        95,
   59.8118,       114,
    59.832,       124,
   59.8522,        96,
   59.8724,       111,
   59.8926,        89,
   59.9128,       108,
    59.933,       105,
   59.9532,       115,
   59.9734,        95,
   59.9936,       107,
   60.0138,        99,
   60.0339,        93,
   60.0541,        92,
   60.0743,        99,
   60.0945,        73,
   60.1147,        96,
   60.1349,        98,
   60.1551,        91,
   60.1753,        80,
   60.1955,       105,
   60.2157,        97,
   60.2359,        97,
    60.256,        96,
   60.2762,        83,
   60.2964,       102,
   60.3166,        89,
   60.3368,        79,
    60.357,        88,
   60.3772,       110,
   60.3974,       109,
   60.4176,        89,
   60.4378,        97,
   60.4579,       105,
   60.4781,       117,
   60.4983,       105,
   60.5185,       108,
   60.5387,       113,
   60.5589,        93,
   60.5791,        82,
   60.5993,        91,
   60.6195,        88,
   60.6397,        98,
   60.6599,       117,
     60.68,       119,
   60.7002,       110,
   60.7204,        95,
   60.7406,        77,
   60.7608,       106,
    60.781,        97,
   60.8012,        88,
   60.8214,        77,
   60.8416,        95,
   60.8618,        77,
   60.8819,        93,
   60.9021,        95,
   60.9223,        76,
   60.9425,       103,
   60.9627,        77,
   60.9829,        77,
   61.0031,        78,
   61.0233,        88,
   61.0435,        96,
   61.0637,        80,
   61.0839,        93,
    61.104,        88,
   61.1242,        85,
   61.1444,        77,
   61.1646,        93,
   61.1848,        90,
    61.205,        84,
   61.2252,        86,
   61.2454,        95,
   61.2656,        90,
   61.2858,        94,
    61.306,        88,
   61.3261,       103,
   61.3463,        89,
   61.3665,        98,
   61.3867,        98,
   61.4069,        88,
   61.4271,        88,
   61.4473,        82,
   61.4675,        98,
   61.4877,        83,
   61.5079,        80,
    61.528,        85,
   61.5482,        89,
   61.5684,        83,
   61.5886,       100,
   61.6088,        95,
    61.629,        86,
   61.6492,        94,
   61.6694,        96,
   61.6896,        90,
   61.7098,        89,
     61.73,        88,
   61.7501,        92,
   61.7703,        97,
   61.7905,        91,
   61.8107,        86,
   61.8309,        82,
   61.8511,        89,
   61.8713,        90,
   61.8915,        91,
   61.9117,       103,
   61.9319,        98,
    61.952,        79,
   61.9722,        78,
   61.9924,        91,
   62.0126,        76,
   62.0328,        81,
    62.053,        96,
   62.0732,       102,
   62.0934,        86,
   62.1136,        85,
   62.1338,        90,
    62.154,        90,
   62.1741,        79,
   62.1943,        97,
   62.2145,       111,
   62.2347,        95,
   62.2549,        89,
   62.2751,        93,
   62.2953,        73,
   62.3155,        84,
   62.3357,        78,
   62.3559,        92,
   62.3761,        88,
   62.3962,        86,
   62.4164,        81,
   62.4366,       100,
   62.4568,        75,
    62.477,        81,
   62.4972,        81,
   62.5174,        87,
   62.5376,        99,
   62.5578,       100,
    62.578,       119,
   62.5981,        92,
   62.6183,        98,
   62.6385,        81,
   62.6587,       105,
   62.6789,        84,
   62.6991,        84,
   62.7193,        73,
   62.7395,        78,
   62.7597,        90,
   62.7799,        97,
   62.8001,        76,
   62.8202,        75,
   62.8404,       101,
   62.8606,        80,
   62.8808,        94,
    62.901,        84,
   62.9212,        85,
   62.9414,        90,
   62.9616,        83,
   62.9818,        71,
    63.002,        76,
   63.0221,        74,
   63.0423,        69,
   63.0625,        70,
   63.0827,        82,
   63.1029,        95,
   63.1231,        66,
   63.1433,        80,
   63.1635,        70,
   63.1837,        83,
   63.2039,        76,
   63.2241,        88,
   63.2442,        74,
   63.2644,        86,
   63.2846,        90,
   63.3048,        86,
    63.325,        82,
   63.3452,        97,
   63.3654,        70,
   63.3856,        81,
   63.4058,        74,
    63.426,        89,
   63.4462,        80,
   63.4663,        89,
   63.4865,        96,
   63.5067,        98,
   63.5269,        84,
   63.5471,       100,
   63.5673,       138,
   63.5875,       164,
   63.6077,       152,
   63.6279,       139,
   63.6481,        83,
   63.6682,        84,
   63.6884,        99,
   63.7086,        89,
   63.7288,       106,
    63.749,       114,
   63.7692,       117,
   63.7894,       116,
   63.8096,        99,
   63.8298,        87,
     63.85,        87,
   63.8702,        85,
   63.8903,        82,
   63.9105,        76,
   63.9307,        62,
   63.9509,        80,
   63.9711,        85,
   63.9913,        69,
   64.0115,        72,
   64.0317,        84,
   64.0519,        76,
   64.0721,        90,
   64.0922,        85,
   64.1124,        98,
   64.1326,        90,
   64.1528,        84,
    64.173,        97,
   64.1932,        88,
   64.2134,        89,
   64.2336,        77,
   64.2538,        88,
    64.274,        73,
   64.2942,        77,
   64.3143,        81,
   64.3345,        80,
   64.3547,        65,
   64.3749,        69,
   64.3951,        78,
   64.4153,        84,
   64.4355,        81,
   64.4557,        68,
   64.4759,        69,
   64.4961,        79,
   64.5162,        71,
   64.5364,        75,
   64.5566,        74,
   64.5768,        84,
    64.597,        81,
   64.6172,        82,
   64.6374,        78,
   64.6576,        70,
   64.6778,        74,
    64.698,        78,
   64.7182,        75,
   64.7383,        80,
   64.7585,        94,
   64.7787,        88,
   64.7989,        88,
   64.8191,        94,
   64.8393,        74,
   64.8595,        73,
   64.8797,        88,
   64.8999,        64,
   64.9201,        73,
   64.9403,        69,
   64.9604,        72,
   64.9806,        65,
   65.0008,        68,
    65.021,        86,
   65.0412,        91,
   65.0614,        68,
   65.0816,        69,
   65.1018,        80,
    65.122,        80,
   65.1422,        73,
   65.1623,        80,
   65.1825,        75,
   65.2027,        74,
   65.2229,        77,
   65.2431,        74,
   65.2633,        84,
   65.2835,        83,
   65.3037,        72,
   65.3239,        86,
   65.3441,        70,
   65.3643,        79,
   65.3844,        75,
   65.4046,        83,
   65.4248,        96,
    65.445,        76,
   65.4652,        66,
   65.4854,        60,
   65.5056,        75,
   65.5258,        80,
    65.546,        87,
   65.5662,        80,
   65.5863,        60,
   65.6065,        83,
   65.6267,        77,
   65.6469,        82,
   65.6671,        87,
   65.6873,        73,
   65.7075,        80,
   65.7277,        72,
   65.7479,        86,
   65.7681,        78,
   65.7883,        70,
   65.8084,        69,
   65.8286,        65,
   65.8488,        70,
    65.869,        68,
   65.8892,        62,
   65.9094,        82,
   65.9296,        76,
   65.9498,        61,
     65.97,        85,
   65.9902,        65,
   66.0104,        71,
   66.0305,        70,
   66.0507,        97,
   66.0709,        79,
   66.0911,        80,
   66.1113,        70,
   66.1315,        84,
   66.1517,        81,
   66.1719,        77,
   66.1921,        93,
   66.2123,        77,
   66.2324,        77,
   66.2526,        63,
   66.2728,        94,
    66.293,        80,
   66.3132,        77,
   66.3334,        76,
   66.3536,        71,
   66.3738,        77,
    66.394,        68,
   66.4142,        97,
   66.4344,        82,
   66.4545,        81,
   66.4747,        73,
   66.4949,        49,
   66.5151,        63,
   66.5353,        82,
   66.5555,        80,
   66.5757,        86,
   66.5959,        82,
   66.6161,        60,
   66.6363,        94,
   66.6564,        70,
   66.6766,        81,
   66.6968,        85,
    66.717,        82,
   66.7372,        78,
   66.7574,        73,
   66.7776,        93,
   66.7978,        85,
    66.818,        62,
   66.8382,        80,
   66.8584,        72,
   66.8785,        77,
   66.8987,        69,
   66.9189,        73,
   66.9391,        78,
   66.9593,        78,
   66.9795,        83,
   66.9997,        75,
   67.0199,        78,
   67.0401,        69,
   67.0603,        91,
   67.0805,        85,
   67.1006,        73,
   67.1208,        63,
    67.141,        73,
   67.1612,        78,
   67.1814,        84,
   67.2016,        80,
   67.2218,        93,
    67.242,        83,
   67.2622,        83,
   67.2824,        93,
   67.3025,        92,
   67.3227,        60,
   67.3429,        79,
   67.3631,        70,
   67.3833,        83,
   67.4035,        87,
   67.4237,        76,
   67.4439,        80,
   67.4641,        69,
   67.4843,        78,
   67.5045,        63,
   67.5246,        73,
   67.5448,        98,
    67.565,        61,
   67.5852,        74,
   67.6054,        85,
   67.6256,        70,
   67.6458,        74,
    67.666,        75,
   67.6862,        86,
   67.7064,        76,
   67.7265,        77,
   67.7467,        90,
   67.7669,        95,
   67.7871,        73,
   67.8073,        75,
   67.8275,        77,
   67.8477,        89,
   67.8679,        83,
   67.8881,        86,
   67.9083,        81,
   67.9285,        68,
   67.9486,        81,
   67.9688,        88,
    67.989,        75,
   68.0092,       103,
   68.0294,        95,
   68.0496,        77,
   68.0698,        92,
     68.09,        86,
   68.1102,        91,
   68.1304,        70,
   68.1506,        73,
   68.1707,        96,
   68.1909,        83,
   68.2111,        73,
   68.2313,        95,
   68.2515,        74,
   68.2717,        88,
   68.2919,        78,
   68.3121,        73,
   68.3323,        85,
   68.3525,        80,
   68.3726,        87,
   68.3928,        97,
    68.413,       105,
   68.4332,       113,
   68.4534,       124,
   68.4736,       106,
   68.4938,        86,
    68.514,        96,
   68.5342,        78,
   68.5544,        87,
   68.5746,        89,
   68.5947,        94,
   68.6149,        90,
   68.6351,        98,
   68.6553,        76,
   68.6755,        97,
   68.6957,        86,
   68.7159,        89,
   68.7361,        82,
   68.7563,        91,
   68.7765,        68,
   68.7966,        99,
   68.8168,        75,
    68.837,        91,
   68.8572,        97,
   68.8774,        88,
   68.8976,        86,
   68.9178,        80,
    68.938,        89,
   68.9582,        80,
   68.9784,        92,
   68.9986,        81,
   69.0187,        65,
   69.0389,        96,
   69.0591,        82,
   69.0793,        80,
   69.0995,        84,
   69.1197,        90,
   69.1399,        80,
   69.1601,        84,
   69.1803,        80,
   69.2005,        73,
   69.2207,        86,
   69.2408,        73,
    69.261,        85,
   69.2812,        96,
   69.3014,        87,
   69.3216,        88,
   69.3418,        77,
    69.362,       101,
   69.3822,        96,
   69.4024,        93,
   69.4226,       102,
   69.4427,       104,
   69.4629,       101,
   69.4831,        86,
   69.5033,       100,
   69.5235,       104,
   69.5437,       101,
   69.5639,       114,
   69.5841,       127,
   69.6043,       139,
   69.6245,       159,
   69.6447,       151,
   69.6648,       194,
    69.685,       188,
   69.7052,       203,
   69.7254,       194,
   69.7456,       228,
   69.7658,       235,
    69.786,       248,
   69.8062,       196,
   69.8264,       250,
   69.8466,       236,
   69.8667,       234,
   69.8869,       205,
   69.9071,       190,
   69.9273,       208,
   69.9475,       215,
   69.9677,       231,
   69.9879,       279,
   70.0081,       360,
   70.0283,       467,
   70.0485,       726,
   70.0687,      1206,
   70.0888,      2131,
    70.109,      2821,
   70.1292,      2619,
   70.1494,      1517,
   70.1696,       822,
   70.1898,       497,
     70.21,       400,
   70.2302,       438,
   70.2504,       565,
   70.2706,       817,
   70.2908,      1229,
   70.3109,      1498,
   70.3311,      1238,
   70.3513,       772,
   70.3715,       439,
   70.3917,       287,
   70.4119,       199,
   70.4321,       189,
   70.4523,       156,
   70.4725,       143,
   70.4927,       136,
   70.5128,       121,
    70.533,       137,
   70.5532,       125,
   70.5734,       122,
   70.5936,       129,
   70.6138,       110,
    70.634,        99,
   70.6542,       139,
   70.6744,       107,
   70.6946,       107,
   70.7148,        86,
   70.7349,        96,
   70.7551,       109,
   70.7753,        93,
   70.7955,        98,
   70.8157,       106,
   70.8359,       104,
   70.8561,        94,
   70.8763,        76,
   70.8965,        85,
   70.9167,        98,
   70.9368,        78,
    70.957,        86,
   70.9772,        86,
   70.9974,        98,
   71.0176,       101,
   71.0378,        94,
    71.058,       112,
   71.0782,        72,
   71.0984,        95,
   71.1186,        93,
   71.1388,       106,
   71.1589,        91,
   71.1791,        95,
   71.1993,        94,
   71.2195,        83,
   71.2397,        73,
   71.2599,        91,
   71.2801,        97,
   71.3003,        96,
   71.3205,        90,
   71.3407,        79,
   71.3609,        76,
    71.381,        89,
   71.4012,        89,
   71.4214,       117,
   71.4416,        98,
   71.4618,        88,
    71.482,        96,
   71.5022,       102,
   71.5224,        93,
   71.5426,        95,
   71.5628,        94,
   71.5829,        72,
   71.6031,        86,
   71.6233,        89,
   71.6435,        83,
   71.6637,        88,
   71.6839,       108,
   71.7041,       106,
   71.7243,       112,
   71.7445,        78,
   71.7647,        99,
   71.7849,        81,
    71.805,        85,
   71.8252,        78,
   71.8454,        81,
   71.8656,        89,
   71.8858,        86,
    71.906,        83,
   71.9262,        75,
   71.9464,        75,
   71.9666,        77,
   71.9868,        82,
   72.0069,        69,
   72.0271,        79,
   72.0473,        91,
   72.0675,        82,
   72.0877,        88,
   72.1079,        83,
   72.1281,        82,
   72.1483,        81,
   72.1685,        82,
   72.1887,        82,
   72.2089,        74,
    72.229,        91,
   72.2492,        80,
   72.2694,        94,
   72.2896,        72,
   72.3098,        94,
     72.33,        82,
   72.3502,        92,
   72.3704,        80,
   72.3906,        88,
   72.4108,        59,
   72.4309,        73,
   72.4511,        80,
   72.4713,        78,
   72.4915,        87,
   72.5117,        92,
   72.5319,        78,
   72.5521,        90,
   72.5723,        74,
   72.5925,        76,
   72.6127,        74,
   72.6329,        78,
    72.653,        84,
   72.6732,        86,
   72.6934,        97,
   72.7136,        85,
   72.7338,        80,
    72.754,        96,
   72.7742,        93,
   72.7944,        77,
   72.8146,        81,
   72.8348,        74,
    72.855,        97,
   72.8751,        68,
   72.8953,        86,
   72.9155,        81,
   72.9357,        79,
   72.9559,        83,
   72.9761,        57,
   72.9963,       105,
   73.0165,        84,
   73.0367,        84,
   73.0569,        75,
    73.077,        88,
   73.0972,        77,
   73.1174,        78,
   73.1376,        98,
   73.1578,        65,
    73.178,        78,
   73.1982,        84,
   73.2184,        92,
   73.2386,        76,
   73.2588,        69,
    73.279,        77,
   73.2991,        90,
   73.3193,        88,
   73.3395,        75,
   73.3597,        94,
   73.3799,        75,
   73.4001,        80,
   73.4203,        78,
   73.4405,        78,
   73.4607,        84,
   73.4809,       100,
    73.501,        99,
   73.5212,        81,
   73.5414,        99,
   73.5616,        86,
   73.5818,        98,
    73.602,        84,
   73.6222,        78,
   73.6424,        80,
   73.6626,       101,
   73.6828,        90,
    73.703,        72,
   73.7231,        98,
   73.7433,        85,
   73.7635,       106,
   73.7837,        75,
   73.8039,        95,
   73.8241,        84,
   73.8443,        85,
   73.8645,       108,
   73.8847,        82,
   73.9049,        97,
   73.9251,        91,
   73.9452,        96,
   73.9654,        99,
   73.9856,        97,
   74.0058,        90,
    74.026,       109,
   74.0462,        99,
   74.0664,       101,
   74.0866,        80,
   74.1068,       103,
    74.127,       103,
   74.1471,       109,
   74.1673,       117,
   74.1875,       113,
   74.2077,        99,
   74.2279,        94,
   74.2481,       104,
   74.2683,        91,
   74.2885,        99,
   74.3087,       107,
   74.3289,       111,
   74.3491,        87,
   74.3692,        96,
   74.3894,        88,
   74.4096,        81,
   74.4298,        94,
     74.45,       110,
   74.4702,       104,
   74.4904,        93,
   74.5106,       106,
   74.5308,       105,
    74.551,       102,
   74.5711,       110,
   74.5913,       115,
   74.6115,       122,
   74.6317,       102,
   74.6519,       117,
   74.6721,        92,
   74.6923,       119,
   74.7125,       100,
   74.7327,        96,
   74.7529,        90,
   74.7731,        96,
   74.7932,       118,
   74.8134,        87,
   74.8336,       106,
   74.8538,       114,
    74.874,       107,
   74.8942,       114,
   74.9144,       118,
   74.9346,       108,
   74.9548,       111,
    74.975,       116,
   74.9952,       134,
   75.0153,       129,
   75.0355,       107,
   75.0557,       116,
   75.0759,        92,
   75.0961,       118,
   75.1163,       106,
   75.1365,       117,
   75.1567,       130,
   75.1769,       123,
   75.1971,       105,
   75.2172,       107,
   75.2374,       122,
   75.2576,       119,
   75.2778,        95,
    75.298,        92,
   75.3182,       109,
   75.3384,       105,
   75.3586,       117,
   75.3788,       121,
    75.399,       111,
   75.4192,       106,
   75.4393,       106,
   75.4595,       119,
   75.4797,       113,
   75.4999,       123,
   75.5201,       125,
   75.5403,       128,
   75.5605,       113,
   75.5807,       116,
   75.6009,       130,
   75.6211,       121,
   75.6412,       127,
   75.6614,       129,
   75.6816,       129,
   75.7018,       116,
    75.722,       109,
   75.7422,       127,
   75.7624,       125,
   75.7826,       122,
   75.8028,       123,
    75.823,       122,
   75.8432,       116,
   75.8633,       107,
   75.8835,       138,
   75.9037,       136,
   75.9239,       142,
   75.9441,       153,
   75.9643,       139,
   75.9845,       133,
   76.0047,       131,
   76.0249,       150,
   76.0451,       140,
   76.0653,       158,
   76.0854,       158,
   76.1056,       153,
   76.1258,       148,
    76.146,       157,
   76.1662,       164,
   76.1864,       145,
   76.2066,       157,
   76.2268,       158,
    76.247,       145,
   76.2672,       174,
   76.2873,       159,
   76.3075,       171,
   76.3277,       186,
   76.3479,       230,
   76.3681,       239,
   76.3883,       266,
   76.4085,       324,
   76.4287,       355,
   76.4489,       464,
   76.4691,       552,
   76.4893,       549,
   76.5094,       561,
   76.5296,       536,
   76.5498,       666,
     76.57,       639,
   76.5902,       679,
   76.6104,       652,
   76.6306,       712,
   76.6508,       696,
    76.671,       611,
   76.6912,       651,
   76.7113,       671,
   76.7315,       657,
   76.7517,       729,
   76.7719,       833,
   76.7921,      1096,
   76.8123,      1501,
   76.8325,      2162,
   76.8527,      3693,
   76.8729,      6087,
   76.8931,      8656,
   76.9133,      8119,
   76.9334,      5069,
   76.9536,      2861,
   76.9738,      1650,
    76.994,      1198,
   77.0142,      1012,
   77.0344,       990,
   77.0546,      1335,
   77.0748,      1895,
    77.095,      2989,
   77.1152,      4300,
   77.1354,      4289,
   77.1555,      2962,
   77.1757,      1652,
   77.1959,      1004,
   77.2161,       655,
   77.2363,       543,
   77.2565,       420,
   77.2767,       349,
   77.2969,       336,
   77.3171,       315,
   77.3373,       286,
   77.3574,       241,
   77.3776,       255,
   77.3978,       215,
    77.418,       225,
   77.4382,       201,
   77.4584,       203,
   77.4786,       211,
   77.4988,       176,
    77.519,       169,
   77.5392,       194,
   77.5594,       182,
   77.5795,       165,
   77.5997,       164,
   77.6199,       148,
   77.6401,       156,
   77.6603,       159,
   77.6805,       123,
   77.7007,       156,
   77.7209,       152,
   77.7411,       140,
   77.7613,       143,
   77.7814,       158,
   77.8016,       141,
   77.8218,       142,
    77.842,       141,
   77.8622,       174,
   77.8824,       156,
   77.9026,       159,
   77.9228,       154,
    77.943,       150,
   77.9632,       156,
   77.9834,       117,
   78.0035,       135,
   78.0237,       124,
   78.0439,       151,
   78.0641,       125,
   78.0843,       136,
   78.1045,       137,
   78.1247,       126,
   78.1449,       116,
   78.1651,       129,
   78.1853,       141,
   78.2055,       137,
   78.2256,       119,
   78.2458,       114,
    78.266,       112,
   78.2862,       125,
   78.3064,        98,
   78.3266,       117,
   78.3468,       104,
    78.367,       103,
   78.3872,       108,
   78.4074,       124,
   78.4275,       109,
   78.4477,       103,
   78.4679,       113,
   78.4881,       121,
   78.5083,       110,
   78.5285,       131,
   78.5487,        94,
   78.5689,       103,
   78.5891,       104,
   78.6093,       107,
   78.6295,       123,
   78.6496,        90,
   78.6698,       103,
     78.69,        87,
   78.7102,        96,
   78.7304,        98,
   78.7506,        91,
   78.7708,       126,
    78.791,       109,
   78.8112,       102,
   78.8314,       110,
   78.8515,       112,
   78.8717,        98,
   78.8919,       110,
   78.9121,        90,
   78.9323,       110,
   78.9525,       106,
   78.9727,       115,
   78.9929,        93,
   79.0131,       106,
   79.0333,        91,
   79.0535,        99,
   79.0736,       103,
   79.0938,        84,
    79.114,       102,
   79.1342,       101,
   79.1544,        94,
   79.1746,       101,
   79.1948,        78,
    79.215,       118,
   79.2352,       101,
   79.2554,       100,
   79.2756,        98,
   79.2957,        91,
   79.3159,        98,
   79.3361,        88,
   79.3563,       101,
   79.3765,       107,
   79.3967,        89,
   79.4169,       106,
   79.4371,        95,
   79.4573,       105,
   79.4775,       111,
   79.4976,        96,
   79.5178,       114,
    79.538,       106,
   79.5582,       112,
   79.5784,        88,
   79.5986,       107,
   79.6188,        89,
    79.639,       120,
   79.6592,       101,
   79.6794,       107,
   79.6996,        90,
   79.7197,       100,
   79.7399,        94,
   79.7601,       129,
   79.7803,        89,
   79.8005,        95,
   79.8207,        91,
   79.8409,        85,
   79.8611,        94,
   79.8813,        92,
   79.9015,        95,
   79.9216,        89,
   79.9418,        88,
    79.962,        69,
   79.9822,        94,
   80.0024,       100,
   80.0226,        94,
   80.0428,       101,
    80.063,        84,
   80.0832,        86,
   80.1034,        96,
   80.1236,       110,
   80.1437,        85,
   80.1639,        98,
   80.1841,        77,
   80.2043,        92,
   80.2245,        89,
   80.2447,       105,
   80.2649,        89,
   80.2851,        77,
   80.3053,        94,
   80.3255,        79,
   80.3456,        84,
   80.3658,        97,
    80.386,        89,
   80.4062,        81,
   80.4264,       102,
   80.4466,        98,
   80.4668,        86,
    80.487,       106,
   80.5072,        83,
   80.5274,        86,
   80.5476,        96,
   80.5677,        85,
   80.5879,        83,
   80.6081,        92,
   80.6283,        98,
   80.6485,       102,
   80.6687,        83,
   80.6889,       103,
   80.7091,        92,
   80.7293,        92,
   80.7495,        99,
   80.7697,        95,
   80.7898,        93,
     80.81,        82,
   80.8302,       100,
   80.8504,        93,
   80.8706,        89,
   80.8908,        98,
    80.911,        80,
   80.9312,        91,
   80.9514,        93,
   80.9716,        91,
   80.9917,        88,
   81.0119,        84,
   81.0321,        90,
   81.0523,       110,
   81.0725,        79,
   81.0927,        77,
   81.1129,        86,
   81.1331,        94,
   81.1533,        93,
   81.1735,       115,
   81.1937,        95,
   81.2138,        92,
    81.234,        89,
   81.2542,        87,
   81.2744,       114,
   81.2946,        85,
   81.3148,        80,
    81.335,        87,
   81.3552,        82,
   81.3754,        91,
   81.3956,        90,
   81.4157,        74,
   81.4359,        97,
   81.4561,       101,
   81.4763,        84,
   81.4965,        76,
   81.5167,        96,
   81.5369,        80,
   81.5571,        93,
   81.5773,        94,
   81.5975,        88,
   81.6177,        94,
   81.6378,       100,
    81.658,        94,
   81.6782,        74,
   81.6984,        73,
   81.7186,        95,
   81.7388,        96,
    81.759,        99,
   81.7792,        99,
   81.7994,       102,
   81.8196,        79,
   81.8398,        81,
   81.8599,        84,
   81.8801,        81,
   81.9003,        97,
   81.9205,        92,
   81.9407,        96,
   81.9609,       104,
   81.9811,       102,
   82.0013,        88,
   82.0215,        83,
   82.0417,        86,
   82.0618,       107,
    82.082,        73,
   82.1022,        97,
   82.1224,       107,
   82.1426,        97,
   82.1628,       101,
    82.183,        82,
   82.2032,        93,
   82.2234,        87,
   82.2436,        94,
   82.2638,        77,
   82.2839,        89,
   82.3041,        96,
   82.3243,       102,
   82.3445,       101,
   82.3647,        93,
   82.3849,        94,
   82.4051,       104,
   82.4253,        80,
   82.4455,        89,
   82.4657,        85,
   82.4858,        95,
    82.506,       108,
   82.5262,       101,
   82.5464,       107,
   82.5666,        87,
   82.5868,        91,
    82.607,       105,
   82.6272,        88,
   82.6474,        90,
   82.6676,        92,
   82.6878,        82,
   82.7079,        88,
   82.7281,       105,
   82.7483,        87,
   82.7685,        89,
   82.7887,        91,
   82.8089,        97,
   82.8291,        93,
   82.8493,       106,
   82.8695,       119,
   82.8897,        90,
   82.9099,       101,
     82.93,       100,
   82.9502,        93,
   82.9704,        97,
   82.9906,        88,
   83.0108,       103,
    83.031,       113,
   83.0512,        92,
   83.0714,       112,
   83.0916,        94,
   83.1118,        91,
   83.1319,       105,
   83.1521,       107,
   83.1723,       111,
   83.1925,       112,
   83.2127,        93,
   83.2329,       105,
   83.2531,       107,
   83.2733,       107,
   83.2935,       102,
   83.3137,       106,
   83.3339,       104,
    83.354,        91,
   83.3742,       120,
   83.3944,       128,
   83.4146,       112,
   83.4348,       124,
    83.455,       102,
   83.4752,       139,
   83.4954,       131,
   83.5156,       142,
   83.5358,       148,
   83.5559,       158,
   83.5761,       205,
   83.5963,       234,
   83.6165,       244,
   83.6367,       278,
   83.6569,       247,
   83.6771,       272,
   83.6973,       269,
   83.7175,       247,
   83.7377,       244,
   83.7579,       250,
    83.778,       262,
   83.7982,       270,
   83.8184,       264,
   83.8386,       252,
   83.8588,       277,
    83.879,       315,
   83.8992,       390,
   83.9194,       438,
   83.9396,       589,
   83.9598,       907,
     83.98,      1409,
   84.0001,      2144,
   84.0203,      2413,
   84.0405,      2081,
   84.0607,      1352,
   84.0809,       821,
   84.1011,       501,
   84.1213,       405,
   84.1415,       330,
   84.1617,       312,
   84.1819,       339,
    84.202,       445,
   84.2222,       607,
   84.2424,       888,
   84.2626,      1182,
   84.2828,      1223,
    84.303,       993,
   84.3232,       634,
   84.3434,       383,
   84.3636,       298,
   84.3838,       247,
    84.404,       166,
   84.4241,       188,
   84.4443,       144,
   84.4645,       135,
   84.4847,       145,
   84.5049,       138,
   84.5251,       147,
   84.5453,       124,
   84.5655,       125,
   84.5857,       114,
   84.6059,       144,
    84.626,       108,
   84.6462,       138,
   84.6664,       122,
   84.6866,       107,
   84.7068,       101,
    84.727,       107,
   84.7472,       109,
   84.7674,       106,
   84.7876,       112,
   84.8078,       120,
    84.828,       109,
   84.8481,       102,
   84.8683,       108,
   84.8885,       113,
   84.9087,        95,
   84.9289,       120,
   84.9491,       104,
   84.9693,        98,
   84.9895,       107,
   85.0097,        83,
   85.0299,        97,
   85.0501,        99,
   85.0702,        89,
   85.0904,       102,
   85.1106,        76,
   85.1308,       106,
    85.151,       102,
   85.1712,       102,
   85.1914,        97,
   85.2116,        87,
   85.2318,       109,
    85.252,        95,
   85.2721,        97,
   85.2923,        78,
   85.3125,        91,
   85.3327,        91,
   85.3529,        84,
   85.3731,        94,
   85.3933,        83,
   85.4135,       101,
   85.4337,        84,
   85.4539,        93,
   85.4741,        79,
   85.4942,        91,
   85.5144,        87,
   85.5346,        84,
   85.5548,        64,
    85.575,        88,
   85.5952,        86,
   85.6154,        83,
   85.6356,        85,
   85.6558,        80,
    85.676,        90,
   85.6961,        83,
   85.7163,        99,
   85.7365,        92,
   85.7567,        80,
   85.7769,        89,
   85.7971,        80,
   85.8173,        83,
   85.8375,        87,
   85.8577,        98,
   85.8779,       100,
   85.8981,        77,
   85.9182,        85,
   85.9384,        97,
   85.9586,       114,
   85.9788,        86,
    85.999,        78,
   86.0192,        88,
   86.0394,        94,
   86.0596,        80,
   86.0798,        89,
      86.1,        77,
   86.1202,        92,
   86.1403,        98,
   86.1605,        87,
   86.1807,        73,
   86.2009,        82,
   86.2211,        76,
   86.2413,        78,
   86.2615,        81,
   86.2817,        92,
   86.3019,        75,
   86.3221,        96,
   86.3422,        78,
   86.3624,        70,
   86.3826,        74,
   86.4028,        68,
    86.423,        83,
   86.4432,        79,
   86.4634,        77,
   86.4836,        84,
   86.5038,        80,
    86.524,        87,
   86.5442,        90,
   86.5643,        81,
   86.5845,        86,
   86.6047,        76,
   86.6249,        80,
   86.6451,        85,
   86.6653,        85,
   86.6855,        65,
   86.7057,        73,
   86.7259,        68,
   86.7461,        92,
   86.7662,        69,
   86.7864,        70,
   86.8066,        70,
   86.8268,        71,
    86.847,        91,
   86.8672,        85,
   86.8874,        77,
   86.9076,        56,
   86.9278,        71,
    86.948,        73,
   86.9682,        71,
   86.9883,        81,
   87.0085,        88,
   87.0287,        79,
   87.0489,        71,
   87.0691,        86,
   87.0893,        75,
   87.1095,        78,
   87.1297,        76,
   87.1499,        88,
   87.1701,        88,
   87.1903,        90,
   87.2104,        58,
   87.2306,        71,
   87.2508,        74,
    87.271,        91,
   87.2912,        64,
   87.3114,        65,
   87.3316,        79,
   87.3518,        75,
    87.372,        81,
   87.3922,        75,
   87.4123,        78,
   87.4325,        73,
   87.4527,        72,
   87.4729,        95,
   87.4931,        68,
   87.5133,        93,
   87.5335,        56,
   87.5537,        84,
   87.5739,        64,
   87.5941,        93,
   87.6143,        70,
   87.6344,        81,
   87.6546,        70,
   87.6748,        83,
    87.695,        74,
   87.7152,        69,
   87.7354,        72,
   87.7556,        89,
   87.7758,        76,
    87.796,        75,
   87.8162,        88,
   87.8363,        71,
   87.8565,        77,
   87.8767,        81,
   87.8969,        78,
   87.9171,        77,
   87.9373,        88,
   87.9575,        73,
   87.9777,        77,
   87.9979,        74,
   88.0181,        75,
   88.0383,        71,
   88.0584,        71,
   88.0786,        68,
   88.0988,        80,
    88.119,        64,
   88.1392,        68,
   88.1594,        78,
   88.1796,        80,
   88.1998,        87,
     88.22,        85,
   88.2402,        88,
   88.2604,        80,
   88.2805,        78,
   88.3007,        91,
   88.3209,        69,
   88.3411,        81,
   88.3613,        70,
   88.3815,        69,
   88.4017,        72,
   88.4219,        80,
   88.4421,        66,
   88.4623,        59,
   88.4824,        65,
   88.5026,        69,
   88.5228,        78,
    88.543,        82,
   88.5632,        81,
   88.5834,        76,
   88.6036,        80,
   88.6238,        67,
    88.644,        76,
   88.6642,        69,
   88.6844,        89,
   88.7045,        75,
   88.7247,        85,
   88.7449,        81,
   88.7651,        79,
   88.7853,        75,
   88.8055,        81,
   88.8257,        82,
   88.8459,        62,
   88.8661,        81,
   88.8863,        70,
   88.9064,        73,
   88.9266,        85,
   88.9468,        76,
    88.967,        75,
   88.9872,        83,
   89.0074,        75,
   89.0276,        82,
   89.0478,        61,
    89.068,        70,
   89.0882,        77,
   89.1084,        66,
   89.1285,        85,
   89.1487,        85,
   89.1689,        85,
   89.1891,        88,
   89.2093,        74,
   89.2295,        81,
   89.2497,        80,
   89.2699,        68,
   89.2901,        61,
   89.3103,        90,
   89.3304,        81,
   89.3506,        72,
   89.3708,        75,
    89.391,        68,
   89.4112,        71,
   89.4314,        78,
   89.4516,        68,
   89.4718,        73,
    89.492,        86,
   89.5122,        75,
   89.5324,        65,
   89.5525,        83,
   89.5727,        89,
   89.5929,        89,
   89.6131,        91,
   89.6333,        92,
   89.6535,        78,
   89.6737,        74,
   89.6939,        57,
   89.7141,        75,
   89.7343,        72,
   89.7545,        87,
   89.7746,        70,
   89.7948,        80,
    89.815,        88,
   89.8352,        65,
   89.8554,        77,
   89.8756,        83,
   89.8958,        71,
    89.916,        76,
   89.9362,        80,
   89.9564,        82,
   89.9765,        74,
   89.9967,        95,
   90.0169,        74,
   90.0371,        80,
   90.0573,        65,
   90.0775,        88,
   90.0977,        64,
   90.1179,        69,
   90.1381,        98,
   90.1583,        76,
   90.1785,        71,
   90.1986,        79,
   90.2188,        83,
    90.239,        83,
   90.2592,        91,
   90.2794,        94,
   90.2996,        88,
   90.3198,        88,
     90.34,        57,
   90.3602,        69,
   90.3804,        91,
   90.4005,        83,
   90.4207,        77,
   90.4409,        70,
   90.4611,        92,
   90.4813,        85,
   90.5015,        99,
   90.5217,        86,
   90.5419,        76,
   90.5621,        82,
   90.5823,        73,
   90.6025,        92,
   90.6226,        77,
   90.6428,        66,
    90.663,        88,
   90.6832,        68,
   90.7034,        94,
   90.7236,        98,
   90.7438,        98,
    90.764,        78,
   90.7842,        65,
   90.8044,        86,
   90.8246,        70,
   90.8447,        83,
   90.8649,        89,
   90.8851,        75,
   90.9053,        85,
   90.9255,        73,
   90.9457,       103,
   90.9659,       100,
   90.9861,        94,
   91.0063,       103,
   91.0265,       106,
   91.0466,        89,
   91.0668,       100,
    91.087,        99,
   91.1072,       115,
   91.1274,       126,
   91.1476,       131,
   91.1678,       155,
    91.188,       124,
   91.2082,       178,
   91.2284,       137,
   91.2486,       171,
   91.2687,       169,
   91.2889,       175,
   91.3091,       182,
   91.3293,       172,
   91.3495,       174,
   91.3697,       182,
   91.3899,       162,
   91.4101,       214,
   91.4303,       180,
   91.4505,       224,
   91.4706,       291,
   91.4908,       427,
    91.511,       560,
   91.5312,       815,
   91.5514,      1092,
   91.5716,      1147,
   91.5918,       813,
    91.612,       583,
   91.6322,       402,
   91.6524,       279,
   91.6726,       212,
   91.6927,       184,
   91.7129,       174,
   91.7331,       170,
   91.7533,       179,
   91.7735,       226,
   91.7937,       305,
   91.8139,       415,
   91.8341,       501,
   91.8543,       567,
   91.8745,       497,
   91.8947,       384,
   91.9148,       257,
    91.935,       199,
   91.9552,       156,
   91.9754,       121,
   91.9956,       116,
   92.0158,       111,
    92.036,       122,
   92.0562,       108,
   92.0764,       110,
   92.0966,       126,
   92.1167,       113,
   92.1369,        92,
   92.1571,        91,
   92.1773,        72,
   92.1975,        76,
   92.2177,        93,
   92.2379,        99,
   92.2581,        72,
   92.2783,        80,
   92.2985,        85,
   92.3187,        74,
   92.3388,        73,
    92.359,        84,
   92.3792,       101,
   92.3994,        93,
   92.4196,        99,
   92.4398,        86,
     92.46,        76,
   92.4802,        88,
   92.5004,        68,
   92.5206,        77,
   92.5407,        80,
   92.5609,        70,
   92.5811,        78,
   92.6013,        78,
   92.6215,        88,
   92.6417,        81,
   92.6619,        73,
   92.6821,        87,
   92.7023,        75,
   92.7225,        81,
   92.7427,        78,
   92.7628,        92,
    92.783,        64,
   92.8032,        66,
   92.8234,        81,
   92.8436,        91,
   92.8638,        81,
    92.884,        82,
   92.9042,        71,
   92.9244,        89,
   92.9446,        70,
   92.9648,        68,
   92.9849,        68,
   93.0051,        76,
   93.0253,        80,
   93.0455,        83,
   93.0657,        73,
   93.0859,        79,
   93.1061,        67,
   93.1263,        80,
   93.1465,        75,
   93.1667,        81,
   93.1868,        89,
    93.207,        75,
   93.2272,        69,
   93.2474,        75,
   93.2676,        67,
   93.2878,        77,
    93.308,        72,
   93.3282,        75,
   93.3484,        77,
   93.3686,        83,
   93.3888,        64,
   93.4089,        83,
   93.4291,        73,
   93.4493,        77,
   93.4695,        68,
   93.4897,        67,
   93.5099,        67,
   93.5301,        89,
   93.5503,        73,
   93.5705,        72,
   93.5907,        65,
   93.6108,        64,
    93.631,        87,
   93.6512,        69,
   93.6714,        74,
   93.6916,        81,
   93.7118,        74,
    93.732,        63,
   93.7522,        56,
   93.7724,        67,
   93.7926,        53,
   93.8128,        60,
   93.8329,        61,
   93.8531,        63,
   93.8733,        64,
   93.8935,        57,
   93.9137,        78,
   93.9339,        60,
   93.9541,        57,
   93.9743,        74,
   93.9945,        75,
   94.0147,        59,
   94.0349,        60,
    94.055,        51,
   94.0752,        65,
   94.0954,        74,
   94.1156,        67,
   94.1358,        78,
    94.156,        85,
   94.1762,        70,
   94.1964,        60,
   94.2166,        48,
   94.2368,        68,
   94.2569,        73,
   94.2771,        68,
   94.2973,        69,
   94.3175,        62,
   94.3377,        76,
   94.3579,        70,
   94.3781,        73,
   94.3983,        71,
   94.4185,        63,
   94.4387,        74,
   94.4589,        67,
    94.479,        61,
   94.4992,        62,
   94.5194,        70,
   94.5396,        73,
   94.5598,        61,
     94.58,        77,
   94.6002,        70,
   94.6204,        64,
   94.6406,        76,
   94.6608,        58,
   94.6809,        77,
   94.7011,        73,
   94.7213,        75,
   94.7415,        76,
   94.7617,        52,
   94.7819,        67,
   94.8021,        73,
   94.8223,        64,
   94.8425,        76,
   94.8627,        81,
   94.8829,        70,
    94.903,        87,
   94.9232,        71,
   94.9434,        64,
   94.9636,        75,
   94.9838,        67,
    95.004,        77,
   95.0242,        68,
   95.0444,        69,
   95.0646,        70,
   95.0848,        70,
    95.105,        71,
   95.1251,        75,
   95.1453,        75,
   95.1655,        76,
   95.1857,        65,
   95.2059,        66,
   95.2261,        58,
   95.2463,        68,
   95.2665,        60,
   95.2867,        55,
   95.3069,        54,
    95.327,        61,
   95.3472,        68,
   95.3674,        82,
   95.3876,        68,
   95.4078,        56,
    95.428,        72,
   95.4482,        61,
   95.4684,        72,
   95.4886,        87,
   95.5088,        53,
    95.529,        71,
   95.5491,        66,
   95.5693,        78,
   95.5895,        56,
   95.6097,        61,
   95.6299,        55,
   95.6501,        62,
   95.6703,        70,
   95.6905,        60,
   95.7107,        68,
   95.7309,        53,
    95.751,        57,
   95.7712,        71,
   95.7914,        67,
   95.8116,        73,
   95.8318,        66,
    95.852,        65,
   95.8722,        70,
   95.8924,        75,
   95.9126,        79,
   95.9328,        70,
    95.953,        69,
   95.9731,        69,
   95.9933,        76,
   96.0135,        58,
   96.0337,        57,
   96.0539,        65,
   96.0741,        77,
   96.0943,        67,
   96.1145,        67,
   96.1347,        74,
   96.1549,        80,
   96.1751,        67,
   96.1952,        70,
   96.2154,        66,
   96.2356,        73,
   96.2558,        63,
    96.276,        68,
   96.2962,        66,
   96.3164,        64,
   96.3366,        70,
   96.3568,        65,
    96.377,        59,
   96.3971,        73,
   96.4173,        72,
   96.4375,        69,
   96.4577,        61,
   96.4779,        60,
   96.4981,        83,
   96.5183,        72,
   96.5385,        56,
   96.5587,        62,
   96.5789,        70,
   96.5991,        69,
   96.6192,        76,
   96.6394,        79,
   96.6596,        69,
   96.6798,        65,
      96.7,        76,
   96.7202,        47,
   96.7404,        67,
   96.7606,        59,
   96.7808,        76,
    96.801,        64,
   96.8211,        64,
   96.8413,        70,
   96.8615,        73,
   96.8817,        73,
   96.9019,        76,
   96.9221,        75,
   96.9423,        75,
   96.9625,        62,
   96.9827,        70,
   97.0029,        62,
   97.0231,        60,
   97.0432,        59,
   97.0634,        77,
   97.0836,        70,
   97.1038,        61,
    97.124,        75,
   97.1442,        63,
   97.1644,        66,
   97.1846,        70,
   97.2048,        62,
    97.225,        70,
   97.2451,        66,
   97.2653,        67,
   97.2855,        75,
   97.3057,        60,
   97.3259,        59,
   97.3461,        69,
   97.3663,        62,
   97.3865,        70,
   97.4067,        75,
   97.4269,        76,
   97.4471,        67,
   97.4672,        68,
   97.4874,        54,
   97.5076,        76,
   97.5278,        74,
    97.548,        61,
   97.5682,        56,
   97.5884,        62,
   97.6086,        67,
   97.6288,        56,
    97.649,        77,
   97.6692,        67,
   97.6893,        64,
   97.7095,        66,
   97.7297,        62,
   97.7499,        62,
   97.7701,        60,
   97.7903,        65,
   97.8105,        68,
   97.8307,        61,
   97.8509,        52,
   97.8711,        67,
   97.8912,        70,
   97.9114,        71,
   97.9316,        62,
   97.9518,        69,
    97.972,        78,
   97.9922,        69,
   98.0124,        72,
   98.0326,        57,
   98.0528,        78,
    98.073,        71,
   98.0932,        65,
   98.1133,        78,
   98.1335,        76,
   98.1537,        75,
   98.1739,        73,
   98.1941,        76,
   98.2143,        63,
   98.2345,        60,
   98.2547,        74,
   98.2749,        66,
   98.2951,        58,
   98.3152,        77,
   98.3354,        57,
   98.3556,        65,
   98.3758,        77,
    98.396,        58,
   98.4162,        52,
   98.4364,        60,
   98.4566,        61,
   98.4768,        59,
    98.497,        64,
   98.5172,        71,
   98.5373,        59,
   98.5575,        73,
   98.5777,        74,
   98.5979,        73,
   98.6181,        81,
   98.6383,        64,
   98.6585,        60,
   98.6787,        54,
   98.6989,        65,
   98.7191,        74,
   98.7393,        70,
   98.7594,        68,
   98.7796,        60,
   98.7998,        69,
     98.82,        73,
   98.8402,        58,
   98.8604,        57,
   98.8806,        62,
   98.9008,        62,
    98.921,        70,
   98.9412,        63,
   98.9613,        72,
   98.9815,        66,
   99.0017,        64,
   99.0219,        61,
   99.0421,        75,
   99.0623,        63,
   99.0825,        67,
   99.1027,        69,
   99.1229,        71,
   99.1431,        64,
   99.1633,        74,
   99.1834,        69,
   99.2036,        66,
   99.2238,        63,
    99.244,        71,
   99.2642,        55,
   99.2844,        64,
   99.3046,        76,
   99.3248,        68,
    99.345,        76,
   99.3652,        66,
   99.3853,        72,
   99.4055,        75,
   99.4257,        81,
   99.4459,        63,
   99.4661,        68,
   99.4863,        66,
   99.5065,        57,
   99.5267,        72,
   99.5469,        74,
   99.5671,        66,
   99.5873,        70,
   99.6074,        82,
   99.6276,        74,
   99.6478,        69,
    99.668,        65,
   99.6882,        53,
   99.7084,        77,
   99.7286,        73,
   99.7488,        67,
    99.769,        65,
   99.7892,        70,
   99.8094,        60,
   99.8295,        64,
   99.8497,        65,
   99.8699,        51,
   99.8901,        59,
   99.9103,        60,
   99.9305,        65,
   99.9507,        67,
   99.9709,        74,
   99.9911,        78,
   100.011,        74,
   100.031,        69,
   100.052,        84,
   100.072,        60,
   100.092,        70,
   100.112,        69,
   100.132,        60,
   100.153,        59,
   100.173,        66,
   100.193,        60,
   100.213,        56,
   100.233,        65,
   100.254,        62,
   100.274,        80,
   100.294,        63,
   100.314,        75,
   100.334,        60,
   100.354,        77,
   100.375,        66,
   100.395,        54,
   100.415,        66,
   100.435,        54,
   100.455,        68,
   100.476,        66,
   100.496,        64,
   100.516,        70,
   100.536,        70,
   100.556,        61,
   100.577,        60,
   100.597,        65,
   100.617,        65,
   100.637,        82,
   100.657,        51,
   100.678,        75,
   100.698,        72,
   100.718,        72,
   100.738,        65,
   100.758,        62,
   100.778,        75,
   100.799,        74,
   100.819,        57,
   100.839,        70,
   100.859,        56,
   100.879,        60,
     100.9,        71,
    100.92,        57,
    100.94,        64,
    100.96,        64,
    100.98,        65,
   101.001,        70,
   101.021,        75,
   101.041,        58,
   101.061,        61,
   101.081,        72,
   101.102,        71,
   101.122,        70,
   101.142,        62,
   101.162,        70,
   101.182,        65,
   101.202,        56,
   101.223,        60,
   101.243,        65,
   101.263,        52,
   101.283,        76,
   101.303,        68,
   101.324,        60,
   101.344,        62,
   101.364,        66,
   101.384,        58,
   101.404,        57,
   101.425,        65,
   101.445,        65,
   101.465,        67,
   101.485,        58,
   101.505,        60,
   101.526,        67,
   101.546,        58,
   101.566,        63,
   101.586,        77,
   101.606,        60,
   101.627,        72,
   101.647,        66,
   101.667,        57,
   101.687,        53,
   101.707,        65,
   101.727,        69,
   101.748,        62,
   101.768,        72,
   101.788,        65,
   101.808,        67,
   101.828,        66,
   101.849,        67,
   101.869,        79,
   101.889,        73,
   101.909,        72,
   101.929,        54,
    101.95,        66,
    101.97,        70,
    101.99,        65,
    102.01,        68,
    102.03,        65,
   102.051,        63,
   102.071,        82,
   102.091,        61,
   102.111,        61,
   102.131,        64,
   102.151,        58,
   102.172,        66,
   102.192,        52,
   102.212,        71,
   102.232,        69,
   102.252,        61,
   102.273,        65,
   102.293,        59,
   102.313,        55,
   102.333,        63,
   102.353,        68,
   102.374,        69,
   102.394,        65,
   102.414,        74,
   102.434,        53,
   102.454,        70,
   102.475,        64,
   102.495,        57,
   102.515,        66,
   102.535,        74,
   102.555,        77,
   102.575,        75,
   102.596,        64,
   102.616,        68,
   102.636,        62,
   102.656,        67,
   102.676,        63,
   102.697,        78,
   102.717,        64,
   102.737,        61,
   102.757,        64,
   102.777,        56,
   102.798,        77,
   102.818,        60,
   102.838,        65,
   102.858,        71,
   102.878,        78,
   102.899,        79,
   102.919,        60,
   102.939,        73,
   102.959,        58,
   102.979,        55,
   102.999,        55,
    103.02,        62,
    103.04,        81,
    103.06,        67,
    103.08,        62,
     103.1,        56,
   103.121,        63,
   103.141,        84,
   103.161,        64,
   103.181,        76,
   103.201,        82,
   103.222,        66,
   103.242,        71,
   103.262,        57,
   103.282,        80,
   103.302,        61,
   103.323,        82,
   103.343,        73,
   103.363,        65,
   103.383,        56,
   103.403,        65,
   103.423,        64,
   103.444,        76,
   103.464,        69,
   103.484,        64,
   103.504,        71,
   103.524,        83,
   103.545,        79,
   103.565,        67,
   103.585,        70,
   103.605,        61,
   103.625,        67,
   103.646,        62,
   103.666,        64,
   103.686,        67,
   103.706,        61,
   103.726,        65,
   103.747,        69,
   103.767,        60,
   103.787,        59,
   103.807,        74,
   103.827,        63,
   103.847,        58,
   103.868,        69,
   103.888,        58,
   103.908,        75,
   103.928,        52,
   103.948,        77,
   103.969,        64,
   103.989,        59,
   104.009,        75,
   104.029,        64,
   104.049,        65,
    104.07,        70,
    104.09,        64,
    104.11,        56,
    104.13,        64,
    104.15,        63,
   104.171,        75,
   104.191,        69,
   104.211,        67,
   104.231,        51,
   104.251,        63,
   104.271,        63,
   104.292,        55,
   104.312,        57,
   104.332,        57,
   104.352,        67,
   104.372,        57,
   104.393,        53,
   104.413,        56,
   104.433,        66,
   104.453,        48,
   104.473,        69,
   104.494,        54,
   104.514,        69,
   104.534,        60,
   104.554,        79,
   104.574,        58,
   104.595,        58,
   104.615,        62,
   104.635,        77,
   104.655,        79,
   104.675,        72,
   104.695,        66,
   104.716,        65,
   104.736,        77,
   104.756,        69,
   104.776,        76,
   104.796,        77,
   104.817,        71,
   104.837,        64,
   104.857,        63,
   104.877,        66,
   104.897,        65,
   104.918,        62,
   104.938,        67,
   104.958,        77,
   104.978,        69,
   104.998,        65,
   105.019,        55,
   105.039,        62,
   105.059,        60,
   105.079,        69,
   105.099,        47,
   105.119,        53,
    105.14,        71,
    105.16,        64,
    105.18,        51,
     105.2,        68,
    105.22,        73,
   105.241,        55,
   105.261,        65,
   105.281,        63,
   105.301,        72,
   105.321,        66,
   105.342,        67,
   105.362,        64,
   105.382,        62,
   105.402,        51,
   105.422,        67,
   105.443,        72,
   105.463,        75,
   105.483,        72,
   105.503,        63,
   105.523,        61,
   105.543,        59,
   105.564,        56,
   105.584,        55,
   105.604,        70,
   105.624,        68,
   105.644,        61,
   105.665,        54,
   105.685,        79,
   105.705,        66,
   105.725,        59,
   105.745,        57,
   105.766,        64,
   105.786,        57,
   105.806,        62,
   105.826,        71,
   105.846,        67,
   105.867,        63,
   105.887,        77,
   105.907,        82,
   105.927,        59,
   105.947,        75,
   105.967,        76,
   105.988,        64,
   106.008,        74,
   106.028,        63,
   106.048,        59,
   106.068,        62,
   106.089,        61,
   106.109,        59,
   106.129,        71,
   106.149,        66,
   106.169,        84,
    106.19,        57,
    106.21,        77,
    106.23,        63,
    106.25,        59,
    106.27,        71,
   106.291,        69,
   106.311,        76,
   106.331,        68,
   106.351,        56,
   106.371,        69,
   106.391,        67,
   106.412,        66,
   106.432,        55,
   106.452,        68,
   106.472,        79,
   106.492,        59,
   106.513,        74,
   106.533,        72,
   106.553,        68,
   106.573,        59,
   106.593,        73,
   106.614,        69,
   106.634,        70,
   106.654,        72,
   106.674,        61,
   106.694,        78,
   106.715,        52,
   106.735,        59,
   106.755,        66,
   106.775,        49,
   106.795,        64,
   106.815,        62,
   106.836,        60,
   106.856,        61,
   106.876,        67,
   106.896,        81,
   106.916,        73,
   106.937,        74,
   106.957,        66,
   106.977,        75,
   106.997,        65,
   107.017,        55,
   107.038,        73,
   107.058,        87,
   107.078,        61,
   107.098,        69,
   107.118,        59,
   107.139,        53,
   107.159,        59,
   107.179,        60,
   107.199,        69,
   107.219,        63,
   107.239,        56,
    107.26,        63,
    107.28,        69,
     107.3,        46,
    107.32,        66,
    107.34,        68,
   107.361,        76,
   107.381,        63,
   107.401,        66,
   107.421,        86,
   107.441,        66,
   107.462,        51,
   107.482,        60,
   107.502,        58,
   107.522,        82,
   107.542,        69,
   107.563,        70,
   107.583,        60,
   107.603,        75,
   107.623,        69,
   107.643,        54,
   107.663,        62,
   107.684,        60,
   107.704,        69,
   107.724,        72,
   107.744,        60,
   107.764,        60,
   107.785,        62,
   107.805,        57,
   107.825,        67,
   107.845,        61,
   107.865,        79,
   107.886,        64,
   107.906,        55,
   107.926,        62,
   107.946,        62,
   107.966,        62,
   107.987,        66,
   108.007,        55,
   108.027,        67,
   108.047,        58,
   108.067,        58,
   108.087,        64,
   108.108,        56,
   108.128,        46,
   108.148,        66,
   108.168,        59,
   108.188,        79,
   108.209,        67,
   108.229,        66,
   108.249,        69,
   108.269,        76,
   108.289,        67,
    108.31,        67,
    108.33,        70,
    108.35,        67,
    108.37,        63,
    108.39,        64,
   108.411,        65,
   108.431,        64,
   108.451,        67,
   108.471,        59,
   108.491,        73,
   108.511,        63,
   108.532,        74,
   108.552,        68,
   108.572,        48,
   108.592,        67,
   108.612,        64,
   108.633,        71,
   108.653,        61,
   108.673,        61,
   108.693,        81,
   108.713,        60,
   108.734,        69,
   108.754,        58,
   108.774,        66,
   108.794,        61,
   108.814,        63,
   108.835,        76,
   108.855,        69,
   108.875,        67,
   108.895,        65,
   108.915,        68,
   108.935,        68,
   108.956,        73,
   108.976,        61,
   108.996,        67,
   109.016,        82,
   109.036,        53,
   109.057,        58,
   109.077,        63,
   109.097,        57,
   109.117,        70,
   109.137,        73,
   109.158,        77,
   109.178,        59,
   109.198,        59,
   109.218,        71,
   109.238,        67,
   109.259,        78,
   109.279,        71,
   109.299,        62,
   109.319,        65,
   109.339,        62,
   109.359,        57,
    109.38,        62,
     109.4,        70,
    109.42,        64,
    109.44,        65,
    109.46,        74,
   109.481,        74,
   109.501,        58,
   109.521,        72,
   109.541,        65,
   109.561,        61,
   109.582,        71,
   109.602,        70,
   109.622,        72,
   109.642,        64,
   109.662,        70,
   109.683,        59,
   109.703,        61,
   109.723,        56,
   109.743,        60,
   109.763,        53,
   109.783,        69,
   109.804,        80,
   109.824,        64,
   109.844,        60,
   109.864,        60,
   109.884,        68,
   109.905,        61,
   109.925,        67,
   109.945,        61,
   109.965,        58,
   109.985,        73,
   110.006,        72,
   110.026,        78,
   110.046,        57,
   110.066,        69,
   110.086,        65,
   110.107,        57,
   110.127,        79,
   110.147,        66,
   110.167,        57,
   110.187,        68,
   110.207,        56,
   110.228,        68,
   110.248,        75,
   110.268,        80,
   110.288,        79,
   110.308,        66,
   110.329,        51,
   110.349,        69,
   110.369,        56,
   110.389,        66,
   110.409,        71,
    110.43,        61,
    110.45,        55,
    110.47,        58,
    110.49,        73,
    110.51,        73,
   110.531,        72,
   110.551,        74,
   110.571,        62,
   110.591,        62,
   110.611,        74,
   110.631,        66,
   110.652,        48,
   110.672,        72,
   110.692,        63,
   110.712,        68,
   110.732,        65,
   110.753,        64,
   110.773,        58,
   110.793,        66,
   110.813,        59,
   110.833,        64,
   110.854,        57,
   110.874,        61,
   110.894,        63,
   110.914,        63,
   110.934,        70,
   110.955,        57,
   110.975,        72,
   110.995,        69,
   111.015,        65,
   111.035,        59,
   111.055,        61,
   111.076,        62,
   111.096,        62,
   111.116,        64,
   111.136,        59,
   111.156,        61,
   111.177,        61,
   111.197,        59,
   111.217,        61,
   111.237,        62,
   111.257,        53,
   111.278,        63,
   111.298,        64,
   111.318,        64,
   111.338,        64,
   111.358,        68,
   111.379,        62,
   111.399,        68,
   111.419,        64,
   111.439,        70,
   111.459,        65,
   111.479,        62,
     111.5,        60,
    111.52,        61,
    111.54,        64,
    111.56,        61,
    111.58,        83,
   111.601,        59,
   111.621,        73,
   111.641,        64,
   111.661,        64,
   111.681,        64,
   111.702,        61,
   111.722,        70,
   111.742,        51,
   111.762,        58,
   111.782,        59,
   111.803,        57,
   111.823,        61,
   111.843,        60,
   111.863,        60,
   111.883,        66,
   111.903,        69,
   111.924,        70,
   111.944,        61,
   111.964,        59,
   111.984,        70,
   112.004,        69,
   112.025,        63,
   112.045,        62,
   112.065,        58,
   112.085,        70,
   112.105,        57,
   112.126,        67,
   112.146,        59,
   112.166,        64,
   112.186,        71,
   112.206,        78,
   112.227,        62,
   112.247,        69,
   112.267,        59,
   112.287,        68,
   112.307,        73,
   112.327,        67,
   112.348,        59,
   112.368,        74,
   112.388,        60,
   112.408,        82,
   112.428,        65,
   112.449,        56,
   112.469,        59,
   112.489,        60,
   112.509,        70,
   112.529,        66,
    112.55,        66,
    112.57,        61,
    112.59,        63,
    112.61,        71,
    112.63,        57,
   112.651,        72,
   112.671,        53,
   112.691,        67,
   112.711,        80,
   112.731,        58,
   112.752,        60,
   112.772,        63,
   112.792,        59,
   112.812,        72,
   112.832,        74,
   112.852,        59,
   112.873,        69,
   112.893,        69,
   112.913,        66,
   112.933,        69,
   112.953,        62,
   112.974,        61,
   112.994,        63,
   113.014,        69,
   113.034,        66,
   113.054,        57,
   113.075,        64,
   113.095,        65,
   113.115,        54,
   113.135,        63,
   113.155,        55,
   113.176,        67,
   113.196,        63,
   113.216,        63,
   113.236,        52,
   113.256,        56,
   113.276,        62,
   113.297,        68,
   113.317,        69,
   113.337,        64,
   113.357,        73,
   113.377,        49,
   113.398,        56,
   113.418,        61,
   113.438,        61,
   113.458,        69,
   113.478,        69,
   113.499,        60,
   113.519,        71,
   113.539,        75,
   113.559,        67,
   113.579,        75,
     113.6,        56,
    113.62,        75,
    113.64,        66,
    113.66,        75,
    113.68,        68,
     113.7,        57,
   113.721,        65,
   113.741,        59,
   113.761,        78,
   113.781,        65,
   113.801,        68,
   113.822,        63,
   113.842,        65,
   113.862,        78,
   113.882,        63,
   113.902,        54,
   113.923,        65,
   113.943,        69,
   113.963,        60,
   113.983,        53,
   114.003,        58,
   114.024,        66,
   114.044,        69,
   114.064,        67,
   114.084,        59,
   114.104,        68,
   114.124,        80,
   114.145,        75,
   114.165,        69,
   114.185,        75,
   114.205,        74,
   114.225,        66,
   114.246,        73,
   114.266,        77,
   114.286,        79,
   114.306,        66,
   114.326,        60,
   114.347,        61,
   114.367,        71,
   114.387,        60,
   114.407,        61,
   114.427,        64,
   114.448,        63,
   114.468,        63,
   114.488,        68,
   114.508,        54,
   114.528,        69,
   114.548,        72,
   114.569,        58,
   114.589,        61,
   114.609,        58,
   114.629,        69,
   114.649,        71,
    114.67,        61,
    114.69,        66,
    114.71,        69,
    114.73,        70,
    114.75,        79,
   114.771,        68,
   114.791,        57,
   114.811,        54,
   114.831,        70,
   114.851,        62,
   114.872,        59,
   114.892,        70,
   114.912,        72,
   114.932,        58,
   114.952,        71,
   114.972,        68,
   114.993,        62,
   115.013,        67,
   115.033,        69,
   115.053,        70,
   115.073,        79,
   115.094,        59,
   115.114,        62,
   115.134,        63,
   115.154,        57,
   115.174,        62,
   115.195,        58,
   115.215,        63,
   115.235,        67,
   115.255,        68,
   115.275,        65,
   115.296,        68,
   115.316,        71,
   115.336,        66,
   115.356,        63,
   115.376,        60,
   115.396,        71,
   115.417,        58,
   115.437,        58,
   115.457,        61,
   115.477,        59,
   115.497,        66,
   115.518,        60,
   115.538,        65,
   115.558,        67,
   115.578,        75,
   115.598,        80,
   115.619,        77,
   115.639,        66,
   115.659,        68,
   115.679,        58,
   115.699,        72,
    115.72,        83,
    115.74,        52,
    115.76,        72,
    115.78,        58,
     115.8,        62,
    115.82,        62,
   115.841,        70,
   115.861,        61,
   115.881,        80,
   115.901,        60,
   115.921,        64,
   115.942,        70,
   115.962,        65,
   115.982,        72,
   116.002,        64,
   116.022,        74,
   116.043,        63,
   116.063,        67,
   116.083,        68,
   116.103,        59,
   116.123,        68,
   116.144,        64,
   116.164,        69,
   116.184,        61,
   116.204,        69,
   116.224,        65,
   116.244,        59,
   116.265,        62,
   116.285,        61,
   116.305,        74,
   116.325,        67,
   116.345,        69,
   116.366,        69,
   116.386,        63,
   116.406,        66,
   116.426,        67,
   116.446,        68,
   116.467,        75,
   116.487,        83,
   116.507,        63,
   116.527,        64,
   116.547,        78,
   116.568,        85,
   116.588,        59,
   116.608,        75,
   116.628,        72,
   116.648,        78,
   116.668,        57,
   116.689,        69,
   116.709,        59,
   116.729,        67,
   116.749,        60,
   116.769,        64,
    116.79,        60,
    116.81,        71,
    116.83,        54,
    116.85,        56,
    116.87,        69,
   116.891,        60,
   116.911,        70,
   116.931,        56,
   116.951,        72,
   116.971,        79,
   116.992,        62,
   117.012,        75,
   117.032,        76,
   117.052,        90,
   117.072,        78,
   117.092,        61,
   117.113,        68,
   117.133,        65,
   117.153,        67,
   117.173,        67,
   117.193,        61,
   117.214,        82,
   117.234,        66,
   117.254,        71,
   117.274,        62,
   117.294,        65,
   117.315,        79,
   117.335,        71,
   117.355,        81,
   117.375,        78,
   117.395,        67,
   117.416,        78,
   117.436,        61,
   117.456,        73,
   117.476,        71,
   117.496,        66,
   117.516,        64,
   117.537,        74,
   117.557,        57,
   117.577,        76,
   117.597,        73,
   117.617,        55,
   117.638,        68,
   117.658,        65,
   117.678,        74,
   117.698,        64,
   117.718,        68,
   117.739,        74,
   117.759,        86,
   117.779,        82,
   117.799,        65,
   117.819,        69,
    117.84,        86,
    117.86,        90,
    117.88,        85,
     117.9,        71,
    117.92,        69,
    117.94,        79,
   117.961,        86,
   117.981,        88,
   118.001,        60,
   118.021,        77,
   118.041,        80,
   118.062,        67,
   118.082,        69,
   118.102,        83,
   118.122,        89,
   118.142,        96,
   118.163,        90,
   118.183,        91,
   118.203,        98,
   118.223,        93,
   118.243,        99,
   118.264,        97,
   118.284,       126,
   118.304,       128,
   118.324,       143,
   118.344,       157,
   118.364,       174,
   118.385,       162,
   118.405,       160,
   118.425,       127,
   118.445,       142,
   118.465,       113,
   118.486,       119,
   118.506,       128,
   118.526,        96,
   118.546,       100,
   118.566,        90,
   118.587,        96,
   118.607,        95,
   118.627,        88,
   118.647,        96,
   118.667,        81,
   118.688,        92,
   118.708,       108,
   118.728,        99,
   118.748,        98,
   118.768,        94,
   118.788,       110,
   118.809,       103,
   118.829,       105,
   118.849,       120,
   118.869,       122,
   118.889,       118,
    118.91,       128,
    118.93,       103,
    118.95,        87,
    118.97,        76,
    118.99,        90,
   119.011,        85,
   119.031,        86,
   119.051,        77,
   119.071,        89,
   119.091,        77,
   119.112,        54,
   119.132,        71,
   119.152,        78,
   119.172,        73,
   119.192,        86,
   119.212,        79,
   119.233,        71,
   119.253,        65,
   119.273,        71,
   119.293,        87,
   119.313,        83,
   119.334,        65,
   119.354,        57,
   119.374,        86,
   119.394,        68,
   119.414,        69,
   119.435,        72,
   119.455,        60,
   119.475,        64,
   119.495,        62,
   119.515,        67,
   119.536,        70,
   119.556,        74,
   119.576,        63,
   119.596,        82,
   119.616,        70,
   119.636,        69,
   119.657,        85,
   119.677,        80,
   119.697,        83,
   119.717,        60,
   119.737,        73,
   119.758,        66,
   119.778,        84,
   119.798,        78,
   119.818,        74,
   119.838,        79,
   119.859,        70,
   119.879,        74,
   119.899,        78,
   119.919,        72,
   119.939,        70,
    119.96,        62,
    119.98,        64,
       120,        70,
