;RAW4.00
[RawHeader]
Date=04/22/2026
EstimatedTotalTime=571.737
FurtherDQLReading=0
HardwareIndicator=65519
MeasuredTotalTime=571.737
MeasurementFlag=1
NumberOfMeasuredRanges=1
NumberOfRanges=1
Time=14:45:28

[VarInfo]
Type=USER
Flags=0
Value=Lab Manager

[VarInfo]
Type=SAMPLEID
Flags=0
Value=Commander Sample ID

[VarInfo]
Type=COMMENT
Flags=0
Value=

[VarInfo]
Type=UTF
Flags=0
Value=

[VarInfo]
Type=CREATOR
Flags=0
Value=BrmlToV4Converter

[VarInfo]
Type=CREATOR_VERSION
Flags=0
Value=6.5.0.0

[HardwareConfiguration]
AbsorptionFactor=9999
ActivateAbsorber=0
Alpha1=1.5406
Alpha2=1.54439
AlphaAverage=1.54184
AlphaRatio=0.5
Analyzer=0
Anode=Cu
AntiScatteringSlit=9999
BeamOpticsFlags=0
Beta=1.39222
BetaRelativeIntensity=0
DeactivateAbsorber=0
DetectorSlit=9999
DivergenceSlit=9999
GoniometerControl=0
GoniometerDiameter=282
GoniometerModel=256
GoniometerStage=7
Monochromator=0
NearSampleSlit=9999
PrimarySollerSlit=9999
SampleChanger=0
SecondSollerSlit=9999
SynchronousAxis=0
ThinFilmAttachment=9999
WaveUnit=A

[RangeHeader]
ActuallyUsedLambda=1.54184
AdditionalDetectorMask=257
DataRecordLength=4
DelayTime=0
DisplayPlaneNumber=0
EstimatedScanTime=572
ExtraParametersMask=0
GeneratorCurrent=10
GeneratorVoltage=30
Increment=0.0201906
Increment3=0
NumberOfCompletedData=5449
NumberOfCounts=1
NumberOfDetectors=0
NumberOfDrives=3
NumberOfEncoderDrives=0
NumberOfMeasuredData=5449
NumberOfVaryingParameters=0
RangeStartTime=0
RotationSpeed=0
ScanMode=1
ScanType=Locked Coupled
SimulatedMeasConditions=0
SlitChangerIn=0
SmootingWidth=0
Start=10.0017
Steps=5449
SynchronousRotation=0
Time=16.5

[VarInfo]
Type=PSD_DISCRIM
Flags=0
Value=0.11;0.25

[PSD]
ActualTwoTheta=9999
FirstUsedChannel=0
FixedPSD=0
PSDOpening=4.99716
PSDType=5

[Drive]
DriveFlags=1
DriveName=2Theta
DriveNumber=2
DriveOffset=0
OffsetIndex=0
OscillationAmplitude=0
OscillationSpeed=0
StartPosition=10.0017

[Drive]
DriveFlags=1
DriveName=Theta
DriveNumber=1
DriveOffset=0
OffsetIndex=0
OscillationAmplitude=0
OscillationSpeed=0
StartPosition=5.00087

[Drive]
DriveFlags=1
DriveName=Phi
DriveNumber=3
DriveOffset=0
OffsetIndex=0
OscillationAmplitude=0
OscillationSpeed=0
StartPosition=359.986

[Data]
     Angle,       PSD,
   10.0017,       267,
   10.0219,       284,
   10.0421,       304,
   10.0623,       271,
   10.0825,       276,
   10.1027,       243,
   10.1229,       277,
   10.1431,       260,
   10.1633,       285,
   10.1834,       281,
   10.2036,       263,
   10.2238,       271,
    10.244,       288,
   10.2642,       312,
   10.2844,       300,
   10.3046,       378,
   10.3248,       350,
    10.345,       359,
   10.3652,       267,
   10.3854,       332,
   10.4055,       282,
   10.4257,       264,
   10.4459,       325,
   10.4661,       278,
   10.4863,       273,
   10.5065,       304,
   10.5267,       297,
   10.5469,       403,
   10.5671,       487,
   10.5873,       561,
   10.6075,       812,
   10.6276,      1062,
   10.6478,      1067,
    10.668,      1327,
   10.6882,      1437,
   10.7084,      1572,
   10.7286,      1399,
   10.7488,      1250,
    10.769,       979,
   10.7892,       851,
   10.8094,       776,
   10.8295,       869,
   10.8497,       851,
   10.8699,       788,
   10.8901,       674,
   10.9103,       678,
   10.9305,       706,
   10.9507,       709,
   10.9709,       834,
   10.9911,       932,
   11.0113,      1111,
   11.0315,      1160,
   11.0516,      1284,
   11.0718,      1291,
    11.092,      1354,
   11.1122,      1343,
   11.1324,      1297,
   11.1526,      1284,
   11.1728,      1302,
    11.193,      1326,
   11.2132,      1314,
   11.2334,      1336,
   11.2535,      1313,
   11.2737,      1520,
   11.2939,      2054,
   11.3141,      4874,
   11.3343,     15174,
   11.3545,     26559,
   11.3747,     34901,
   11.3949,     42607,
   11.4151,     30156,
   11.4353,     13697,
   11.4555,      3090,
   11.4756,      1143,
   11.4958,       894,
    11.516,       783,
   11.5362,       740,
   11.5564,       738,
   11.5766,       712,
   11.5968,       720,
    11.617,       694,
   11.6372,       662,
   11.6574,       690,
   11.6776,       717,
   11.6977,       676,
   11.7179,       671,
   11.7381,       637,
   11.7583,       540,
   11.7785,       457,
   11.7987,       443,
   11.8189,       440,
   11.8391,       434,
   11.8593,       414,
   11.8795,       427,
   11.8996,       402,
   11.9198,       414,
     11.94,       464,
   11.9602,       412,
   11.9804,       407,
   12.0006,       414,
   12.0208,       457,
    12.041,       408,
   12.0612,       422,
   12.0814,       398,
   12.1016,       447,
   12.1217,       412,
   12.1419,       353,
   12.1621,       416,
   12.1823,       391,
   12.2025,       419,
   12.2227,       413,
   12.2429,       367,
   12.2631,       383,
   12.2833,       376,
   12.3035,       394,
   12.3236,       360,
   12.3438,       343,
    12.364,       360,
   12.3842,       408,
   12.4044,       386,
   12.4246,       375,
   12.4448,       403,
    12.465,       400,
   12.4852,       370,
   12.5054,       345,
   12.5256,       365,
   12.5457,       339,
   12.5659,       377,
   12.5861,       344,
   12.6063,       377,
   12.6265,       378,
   12.6467,       368,
   12.6669,       343,
   12.6871,       381,
   12.7073,       353,
   12.7275,       355,
   12.7477,       372,
   12.7678,       321,
    12.788,       378,
   12.8082,       346,
   12.8284,       330,
   12.8486,       357,
   12.8688,       336,
    12.889,       333,
   12.9092,       339,
   12.9294,       313,
   12.9496,       334,
   12.9697,       335,
   12.9899,       359,
   13.0101,       357,
   13.0303,       315,
   13.0505,       335,
   13.0707,       336,
   13.0909,       317,
   13.1111,       331,
   13.1313,       339,
   13.1515,       314,
   13.1717,       335,
   13.1918,       358,
    13.212,       340,
   13.2322,       331,
   13.2524,       332,
   13.2726,       328,
   13.2928,       331,
    13.313,       328,
   13.3332,       386,
   13.3534,       309,
   13.3736,       306,
   13.3937,       309,
   13.4139,       330,
   13.4341,       326,
   13.4543,       345,
   13.4745,       343,
   13.4947,       287,
   13.5149,       335,
   13.5351,       324,
   13.5553,       299,
   13.5755,       314,
   13.5957,       321,
   13.6158,       319,
    13.636,       321,
   13.6562,       306,
   13.6764,       265,
   13.6966,       323,
   13.7168,       341,
    13.737,       301,
   13.7572,       347,
   13.7774,       271,
   13.7976,       313,
   13.8177,       316,
   13.8379,       311,
   13.8581,       298,
   13.8783,       314,
   13.8985,       325,
   13.9187,       339,
   13.9389,       338,
   13.9591,       348,
   13.9793,       329,
   13.9995,       356,
   14.0197,       328,
   14.0398,       333,
     14.06,       346,
   14.0802,       333,
   14.1004,       313,
   14.1206,       308,
   14.1408,       311,
    14.161,       291,
   14.1812,       334,
   14.2014,       320,
   14.2216,       286,
   14.2418,       338,
   14.2619,       329,
   14.2821,       313,
   14.3023,       341,
   14.3225,       313,
   14.3427,       351,
   14.3629,       336,
   14.3831,       309,
   14.4033,       335,
   14.4235,       309,
   14.4437,       291,
   14.4638,       288,
    14.484,       344,
   14.5042,       337,
   14.5244,       329,
   14.5446,       338,
   14.5648,       302,
    14.585,       312,
   14.6052,       306,
   14.6254,       298,
   14.6456,       331,
   14.6658,       297,
   14.6859,       315,
   14.7061,       302,
   14.7263,       343,
   14.7465,       299,
   14.7667,       356,
   14.7869,       318,
   14.8071,       314,
   14.8273,       307,
   14.8475,       346,
   14.8677,       309,
   14.8878,       317,
    14.908,       287,
   14.9282,       305,
   14.9484,       311,
   14.9686,       295,
   14.9888,       283,
    15.009,       294,
   15.0292,       304,
   15.0494,       292,
   15.0696,       326,
   15.0898,       299,
   15.1099,       281,
   15.1301,       299,
   15.1503,       299,
   15.1705,       313,
   15.1907,       302,
   15.2109,       352,
   15.2311,       357,
   15.2513,       334,
   15.2715,       403,
   15.2917,       408,
   15.3119,       339,
    15.332,       294,
   15.3522,       284,
   15.3724,       289,
   15.3926,       288,
   15.4128,       310,
    15.433,       324,
   15.4532,       273,
   15.4734,       284,
   15.4936,       291,
   15.5138,       289,
   15.5339,       298,
   15.5541,       277,
   15.5743,       294,
   15.5945,       304,
   15.6147,       296,
   15.6349,       286,
   15.6551,       280,
   15.6753,       310,
   15.6955,       296,
   15.7157,       304,
   15.7359,       295,
    15.756,       314,
   15.7762,       280,
   15.7964,       355,
   15.8166,       394,
   15.8368,       442,
    15.857,       427,
   15.8772,       541,
   15.8974,       500,
   15.9176,       436,
   15.9378,       379,
   15.9579,       301,
   15.9781,       301,
   15.9983,       293,
   16.0185,       319,
   16.0387,       324,
   16.0589,       270,
   16.0791,       356,
   16.0993,       405,
   16.1195,       538,
   16.1397,       641,
   16.1599,       732,
     16.18,       674,
   16.2002,       644,
   16.2204,       579,
   16.2406,       571,
   16.2608,       612,
    16.281,       556,
   16.3012,       608,
   16.3214,       667,
   16.3416,       742,
   16.3618,       699,
    16.382,       694,
   16.4021,       700,
   16.4223,       649,
   16.4425,       726,
   16.4627,       768,
   16.4829,       903,
   16.5031,       832,
   16.5233,       912,
   16.5435,       948,
   16.5637,       997,
   16.5839,       901,
    16.604,       971,
   16.6242,       991,
   16.6444,      1067,
   16.6646,      1018,
   16.6848,      1044,
    16.705,      1024,
   16.7252,      1098,
   16.7454,      1292,
   16.7656,      1524,
   16.7858,      2175,
    16.806,      5032,
   16.8261,     14161,
   16.8463,     26466,
   16.8665,     36666,
   16.8867,     45800,
   16.9069,     31542,
   16.9271,     20509,
   16.9473,      9971,
   16.9675,      2453,
   16.9877,      1189,
   17.0079,       903,
    17.028,       831,
   17.0482,       740,
   17.0684,       754,
   17.0886,       730,
   17.1088,       673,
    17.129,       708,
   17.1492,       743,
   17.1694,       692,
   17.1896,       669,
   17.2098,       597,
     17.23,       590,
   17.2501,       543,
   17.2703,       468,
   17.2905,       411,
   17.3107,       428,
   17.3309,       392,
   17.3511,       455,
   17.3713,       374,
   17.3915,       365,
   17.4117,       397,
   17.4319,       388,
   17.4521,       385,
   17.4722,       386,
   17.4924,       379,
   17.5126,       383,
   17.5328,       329,
    17.553,       370,
   17.5732,       394,
   17.5934,       392,
   17.6136,       327,
   17.6338,       368,
    17.654,       381,
   17.6741,       344,
   17.6943,       368,
   17.7145,       367,
   17.7347,       339,
   17.7549,       348,
   17.7751,       326,
   17.7953,       388,
   17.8155,       374,
   17.8357,       343,
   17.8559,       391,
   17.8761,       359,
   17.8962,       332,
   17.9164,       354,
   17.9366,       321,
   17.9568,       337,
    17.977,       317,
   17.9972,       309,
   18.0174,       345,
   18.0376,       327,
   18.0578,       334,
    18.078,       313,
   18.0981,       310,
   18.1183,       358,
   18.1385,       343,
   18.1587,       305,
   18.1789,       322,
   18.1991,       320,
   18.2193,       312,
   18.2395,       299,
   18.2597,       326,
   18.2799,       326,
   18.3001,       298,
   18.3202,       280,
   18.3404,       306,
   18.3606,       284,
   18.3808,       298,
    18.401,       316,
   18.4212,       312,
   18.4414,       325,
   18.4616,       283,
   18.4818,       310,
    18.502,       290,
   18.5222,       288,
   18.5423,       270,
   18.5625,       281,
   18.5827,       296,
   18.6029,       269,
   18.6231,       278,
   18.6433,       282,
   18.6635,       297,
   18.6837,       299,
   18.7039,       284,
   18.7241,       269,
   18.7442,       291,
   18.7644,       254,
   18.7846,       288,
   18.8048,       281,
    18.825,       292,
   18.8452,       296,
   18.8654,       296,
   18.8856,       308,
   18.9058,       286,
    18.926,       283,
   18.9462,       299,
   18.9663,       288,
   18.9865,       313,
   19.0067,       259,
   19.0269,       284,
   19.0471,       257,
   19.0673,       290,
   19.0875,       248,
   19.1077,       268,
   19.1279,       280,
   19.1481,       275,
   19.1682,       253,
   19.1884,       296,
   19.2086,       275,
   19.2288,       258,
    19.249,       298,
   19.2692,       282,
   19.2894,       285,
   19.3096,       247,
   19.3298,       266,
     19.35,       259,
   19.3702,       257,
   19.3903,       245,
   19.4105,       257,
   19.4307,       256,
   19.4509,       229,
   19.4711,       265,
   19.4913,       267,
   19.5115,       268,
   19.5317,       223,
   19.5519,       233,
   19.5721,       251,
   19.5923,       217,
   19.6124,       226,
   19.6326,       246,
   19.6528,       240,
    19.673,       226,
   19.6932,       236,
   19.7134,       249,
   19.7336,       271,
   19.7538,       239,
    19.774,       238,
   19.7942,       277,
   19.8143,       256,
   19.8345,       270,
   19.8547,       234,
   19.8749,       247,
   19.8951,       210,
   19.9153,       217,
   19.9355,       251,
   19.9557,       229,
   19.9759,       230,
   19.9961,       226,
   20.0163,       243,
   20.0364,       238,
   20.0566,       235,
   20.0768,       223,
    20.097,       253,
   20.1172,       217,
   20.1374,       253,
   20.1576,       221,
   20.1778,       247,
    20.198,       229,
   20.2182,       235,
   20.2383,       236,
   20.2585,       217,
   20.2787,       242,
   20.2989,       231,
   20.3191,       222,
   20.3393,       205,
   20.3595,       190,
   20.3797,       208,
   20.3999,       223,
   20.4201,       215,
   20.4403,       219,
   20.4604,       224,
   20.4806,       210,
   20.5008,       228,
    20.521,       203,
   20.5412,       223,
   20.5614,       202,
   20.5816,       212,
   20.6018,       247,
    20.622,       222,
   20.6422,       215,
   20.6624,       217,
   20.6825,       256,
   20.7027,       245,
   20.7229,       226,
   20.7431,       193,
   20.7633,       233,
   20.7835,       213,
   20.8037,       222,
   20.8239,       227,
   20.8441,       222,
   20.8643,       219,
   20.8844,       208,
   20.9046,       192,
   20.9248,       206,
    20.945,       229,
   20.9652,       239,
   20.9854,       268,
   21.0056,       249,
   21.0258,       264,
    21.046,       292,
   21.0662,       284,
   21.0864,       290,
   21.1065,       246,
   21.1267,       218,
   21.1469,       202,
   21.1671,       230,
   21.1873,       237,
   21.2075,       212,
   21.2277,       227,
   21.2479,       213,
   21.2681,       195,
   21.2883,       191,
   21.3084,       223,
   21.3286,       220,
   21.3488,       230,
    21.369,       206,
   21.3892,       229,
   21.4094,       215,
   21.4296,       189,
   21.4498,       181,
     21.47,       195,
   21.4902,       201,
   21.5104,       207,
   21.5305,       217,
   21.5507,       221,
   21.5709,       180,
   21.5911,       191,
   21.6113,       187,
   21.6315,       224,
   21.6517,       228,
   21.6719,       235,
   21.6921,       239,
   21.7123,       246,
   21.7325,       263,
   21.7526,       231,
   21.7728,       241,
    21.793,       241,
   21.8132,       234,
   21.8334,       239,
   21.8536,       243,
   21.8738,       261,
    21.894,       211,
   21.9142,       239,
   21.9344,       223,
   21.9545,       220,
   21.9747,       247,
   21.9949,       256,
   22.0151,       263,
   22.0353,       285,
   22.0555,       249,
   22.0757,       256,
   22.0959,       287,
   22.1161,       260,
   22.1363,       274,
   22.1565,       252,
   22.1766,       267,
   22.1968,       249,
    22.217,       288,
   22.2372,       285,
   22.2574,       331,
   22.2776,       335,
   22.2978,       413,
    22.318,       514,
   22.3382,      1057,
   22.3584,      2288,
   22.3785,      3975,
   22.3987,      5297,
   22.4189,      6046,
   22.4391,      4086,
   22.4593,      2743,
   22.4795,      2314,
   22.4997,       977,
   22.5199,       412,
   22.5401,       300,
   22.5603,       278,
   22.5805,       263,
   22.6006,       244,
   22.6208,       237,
    22.641,       215,
   22.6612,       259,
   22.6814,       212,
   22.7016,       262,
   22.7218,       227,
    22.742,       246,
   22.7622,       196,
   22.7824,       229,
   22.8025,       193,
   22.8227,       214,
   22.8429,       158,
   22.8631,       192,
   22.8833,       197,
   22.9035,       163,
   22.9237,       165,
   22.9439,       189,
   22.9641,       200,
   22.9843,       175,
   23.0045,       192,
   23.0246,       158,
   23.0448,       187,
    23.065,       184,
   23.0852,       170,
   23.1054,       189,
   23.1256,       201,
   23.1458,       164,
    23.166,       202,
   23.1862,       191,
   23.2064,       186,
   23.2266,       176,
   23.2467,       166,
   23.2669,       156,
   23.2871,       204,
   23.3073,       171,
   23.3275,       175,
   23.3477,       166,
   23.3679,       166,
   23.3881,       174,
   23.4083,       195,
   23.4285,       185,
   23.4486,       189,
   23.4688,       186,
    23.489,       190,
   23.5092,       175,
   23.5294,       166,
   23.5496,       178,
   23.5698,       184,
     23.59,       199,
   23.6102,       149,
   23.6304,       194,
   23.6506,       163,
   23.6707,       157,
   23.6909,       167,
   23.7111,       195,
   23.7313,       191,
   23.7515,       200,
   23.7717,       195,
   23.7919,       201,
   23.8121,       190,
   23.8323,       173,
   23.8525,       184,
   23.8726,       153,
   23.8928,       176,
    23.913,       183,
   23.9332,       142,
   23.9534,       164,
   23.9736,       149,
   23.9938,       175,
    24.014,       160,
   24.0342,       153,
   24.0544,       127,
   24.0746,       182,
   24.0947,       148,
   24.1149,       163,
   24.1351,       160,
   24.1553,       170,
   24.1755,       177,
   24.1957,       166,
   24.2159,       158,
   24.2361,       173,
   24.2563,       143,
   24.2765,       163,
   24.2967,       158,
   24.3168,       147,
    24.337,       172,
   24.3572,       167,
   24.3774,       165,
   24.3976,       140,
   24.4178,       155,
    24.438,       180,
   24.4582,       158,
   24.4784,       156,
   24.4986,       160,
   24.5187,       176,
   24.5389,       154,
   24.5591,       167,
   24.5793,       153,
   24.5995,       186,
   24.6197,       135,
   24.6399,       159,
   24.6601,       155,
   24.6803,       171,
   24.7005,       157,
   24.7207,       134,
   24.7408,       140,
    24.761,       167,
   24.7812,       130,
   24.8014,       153,
   24.8216,       117,
   24.8418,       168,
    24.862,       183,
   24.8822,       148,
   24.9024,       130,
   24.9226,       153,
   24.9427,       184,
   24.9629,       157,
   24.9831,       167,
   25.0033,       159,
   25.0235,       156,
   25.0437,       146,
   25.0639,       147,
   25.0841,       165,
   25.1043,       159,
   25.1245,       132,
   25.1447,       142,
   25.1648,       170,
    25.185,       156,
   25.2052,       164,
   25.2254,       195,
   25.2456,       248,
   25.2658,       266,
    25.286,       268,
   25.3062,       243,
   25.3264,       189,
   25.3466,       154,
   25.3668,       182,
   25.3869,       190,
   25.4071,       153,
   25.4273,       146,
   25.4475,       137,
   25.4677,       129,
   25.4879,       150,
   25.5081,       140,
   25.5283,       131,
   25.5485,       126,
   25.5687,       154,
   25.5888,       144,
    25.609,       151,
   25.6292,       117,
   25.6494,       159,
   25.6696,       153,
   25.6898,       146,
     25.71,       117,
   25.7302,       145,
   25.7504,       128,
   25.7706,       144,
   25.7908,       142,
   25.8109,       145,
   25.8311,       144,
   25.8513,       140,
   25.8715,       138,
   25.8917,       150,
   25.9119,       123,
   25.9321,       149,
   25.9523,       143,
   25.9725,       148,
   25.9927,       139,
   26.0128,       148,
    26.033,       134,
   26.0532,       148,
   26.0734,       129,
   26.0936,       126,
   26.1138,       143,
    26.134,       131,
   26.1542,       155,
   26.1744,       165,
   26.1946,       167,
   26.2148,       222,
   26.2349,       224,
   26.2551,       315,
   26.2753,       317,
   26.2955,       338,
   26.3157,       320,
   26.3359,       284,
   26.3561,       230,
   26.3763,       214,
   26.3965,       162,
   26.4167,       135,
   26.4369,       135,
    26.457,       148,
   26.4772,       144,
   26.4974,       141,
   26.5176,       144,
   26.5378,       136,
    26.558,       128,
   26.5782,       131,
   26.5984,       148,
   26.6186,       137,
   26.6388,       140,
   26.6589,       122,
   26.6791,       128,
   26.6993,       126,
   26.7195,       132,
   26.7397,       140,
   26.7599,       132,
   26.7801,       139,
   26.8003,       112,
   26.8205,       149,
   26.8407,       143,
   26.8609,       155,
    26.881,       135,
   26.9012,       164,
   26.9214,       160,
   26.9416,       147,
   26.9618,       169,
    26.982,       156,
   27.0022,       192,
   27.0224,       250,
   27.0426,       292,
   27.0628,       295,
   27.0829,       336,
   27.1031,       313,
   27.1233,       313,
   27.1435,       335,
   27.1637,       331,
   27.1839,       390,
   27.2041,       338,
   27.2243,       355,
   27.2445,       438,
   27.2647,       425,
   27.2849,       477,
    27.305,       505,
   27.3252,       514,
   27.3454,       513,
   27.3656,       526,
   27.3858,       538,
    27.406,       482,
   27.4262,       499,
   27.4464,       483,
   27.4666,       530,
   27.4868,       534,
    27.507,       552,
   27.5271,       575,
   27.5473,       613,
   27.5675,       595,
   27.5877,       683,
   27.6079,       786,
   27.6281,       785,
   27.6483,       901,
   27.6685,       895,
   27.6887,       937,
   27.7089,       873,
    27.729,       994,
   27.7492,      1049,
   27.7694,      1108,
   27.7896,      1240,
   27.8098,      1516,
     27.83,      2017,
   27.8502,      2412,
   27.8704,      2746,
   27.8906,      3761,
   27.9108,      7644,
    27.931,     19711,
   27.9511,     38715,
   27.9713,     53915,
   27.9915,     61035,
   28.0117,     46813,
   28.0319,     32068,
   28.0521,     30641,
   28.0723,     24562,
   28.0925,     10221,
   28.1127,      3118,
   28.1329,      1847,
    28.153,      1371,
   28.1732,      1203,
   28.1934,      1084,
   28.2136,       968,
   28.2338,       946,
    28.254,       919,
   28.2742,       913,
   28.2944,       888,
   28.3146,       742,
   28.3348,       763,
    28.355,       598,
   28.3751,       522,
   28.3953,       509,
   28.4155,       404,
   28.4357,       355,
   28.4559,       366,
   28.4761,       371,
   28.4963,       363,
   28.5165,       356,
   28.5367,       344,
   28.5569,       336,
   28.5771,       334,
   28.5972,       319,
   28.6174,       299,
   28.6376,       326,
   28.6578,       295,
    28.678,       291,
   28.6982,       327,
   28.7184,       299,
   28.7386,       324,
   28.7588,       287,
    28.779,       310,
   28.7991,       284,
   28.8193,       299,
   28.8395,       270,
   28.8597,       271,
   28.8799,       257,
   28.9001,       276,
   28.9203,       283,
   28.9405,       271,
   28.9607,       288,
   28.9809,       298,
   29.0011,       276,
   29.0212,       253,
   29.0414,       273,
   29.0616,       277,
   29.0818,       287,
    29.102,       259,
   29.1222,       252,
   29.1424,       264,
   29.1626,       295,
   29.1828,       264,
    29.203,       227,
   29.2231,       249,
   29.2433,       259,
   29.2635,       231,
   29.2837,       243,
   29.3039,       235,
   29.3241,       240,
   29.3443,       240,
   29.3645,       260,
   29.3847,       230,
   29.4049,       266,
   29.4251,       236,
   29.4452,       234,
   29.4654,       219,
   29.4856,       228,
   29.5058,       215,
    29.526,       226,
   29.5462,       244,
   29.5664,       229,
   29.5866,       244,
   29.6068,       274,
    29.627,       269,
   29.6472,       268,
   29.6673,       284,
   29.6875,       281,
   29.7077,       275,
   29.7279,       278,
   29.7481,       300,
   29.7683,       252,
   29.7885,       284,
   29.8087,       238,
   29.8289,       248,
   29.8491,       219,
   29.8692,       194,
   29.8894,       214,
   29.9096,       224,
   29.9298,       222,
     29.95,       210,
   29.9702,       241,
   29.9904,       215,
   30.0106,       246,
   30.0308,       235,
    30.051,       211,
   30.0712,       214,
   30.0913,       235,
   30.1115,       251,
   30.1317,       234,
   30.1519,       239,
   30.1721,       208,
   30.1923,       236,
   30.2125,       267,
   30.2327,       251,
   30.2529,       314,
   30.2731,       318,
   30.2932,       367,
   30.3134,       453,
   30.3336,       541,
   30.3538,       577,
    30.374,       539,
   30.3942,       378,
   30.4144,       284,
   30.4346,       223,
   30.4548,       249,
    30.475,       241,
   30.4952,       217,
   30.5153,       244,
   30.5355,       210,
   30.5557,       211,
   30.5759,       199,
   30.5961,       203,
   30.6163,       223,
   30.6365,       214,
   30.6567,       216,
   30.6769,       202,
   30.6971,       223,
   30.7172,       186,
   30.7374,       179,
   30.7576,       197,
   30.7778,       175,
    30.798,       216,
   30.8182,       208,
   30.8384,       189,
   30.8586,       197,
   30.8788,       164,
    30.899,       190,
   30.9192,       208,
   30.9393,       197,
   30.9595,       204,
   30.9797,       185,
   30.9999,       196,
   31.0201,       196,
   31.0403,       166,
   31.0605,       179,
   31.0807,       216,
   31.1009,       208,
   31.1211,       204,
   31.1413,       200,
   31.1614,       196,
   31.1816,       209,
   31.2018,       203,
    31.222,       211,
   31.2422,       217,
   31.2624,       207,
   31.2826,       207,
   31.3028,       212,
    31.323,       232,
   31.3432,       205,
   31.3633,       240,
   31.3835,       258,
   31.4037,       268,
   31.4239,       271,
   31.4441,       354,
   31.4643,       392,
   31.4845,       614,
   31.5047,       994,
   31.5249,      1557,
   31.5451,      1758,
   31.5653,      1902,
   31.5854,      1767,
   31.6056,      1402,
   31.6258,      1158,
    31.646,      1045,
   31.6662,       869,
   31.6864,       526,
   31.7066,       368,
   31.7268,       291,
    31.747,       273,
   31.7672,       219,
   31.7873,       230,
   31.8075,       208,
   31.8277,       232,
   31.8479,       231,
   31.8681,       233,
   31.8883,       214,
   31.9085,       201,
   31.9287,       210,
   31.9489,       214,
   31.9691,       227,
   31.9893,       177,
   32.0094,       228,
   32.0296,       194,
   32.0498,       197,
     32.07,       179,
   32.0902,       183,
   32.1104,       233,
   32.1306,       199,
   32.1508,       208,
    32.171,       216,
   32.1912,       185,
   32.2114,       216,
   32.2315,       205,
   32.2517,       210,
   32.2719,       222,
   32.2921,       214,
   32.3123,       188,
   32.3325,       196,
   32.3527,       215,
   32.3729,       216,
   32.3931,       211,
   32.4133,       246,
   32.4334,       302,
   32.4536,       376,
   32.4738,       397,
    32.494,       470,
   32.5142,       544,
   32.5344,       554,
   32.5546,       535,
   32.5748,       621,
    32.595,       602,
   32.6152,       530,
   32.6354,       580,
   32.6555,       612,
   32.6757,       572,
   32.6959,       561,
   32.7161,       576,
   32.7363,       574,
   32.7565,       599,
   32.7767,       534,
   32.7969,       603,
   32.8171,       582,
   32.8373,       603,
   32.8574,       615,
   32.8776,       581,
   32.8978,       761,
    32.918,       789,
   32.9382,       807,
   32.9584,       815,
   32.9786,       934,
   32.9988,       924,
    33.019,       915,
   33.0392,       897,
   33.0594,       894,
   33.0795,       953,
   33.0997,       960,
   33.1199,      1040,
   33.1401,      1122,
   33.1603,      1119,
   33.1805,      1268,
   33.2007,      1325,
   33.2209,      1472,
   33.2411,      1452,
   33.2613,      1591,
   33.2815,      1773,
   33.3016,      1731,
   33.3218,      1940,
    33.342,      1973,
   33.3622,      2149,
   33.3824,      2192,
   33.4026,      2470,
   33.4228,      2914,
    33.443,      3596,
   33.4632,      4670,
   33.4834,      6203,
   33.5035,      6868,
   33.5237,      7775,
   33.5439,     11405,
   33.5641,     23816,
   33.5843,     53050,
   33.6045,     93138,
   33.6247,    125686,
   33.6449,    125941,
   33.6651,     85077,
   33.6853,     61701,
   33.7055,     67306,
   33.7256,     64812,
   33.7458,     42749,
    33.766,     15929,
   33.7862,      6507,
   33.8064,      4180,
   33.8266,      3258,
   33.8468,      2828,
    33.867,      2519,
   33.8872,      2359,
   33.9074,      2153,
   33.9275,      2066,
   33.9477,      2001,
   33.9679,      1804,
   33.9881,      1660,
   34.0083,      1377,
   34.0285,      1207,
   34.0487,      1153,
   34.0689,      1018,
   34.0891,       879,
   34.1093,       819,
   34.1295,       747,
   34.1496,       783,
   34.1698,       721,
     34.19,       682,
   34.2102,       702,
   34.2304,       640,
   34.2506,       642,
   34.2708,       599,
    34.291,       602,
   34.3112,       573,
   34.3314,       550,
   34.3516,       596,
   34.3717,       533,
   34.3919,       509,
   34.4121,       555,
   34.4323,       555,
   34.4525,       495,
   34.4727,       530,
   34.4929,       495,
   34.5131,       533,
   34.5333,       490,
   34.5535,       465,
   34.5736,       504,
   34.5938,       474,
    34.614,       519,
   34.6342,       470,
   34.6544,       481,
   34.6746,       509,
   34.6948,       462,
    34.715,       416,
   34.7352,       489,
   34.7554,       475,
   34.7756,       457,
   34.7957,       509,
   34.8159,       447,
   34.8361,       441,
   34.8563,       456,
   34.8765,       447,
   34.8967,       465,
   34.9169,       450,
   34.9371,       461,
   34.9573,       416,
   34.9775,       436,
   34.9976,       470,
   35.0178,       404,
    35.038,       458,
   35.0582,       397,
   35.0784,       410,
   35.0986,       392,
   35.1188,       413,
    35.139,       424,
   35.1592,       471,
   35.1794,       438,
   35.1996,       417,
   35.2197,       463,
   35.2399,       410,
   35.2601,       436,
   35.2803,       410,
   35.3005,       417,
   35.3207,       380,
   35.3409,       394,
   35.3611,       366,
   35.3813,       371,
   35.4015,       432,
   35.4217,       445,
   35.4418,       515,
    35.462,       602,
   35.4822,       628,
   35.5024,       591,
   35.5226,       497,
   35.5428,       419,
    35.563,       384,
   35.5832,       385,
   35.6034,       385,
   35.6236,       379,
   35.6437,       368,
   35.6639,       374,
   35.6841,       418,
   35.7043,       409,
   35.7245,       385,
   35.7447,       397,
   35.7649,       384,
   35.7851,       359,
   35.8053,       374,
   35.8255,       384,
   35.8457,       360,
   35.8658,       356,
    35.886,       369,
   35.9062,       389,
   35.9264,       339,
   35.9466,       344,
   35.9668,       386,
    35.987,       353,
   36.0072,       364,
   36.0274,       313,
   36.0476,       358,
   36.0677,       383,
   36.0879,       320,
   36.1081,       346,
   36.1283,       297,
   36.1485,       339,
   36.1687,       316,
   36.1889,       315,
   36.2091,       346,
   36.2293,       305,
   36.2495,       336,
   36.2697,       352,
   36.2898,       324,
     36.31,       364,
   36.3302,       295,
   36.3504,       334,
   36.3706,       289,
   36.3908,       312,
    36.411,       301,
   36.4312,       296,
   36.4514,       344,
   36.4716,       297,
   36.4918,       292,
   36.5119,       313,
   36.5321,       315,
   36.5523,       320,
   36.5725,       325,
   36.5927,       337,
   36.6129,       354,
   36.6331,       324,
   36.6533,       299,
   36.6735,       328,
   36.6937,       371,
   36.7138,       347,
    36.734,       359,
   36.7542,       423,
   36.7744,       444,
   36.7946,       406,
   36.8148,       501,
    36.835,       715,
   36.8552,      1053,
   36.8754,      1391,
   36.8956,      1679,
   36.9158,      1732,
   36.9359,      1661,
   36.9561,      1271,
   36.9763,      1171,
   36.9965,      1138,
   37.0167,      1013,
   37.0369,       830,
   37.0571,       563,
   37.0773,       422,
   37.0975,       378,
   37.1177,       302,
   37.1378,       331,
    37.158,       325,
   37.1782,       311,
   37.1984,       301,
   37.2186,       283,
   37.2388,       298,
    37.259,       305,
   37.2792,       290,
   37.2994,       298,
   37.3196,       327,
   37.3398,       300,
   37.3599,       327,
   37.3801,       272,
   37.4003,       285,
   37.4205,       287,
   37.4407,       295,
   37.4609,       312,
   37.4811,       414,
   37.5013,       433,
   37.5215,       486,
   37.5417,       458,
   37.5619,       460,
    37.582,       413,
   37.6022,       344,
   37.6224,       368,
   37.6426,       400,
   37.6628,       335,
    37.683,       299,
   37.7032,       266,
   37.7234,       275,
   37.7436,       273,
   37.7638,       283,
   37.7839,       280,
   37.8041,       307,
   37.8243,       291,
   37.8445,       311,
   37.8647,       297,
   37.8849,       310,
   37.9051,       285,
   37.9253,       305,
   37.9455,       290,
   37.9657,       370,
   37.9859,       427,
    38.006,       481,
   38.0262,       529,
   38.0464,       494,
   38.0666,       492,
   38.0868,       579,
    38.107,       474,
   38.1272,       533,
   38.1474,       575,
   38.1676,       513,
   38.1878,       543,
   38.2079,       487,
   38.2281,       573,
   38.2483,       498,
   38.2685,       552,
   38.2887,       545,
   38.3089,       559,
   38.3291,       587,
   38.3493,       537,
   38.3695,       543,
   38.3897,       554,
   38.4099,       596,
     38.43,       536,
   38.4502,       539,
   38.4704,       551,
   38.4906,       593,
   38.5108,       558,
    38.531,       556,
   38.5512,       605,
   38.5714,       577,
   38.5916,       607,
   38.6118,       612,
   38.6319,       563,
   38.6521,       635,
   38.6723,       680,
   38.6925,       729,
   38.7127,       753,
   38.7329,       808,
   38.7531,       727,
   38.7733,       752,
   38.7935,       786,
   38.8137,       827,
   38.8339,       868,
    38.854,       910,
   38.8742,       958,
   38.8944,      1054,
   38.9146,      1105,
   38.9348,      1200,
    38.955,      1201,
   38.9752,      1373,
   38.9954,      1379,
   39.0156,      1530,
   39.0358,      1523,
    39.056,      1640,
   39.0761,      1775,
   39.0963,      1848,
   39.1165,      2035,
   39.1367,      2418,
   39.1569,      2840,
   39.1771,      3607,
   39.1973,      4418,
   39.2175,      5717,
   39.2377,      6658,
   39.2579,      7471,
    39.278,     11001,
   39.2982,     21520,
   39.3184,     46792,
   39.3386,     80330,
   39.3588,    106387,
    39.379,     99199,
   39.3992,     59762,
   39.4194,     38977,
   39.4396,     47033,
   39.4598,     56894,
     39.48,     49803,
   39.5001,     27694,
   39.5203,     10502,
   39.5405,      5060,
   39.5607,      3566,
   39.5809,      2877,
   39.6011,      2548,
   39.6213,      2294,
   39.6415,      2121,
   39.6617,      1912,
   39.6819,      1863,
    39.702,      1629,
   39.7222,      1425,
   39.7424,      1234,
   39.7626,      1163,
   39.7828,      1112,
    39.803,      1043,
   39.8232,       919,
   39.8434,       841,
   39.8636,       746,
   39.8838,       748,
    39.904,       732,
   39.9241,       663,
   39.9443,       689,
   39.9645,       674,
   39.9847,       659,
   40.0049,       583,
   40.0251,       605,
   40.0453,       570,
   40.0655,       560,
   40.0857,       577,
   40.1059,       534,
   40.1261,       558,
   40.1462,       517,
   40.1664,       494,
   40.1866,       523,
   40.2068,       508,
    40.227,       530,
   40.2472,       487,
   40.2674,       478,
   40.2876,       493,
   40.3078,       466,
    40.328,       462,
   40.3481,       484,
   40.3683,       465,
   40.3885,       486,
   40.4087,       423,
   40.4289,       412,
   40.4491,       441,
   40.4693,       444,
   40.4895,       420,
   40.5097,       438,
   40.5299,       428,
   40.5501,       489,
   40.5702,       458,
   40.5904,       427,
   40.6106,       472,
   40.6308,       469,
    40.651,       453,
   40.6712,       493,
   40.6914,       532,
   40.7116,       510,
   40.7318,       480,
    40.752,       449,
   40.7721,       393,
   40.7923,       388,
   40.8125,       421,
   40.8327,       387,
   40.8529,       413,
   40.8731,       396,
   40.8933,       376,
   40.9135,       369,
   40.9337,       379,
   40.9539,       368,
   40.9741,       333,
   40.9942,       360,
   41.0144,       345,
   41.0346,       371,
   41.0548,       362,
    41.075,       352,
   41.0952,       346,
   41.1154,       363,
   41.1356,       337,
   41.1558,       336,
    41.176,       341,
   41.1962,       348,
   41.2163,       344,
   41.2365,       333,
   41.2567,       331,
   41.2769,       308,
   41.2971,       341,
   41.3173,       329,
   41.3375,       346,
   41.3577,       356,
   41.3779,       355,
   41.3981,       338,
   41.4182,       328,
   41.4384,       326,
   41.4586,       339,
   41.4788,       318,
    41.499,       346,
   41.5192,       302,
   41.5394,       317,
   41.5596,       325,
   41.5798,       360,
      41.6,       338,
   41.6202,       363,
   41.6403,       370,
   41.6605,       365,
   41.6807,       374,
   41.7009,       322,
   41.7211,       339,
   41.7413,       307,
   41.7615,       340,
   41.7817,       321,
   41.8019,       348,
   41.8221,       358,
   41.8422,       389,
   41.8624,       394,
   41.8826,       354,
   41.9028,       327,
    41.923,       322,
   41.9432,       368,
   41.9634,       353,
   41.9836,       364,
   42.0038,       341,
    42.024,       379,
   42.0442,       333,
   42.0643,       342,
   42.0845,       325,
   42.1047,       347,
   42.1249,       357,
   42.1451,       352,
   42.1653,       377,
   42.1855,       379,
   42.2057,       373,
   42.2259,       410,
   42.2461,       450,
   42.2663,       514,
   42.2864,       686,
   42.3066,       934,
   42.3268,       961,
    42.347,      1118,
   42.3672,      1032,
   42.3874,       778,
   42.4076,       723,
   42.4278,       705,
    42.448,       734,
   42.4682,       653,
   42.4883,       553,
   42.5085,       448,
   42.5287,       387,
   42.5489,       349,
   42.5691,       298,
   42.5893,       320,
   42.6095,       313,
   42.6297,       319,
   42.6499,       326,
   42.6701,       325,
   42.6903,       286,
   42.7104,       294,
   42.7306,       294,
   42.7508,       299,
    42.771,       303,
   42.7912,       274,
   42.8114,       335,
   42.8316,       287,
   42.8518,       279,
    42.872,       312,
   42.8922,       297,
   42.9123,       284,
   42.9325,       297,
   42.9527,       315,
   42.9729,       300,
   42.9931,       293,
   43.0133,       250,
   43.0335,       297,
   43.0537,       279,
   43.0739,       266,
   43.0941,       297,
   43.1143,       296,
   43.1344,       301,
   43.1546,       289,
   43.1748,       289,
    43.195,       261,
   43.2152,       275,
   43.2354,       261,
   43.2556,       271,
   43.2758,       276,
    43.296,       282,
   43.3162,       264,
   43.3364,       263,
   43.3565,       244,
   43.3767,       251,
   43.3969,       266,
   43.4171,       254,
   43.4373,       267,
   43.4575,       258,
   43.4777,       285,
   43.4979,       271,
   43.5181,       266,
   43.5383,       301,
   43.5584,       294,
   43.5786,       272,
   43.5988,       320,
    43.619,       322,
   43.6392,       359,
   43.6594,       339,
   43.6796,       318,
   43.6998,       329,
     43.72,       349,
   43.7402,       344,
   43.7604,       366,
   43.7805,       350,
   43.8007,       366,
   43.8209,       391,
   43.8411,       360,
   43.8613,       364,
   43.8815,       338,
   43.9017,       328,
   43.9219,       359,
   43.9421,       339,
   43.9623,       378,
   43.9824,       358,
   44.0026,       362,
   44.0228,       402,
    44.043,       334,
   44.0632,       370,
   44.0834,       393,
   44.1036,       366,
   44.1238,       368,
    44.144,       341,
   44.1642,       370,
   44.1844,       385,
   44.2045,       380,
   44.2247,       374,
   44.2449,       366,
   44.2651,       352,
   44.2853,       338,
   44.3055,       334,
   44.3257,       371,
   44.3459,       358,
   44.3661,       387,
   44.3863,       375,
   44.4065,       378,
   44.4266,       406,
   44.4468,       376,
    44.467,       360,
   44.4872,       398,
   44.5074,       401,
   44.5276,       407,
   44.5478,       426,
    44.568,       473,
   44.5882,       425,
   44.6084,       453,
   44.6285,       435,
   44.6487,       422,
   44.6689,       497,
   44.6891,       492,
   44.7093,       531,
   44.7295,       575,
   44.7497,       594,
   44.7699,       660,
   44.7901,       655,
   44.8103,       697,
   44.8305,       751,
   44.8506,       797,
   44.8708,       818,
    44.891,       848,
   44.9112,       928,
   44.9314,      1045,
   44.9516,      1101,
   44.9718,      1270,
    44.992,      1486,
   45.0122,      1659,
   45.0324,      2076,
   45.0525,      2655,
   45.0727,      3136,
   45.0929,      3914,
   45.1131,      5300,
   45.1333,      9685,
   45.1535,     20027,
   45.1737,     36622,
   45.1939,     48320,
   45.2141,     41498,
   45.2343,     22688,
   45.2545,     12418,
   45.2746,     14210,
   45.2948,     20659,
    45.315,     24844,
   45.3352,     19586,
   45.3554,      9637,
   45.3756,      4168,
   45.3958,      2230,
    45.416,      1688,
   45.4362,      1386,
   45.4564,      1207,
   45.4766,      1031,
   45.4967,      1019,
   45.5169,       937,
   45.5371,       927,
   45.5573,       766,
   45.5775,       677,
   45.5977,       623,
   45.6179,       621,
   45.6381,       596,
   45.6583,       532,
   45.6785,       510,
   45.6986,       460,
   45.7188,       445,
    45.739,       388,
   45.7592,       409,
   45.7794,       401,
   45.7996,       405,
   45.8198,       362,
     45.84,       359,
   45.8602,       361,
   45.8804,       378,
   45.9006,       403,
   45.9207,       390,
   45.9409,       395,
   45.9611,       362,
   45.9813,       381,
   46.0015,       364,
   46.0217,       380,
   46.0419,       361,
   46.0621,       327,
   46.0823,       304,
   46.1025,       322,
   46.1226,       256,
   46.1428,       285,
    46.163,       277,
   46.1832,       293,
   46.2034,       301,
   46.2236,       296,
   46.2438,       259,
    46.264,       301,
   46.2842,       270,
   46.3044,       285,
   46.3246,       304,
   46.3447,       273,
   46.3649,       264,
   46.3851,       258,
   46.4053,       237,
   46.4255,       266,
   46.4457,       283,
   46.4659,       275,
   46.4861,       271,
   46.5063,       259,
   46.5265,       285,
   46.5467,       241,
   46.5668,       231,
    46.587,       284,
   46.6072,       281,
   46.6274,       231,
   46.6476,       236,
   46.6678,       228,
    46.688,       251,
   46.7082,       249,
   46.7284,       261,
   46.7486,       251,
   46.7687,       244,
   46.7889,       231,
   46.8091,       249,
   46.8293,       246,
   46.8495,       252,
   46.8697,       224,
   46.8899,       245,
   46.9101,       228,
   46.9303,       238,
   46.9505,       219,
   46.9707,       263,
   46.9908,       217,
    47.011,       265,
   47.0312,       226,
   47.0514,       224,
   47.0716,       245,
   47.0918,       216,
    47.112,       245,
   47.1322,       229,
   47.1524,       230,
   47.1726,       254,
   47.1927,       216,
   47.2129,       245,
   47.2331,       205,
   47.2533,       202,
   47.2735,       220,
   47.2937,       214,
   47.3139,       251,
   47.3341,       220,
   47.3543,       205,
   47.3745,       206,
   47.3947,       228,
   47.4148,       229,
    47.435,       225,
   47.4552,       194,
   47.4754,       190,
   47.4956,       242,
   47.5158,       198,
    47.536,       203,
   47.5562,       191,
   47.5764,       197,
   47.5966,       214,
   47.6167,       224,
   47.6369,       207,
   47.6571,       193,
   47.6773,       191,
   47.6975,       211,
   47.7177,       213,
   47.7379,       208,
   47.7581,       216,
   47.7783,       200,
   47.7985,       197,
   47.8187,       207,
   47.8388,       219,
    47.859,       184,
   47.8792,       226,
   47.8994,       202,
   47.9196,       211,
   47.9398,       202,
     47.96,       200,
   47.9802,       211,
   48.0004,       203,
   48.0206,       221,
   48.0408,       209,
   48.0609,       199,
   48.0811,       178,
   48.1013,       154,
   48.1215,       192,
   48.1417,       200,
   48.1619,       177,
   48.1821,       194,
   48.2023,       189,
   48.2225,       178,
   48.2427,       189,
   48.2628,       172,
    48.283,       186,
   48.3032,       196,
   48.3234,       177,
   48.3436,       187,
   48.3638,       160,
    48.384,       179,
   48.4042,       176,
   48.4244,       190,
   48.4446,       162,
   48.4648,       172,
   48.4849,       191,
   48.5051,       187,
   48.5253,       166,
   48.5455,       174,
   48.5657,       213,
   48.5859,       166,
   48.6061,       198,
   48.6263,       167,
   48.6465,       170,
   48.6667,       191,
   48.6868,       171,
    48.707,       188,
   48.7272,       166,
   48.7474,       155,
   48.7676,       175,
   48.7878,       159,
    48.808,       159,
   48.8282,       215,
   48.8484,       176,
   48.8686,       176,
   48.8888,       176,
   48.9089,       207,
   48.9291,       178,
   48.9493,       172,
   48.9695,       182,
   48.9897,       184,
   49.0099,       195,
   49.0301,       200,
   49.0503,       199,
   49.0705,       202,
   49.0907,       183,
   49.1109,       225,
    49.131,       193,
   49.1512,       184,
   49.1714,       198,
   49.1916,       202,
   49.2118,       190,
    49.232,       195,
   49.2522,       193,
   49.2724,       176,
   49.2926,       178,
   49.3128,       185,
   49.3329,       185,
   49.3531,       187,
   49.3733,       197,
   49.3935,       202,
   49.4137,       190,
   49.4339,       189,
   49.4541,       132,
   49.4743,       190,
   49.4945,       190,
   49.5147,       194,
   49.5349,       198,
    49.555,       187,
   49.5752,       208,
   49.5954,       185,
   49.6156,       195,
   49.6358,       181,
    49.656,       186,
   49.6762,       193,
   49.6964,       200,
   49.7166,       189,
   49.7368,       160,
   49.7569,       166,
   49.7771,       191,
   49.7973,       185,
   49.8175,       175,
   49.8377,       192,
   49.8579,       181,
   49.8781,       177,
   49.8983,       185,
   49.9185,       207,
   49.9387,       198,
   49.9589,       180,
    49.979,       174,
   49.9992,       164,
   50.0194,       189,
   50.0396,       201,
   50.0598,       200,
     50.08,       187,
   50.1002,       180,
   50.1204,       194,
   50.1406,       166,
   50.1608,       168,
    50.181,       197,
   50.2011,       180,
   50.2213,       210,
   50.2415,       187,
   50.2617,       180,
   50.2819,       197,
   50.3021,       188,
   50.3223,       177,
   50.3425,       167,
   50.3627,       194,
   50.3829,       166,
    50.403,       174,
   50.4232,       162,
   50.4434,       181,
   50.4636,       204,
   50.4838,       174,
    50.504,       190,
   50.5242,       173,
   50.5444,       219,
   50.5646,       194,
   50.5848,       187,
    50.605,       195,
   50.6251,       234,
   50.6453,       245,
   50.6655,       245,
   50.6857,       281,
   50.7059,       241,
   50.7261,       241,
   50.7463,       261,
   50.7665,       258,
   50.7867,       272,
   50.8069,       277,
    50.827,       258,
   50.8472,       258,
   50.8674,       264,
   50.8876,       273,
   50.9078,       276,
    50.928,       315,
   50.9482,       339,
   50.9684,       308,
   50.9886,       341,
   51.0088,       439,
    51.029,       521,
   51.0491,       634,
   51.0693,       810,
   51.0895,      1116,
   51.1097,      1989,
   51.1299,      3518,
   51.1501,      5212,
   51.1703,      5251,
   51.1905,      3615,
   51.2107,      1778,
   51.2309,      1246,
   51.2511,      1550,
   51.2712,      2202,
   51.2914,      2819,
   51.3116,      2545,
   51.3318,      1517,
    51.352,       783,
   51.3722,       465,
   51.3924,       389,
   51.4126,       290,
   51.4328,       270,
    51.453,       271,
   51.4731,       222,
   51.4933,       226,
   51.5135,       241,
   51.5337,       209,
   51.5539,       221,
   51.5741,       225,
   51.5943,       208,
   51.6145,       196,
   51.6347,       180,
   51.6549,       186,
   51.6751,       177,
   51.6952,       177,
   51.7154,       169,
   51.7356,       170,
   51.7558,       154,
    51.776,       174,
   51.7962,       169,
   51.8164,       178,
   51.8366,       172,
   51.8568,       180,
    51.877,       139,
   51.8971,       184,
   51.9173,       143,
   51.9375,       173,
   51.9577,       159,
   51.9779,       136,
   51.9981,       165,
   52.0183,       153,
   52.0385,       140,
   52.0587,       165,
   52.0789,       152,
   52.0991,       150,
   52.1192,       153,
   52.1394,       140,
   52.1596,       138,
   52.1798,       143,
      52.2,       126,
   52.2202,       152,
   52.2404,       147,
   52.2606,       162,
   52.2808,       142,
    52.301,       162,
   52.3212,       139,
   52.3413,       142,
   52.3615,       152,
   52.3817,       148,
   52.4019,       142,
   52.4221,       145,
   52.4423,       163,
   52.4625,       163,
   52.4827,       151,
   52.5029,       153,
   52.5231,       135,
   52.5432,       141,
   52.5634,       140,
   52.5836,       164,
   52.6038,       127,
    52.624,       140,
   52.6442,       139,
   52.6644,       144,
   52.6846,       129,
   52.7048,       156,
    52.725,       120,
   52.7452,       164,
   52.7653,       143,
   52.7855,       147,
   52.8057,       159,
   52.8259,       137,
   52.8461,       125,
   52.8663,       153,
   52.8865,       138,
   52.9067,       129,
   52.9269,       156,
   52.9471,       144,
   52.9672,       149,
   52.9874,       118,
   53.0076,       127,
   53.0278,       119,
    53.048,       113,
   53.0682,       150,
   53.0884,       131,
   53.1086,       142,
   53.1288,       131,
    53.149,       120,
   53.1692,       123,
   53.1893,       126,
   53.2095,       150,
   53.2297,       132,
   53.2499,       129,
   53.2701,       139,
   53.2903,       144,
   53.3105,       149,
   53.3307,       149,
   53.3509,       117,
   53.3711,       131,
   53.3913,       157,
   53.4114,       136,
   53.4316,       146,
   53.4518,       157,
    53.472,       211,
   53.4922,       227,
   53.5124,       221,
   53.5326,       225,
   53.5528,       229,
    53.573,       196,
   53.5932,       191,
   53.6133,       174,
   53.6335,       196,
   53.6537,       183,
   53.6739,       191,
   53.6941,       196,
   53.7143,       158,
   53.7345,       157,
   53.7547,       149,
   53.7749,       125,
   53.7951,       109,
   53.8153,       122,
   53.8354,       119,
   53.8556,       146,
   53.8758,       121,
    53.896,       131,
   53.9162,       133,
   53.9364,       152,
   53.9566,       129,
   53.9768,        92,
    53.997,       133,
   54.0172,       148,
   54.0373,       135,
   54.0575,       129,
   54.0777,       140,
   54.0979,       120,
   54.1181,       117,
   54.1383,       138,
   54.1585,       133,
   54.1787,        95,
   54.1989,       123,
   54.2191,       118,
   54.2393,       126,
   54.2594,       118,
   54.2796,       126,
   54.2998,       124,
     54.32,       150,
   54.3402,       136,
   54.3604,       135,
   54.3806,       117,
   54.4008,       147,
    54.421,       111,
   54.4412,       113,
   54.4614,       142,
   54.4815,       138,
   54.5017,       120,
   54.5219,       153,
   54.5421,       124,
   54.5623,       161,
   54.5825,       118,
   54.6027,       138,
   54.6229,       117,
   54.6431,       138,
   54.6633,       106,
   54.6834,       137,
   54.7036,       123,
   54.7238,       126,
    54.744,       133,
   54.7642,       123,
   54.7844,       129,
   54.8046,       110,
   54.8248,       102,
    54.845,       102,
   54.8652,       106,
   54.8854,       143,
   54.9055,       109,
   54.9257,       136,
   54.9459,       111,
   54.9661,       127,
   54.9863,       108,
   55.0065,       109,
   55.0267,       109,
   55.0469,       110,
   55.0671,       105,
   55.0873,       126,
   55.1074,       106,
   55.1276,       110,
   55.1478,       113,
    55.168,       142,
   55.1882,       122,
   55.2084,       146,
   55.2286,       119,
   55.2488,       121,
    55.269,       130,
   55.2892,       139,
   55.3094,       126,
   55.3295,       104,
   55.3497,       107,
   55.3699,       130,
   55.3901,       134,
   55.4103,       140,
   55.4305,       152,
   55.4507,       144,
   55.4709,       136,
   55.4911,       138,
   55.5113,       132,
   55.5314,       126,
   55.5516,       121,
   55.5718,       162,
    55.592,       126,
   55.6122,       109,
   55.6324,       152,
   55.6526,       128,
   55.6728,       152,
    55.693,       145,
   55.7132,       148,
   55.7334,       147,
   55.7535,       105,
   55.7737,       139,
   55.7939,       128,
   55.8141,       142,
   55.8343,       147,
   55.8545,       138,
   55.8747,       122,
   55.8949,       141,
   55.9151,       125,
   55.9353,       126,
   55.9555,       123,
   55.9756,       121,
   55.9958,       145,
    56.016,       130,
   56.0362,       117,
   56.0564,       148,
   56.0766,       116,
   56.0968,       115,
    56.117,       110,
   56.1372,       152,
   56.1574,       142,
   56.1775,       140,
   56.1977,       136,
   56.2179,       117,
   56.2381,       146,
   56.2583,       119,
   56.2785,       160,
   56.2987,       128,
   56.3189,       159,
   56.3391,       133,
   56.3593,       148,
   56.3795,       129,
   56.3996,       151,
   56.4198,       137,
     56.44,       133,
   56.4602,       160,
   56.4804,       137,
   56.5006,       163,
   56.5208,       152,
    56.541,       147,
   56.5612,       141,
   56.5814,       167,
   56.6015,       148,
   56.6217,       145,
   56.6419,       190,
   56.6621,       155,
   56.6823,       176,
   56.7025,       144,
   56.7227,       175,
   56.7429,       182,
   56.7631,       182,
   56.7833,       180,
   56.8035,       194,
   56.8236,       210,
   56.8438,       228,
    56.864,       224,
   56.8842,       209,
   56.9044,       234,
   56.9246,       246,
   56.9448,       296,
    56.965,       306,
   56.9852,       312,
   57.0054,       330,
   57.0256,       342,
   57.0457,       363,
   57.0659,       362,
   57.0861,       411,
   57.1063,       573,
   57.1265,       653,
   57.1467,       842,
   57.1669,      1089,
   57.1871,      1433,
   57.2073,      2220,
   57.2275,      3928,
   57.2476,      6736,
   57.2678,      9058,
    57.288,      8334,
   57.3082,      4987,
   57.3284,      2391,
   57.3486,      1599,
   57.3688,      1879,
    57.389,      2776,
   57.4092,      4114,
   57.4294,      4712,
   57.4496,      3676,
   57.4697,      1906,
   57.4899,       977,
   57.5101,       596,
   57.5303,       448,
   57.5505,       388,
   57.5707,       347,
   57.5909,       299,
   57.6111,       293,
   57.6313,       242,
   57.6515,       243,
   57.6716,       246,
   57.6918,       202,
    57.712,       213,
   57.7322,       207,
   57.7524,       205,
   57.7726,       200,
   57.7928,       190,
    57.813,       203,
   57.8332,       163,
   57.8534,       177,
   57.8736,       159,
   57.8937,       141,
   57.9139,       147,
   57.9341,       148,
   57.9543,       140,
   57.9745,       177,
   57.9947,       136,
   58.0149,       143,
   58.0351,       170,
   58.0553,       166,
   58.0755,       137,
   58.0957,       149,
   58.1158,       156,
    58.136,       140,
   58.1562,       142,
   58.1764,       131,
   58.1966,       144,
   58.2168,       131,
    58.237,       135,
   58.2572,       138,
   58.2774,       132,
   58.2976,       125,
   58.3177,       135,
   58.3379,       123,
   58.3581,       122,
   58.3783,       131,
   58.3985,       134,
   58.4187,       117,
   58.4389,       122,
   58.4591,       128,
   58.4793,       129,
   58.4995,       138,
   58.5197,       125,
   58.5398,       136,
     58.56,       118,
   58.5802,       139,
   58.6004,       105,
   58.6206,       146,
   58.6408,       104,
    58.661,       114,
   58.6812,       126,
   58.7014,       126,
   58.7216,       126,
   58.7417,       118,
   58.7619,       125,
   58.7821,       119,
   58.8023,       121,
   58.8225,       124,
   58.8427,       118,
   58.8629,       110,
   58.8831,       115,
   58.9033,       117,
   58.9235,       119,
   58.9437,       128,
   58.9638,       128,
    58.984,       118,
   59.0042,       109,
   59.0244,       123,
   59.0446,       122,
   59.0648,       113,
    59.085,       118,
   59.1052,       148,
   59.1254,       102,
   59.1456,       115,
   59.1658,       110,
   59.1859,       116,
   59.2061,        96,
   59.2263,       106,
   59.2465,       125,
   59.2667,       106,
   59.2869,       124,
   59.3071,       115,
   59.3273,       119,
   59.3475,       130,
   59.3677,       117,
   59.3878,       118,
    59.408,       107,
   59.4282,       110,
   59.4484,        99,
   59.4686,       118,
   59.4888,       128,
    59.509,       131,
   59.5292,       123,
   59.5494,        98,
   59.5696,       100,
   59.5898,       123,
   59.6099,       121,
   59.6301,       127,
   59.6503,       115,
   59.6705,       100,
   59.6907,       111,
   59.7109,       119,
   59.7311,       112,
   59.7513,       129,
   59.7715,       127,
   59.7917,       152,
   59.8118,       148,
    59.832,       127,
   59.8522,       130,
   59.8724,       133,
   59.8926,       135,
   59.9128,       126,
    59.933,       116,
   59.9532,       120,
   59.9734,       116,
   59.9936,       113,
   60.0138,       138,
   60.0339,       112,
   60.0541,        96,
   60.0743,        94,
   60.0945,        98,
   60.1147,       120,
   60.1349,       111,
   60.1551,       110,
   60.1753,        86,
   60.1955,        99,
   60.2157,       128,
   60.2359,        99,
    60.256,       108,
   60.2762,        92,
   60.2964,       121,
   60.3166,       120,
   60.3368,       128,
    60.357,       124,
   60.3772,        90,
   60.3974,       111,
   60.4176,       100,
   60.4378,       109,
   60.4579,       120,
   60.4781,       128,
   60.4983,       124,
   60.5185,       129,
   60.5387,       130,
   60.5589,       109,
   60.5791,       112,
   60.5993,       108,
   60.6195,       107,
   60.6397,       111,
   60.6599,       102,
     60.68,       102,
   60.7002,       114,
   60.7204,       111,
   60.7406,       101,
   60.7608,       101,
    60.781,       121,
   60.8012,        96,
   60.8214,       100,
   60.8416,       104,
   60.8618,       100,
   60.8819,       105,
   60.9021,       102,
   60.9223,       131,
   60.9425,       100,
   60.9627,       122,
   60.9829,       118,
   61.0031,       106,
   61.0233,       110,
   61.0435,        90,
   61.0637,       112,
   61.0839,       101,
    61.104,        90,
   61.1242,       100,
   61.1444,       107,
   61.1646,       119,
   61.1848,        96,
    61.205,       109,
   61.2252,       103,
   61.2454,       105,
   61.2656,       113,
   61.2858,       108,
    61.306,        98,
   61.3261,       107,
   61.3463,       109,
   61.3665,        93,
   61.3867,       111,
   61.4069,       107,
   61.4271,       102,
   61.4473,       108,
   61.4675,       106,
   61.4877,        89,
   61.5079,       113,
    61.528,       109,
   61.5482,       101,
   61.5684,       112,
   61.5886,       109,
   61.6088,        95,
    61.629,        96,
   61.6492,        97,
   61.6694,       106,
   61.6896,       111,
   61.7098,        95,
     61.73,        95,
   61.7501,        91,
   61.7703,       112,
   61.7905,       103,
   61.8107,        84,
   61.8309,       118,
   61.8511,        91,
   61.8713,        86,
   61.8915,        89,
   61.9117,        90,
   61.9319,        88,
    61.952,       112,
   61.9722,       106,
   61.9924,       109,
   62.0126,        94,
   62.0328,       104,
    62.053,        89,
   62.0732,        89,
   62.0934,       101,
   62.1136,        97,
   62.1338,        99,
    62.154,        99,
   62.1741,       109,
   62.1943,        81,
   62.2145,        91,
   62.2347,        95,
   62.2549,       100,
   62.2751,        95,
   62.2953,       106,
   62.3155,        83,
   62.3357,       109,
   62.3559,        97,
   62.3761,       101,
   62.3962,        97,
   62.4164,        94,
   62.4366,       121,
   62.4568,       100,
    62.477,       102,
   62.4972,       104,
   62.5174,       114,
   62.5376,       100,
   62.5578,       131,
    62.578,        98,
   62.5981,        93,
   62.6183,        97,
   62.6385,        97,
   62.6587,       104,
   62.6789,       110,
   62.6991,       102,
   62.7193,        91,
   62.7395,       117,
   62.7597,        99,
   62.7799,       102,
   62.8001,       102,
   62.8202,        93,
   62.8404,        96,
   62.8606,        98,
   62.8808,        90,
    62.901,        79,
   62.9212,        82,
   62.9414,        96,
   62.9616,       100,
   62.9818,       109,
    63.002,        99,
   63.0221,        90,
   63.0423,        97,
   63.0625,       101,
   63.0827,       106,
   63.1029,       116,
   63.1231,        94,
   63.1433,       101,
   63.1635,        96,
   63.1837,        79,
   63.2039,        95,
   63.2241,        94,
   63.2442,        90,
   63.2644,        93,
   63.2846,        95,
   63.3048,        95,
    63.325,       118,
   63.3452,       114,
   63.3654,        85,
   63.3856,       112,
   63.4058,        94,
    63.426,        95,
   63.4462,       120,
   63.4663,       105,
   63.4865,       115,
   63.5067,       161,
   63.5269,       181,
   63.5471,       211,
   63.5673,       189,
   63.5875,       176,
   63.6077,       147,
   63.6279,       125,
   63.6481,        98,
   63.6682,       108,
   63.6884,       129,
   63.7086,       146,
   63.7288,       165,
    63.749,       147,
   63.7692,       134,
   63.7894,       130,
   63.8096,       114,
   63.8298,       110,
     63.85,        99,
   63.8702,        89,
   63.8903,        77,
   63.9105,       105,
   63.9307,        92,
   63.9509,        91,
   63.9711,       104,
   63.9913,        88,
   64.0115,        92,
   64.0317,        97,
   64.0519,        85,
   64.0721,        91,
   64.0922,       108,
   64.1124,       100,
   64.1326,        91,
   64.1528,        95,
    64.173,        84,
   64.1932,       105,
   64.2134,       105,
   64.2336,        78,
   64.2538,        83,
    64.274,        96,
   64.2942,        84,
   64.3143,        95,
   64.3345,        84,
   64.3547,        82,
   64.3749,        87,
   64.3951,       102,
   64.4153,        81,
   64.4355,       103,
   64.4557,        83,
   64.4759,       113,
   64.4961,        81,
   64.5162,        84,
   64.5364,        95,
   64.5566,        99,
   64.5768,        89,
    64.597,       111,
   64.6172,        82,
   64.6374,       103,
   64.6576,        94,
   64.6778,        94,
    64.698,        81,
   64.7182,        86,
   64.7383,        84,
   64.7585,        75,
   64.7787,        79,
   64.7989,        90,
   64.8191,        99,
   64.8393,        97,
   64.8595,        95,
   64.8797,        93,
   64.8999,       101,
   64.9201,        98,
   64.9403,        83,
   64.9604,        79,
   64.9806,        73,
   65.0008,       110,
    65.021,       104,
   65.0412,        87,
   65.0614,        83,
   65.0816,        86,
   65.1018,        82,
    65.122,       103,
   65.1422,        96,
   65.1623,        78,
   65.1825,        93,
   65.2027,        80,
   65.2229,        90,
   65.2431,        80,
   65.2633,       100,
   65.2835,        94,
   65.3037,        84,
   65.3239,        91,
   65.3441,        79,
   65.3643,        86,
   65.3844,        78,
   65.4046,       110,
   65.4248,        84,
    65.445,        91,
   65.4652,        86,
   65.4854,        91,
   65.5056,        83,
   65.5258,        81,
    65.546,        89,
   65.5662,        82,
   65.5863,        93,
   65.6065,        90,
   65.6267,        87,
   65.6469,        67,
   65.6671,        90,
   65.6873,       103,
   65.7075,        85,
   65.7277,        96,
   65.7479,        87,
   65.7681,        78,
   65.7883,        93,
   65.8084,        91,
   65.8286,        98,
   65.8488,        96,
    65.869,        82,
   65.8892,        92,
   65.9094,       100,
   65.9296,        85,
   65.9498,        88,
     65.97,        83,
   65.9902,        87,
   66.0104,        88,
   66.0305,        86,
   66.0507,        99,
   66.0709,        88,
   66.0911,        91,
   66.1113,        86,
   66.1315,        97,
   66.1517,        87,
   66.1719,        83,
   66.1921,        84,
   66.2123,        99,
   66.2324,       109,
   66.2526,        87,
   66.2728,       100,
    66.293,        89,
   66.3132,        88,
   66.3334,        75,
   66.3536,        97,
   66.3738,        85,
    66.394,       101,
   66.4142,        96,
   66.4344,        97,
   66.4545,        92,
   66.4747,       108,
   66.4949,        94,
   66.5151,        80,
   66.5353,        73,
   66.5555,        89,
   66.5757,        85,
   66.5959,        89,
   66.6161,        86,
   66.6363,        93,
   66.6564,       103,
   66.6766,        76,
   66.6968,        99,
    66.717,        89,
   66.7372,        81,
   66.7574,        70,
   66.7776,        99,
   66.7978,        85,
    66.818,       112,
   66.8382,        95,
   66.8584,       108,
   66.8785,        90,
   66.8987,       103,
   66.9189,        85,
   66.9391,        84,
   66.9593,       108,
   66.9795,        95,
   66.9997,        80,
   67.0199,        82,
   67.0401,        90,
   67.0603,        96,
   67.0805,        94,
   67.1006,        93,
   67.1208,        73,
    67.141,       109,
   67.1612,        73,
   67.1814,        82,
   67.2016,       108,
   67.2218,        89,
    67.242,        91,
   67.2622,        90,
   67.2824,        81,
   67.3025,        92,
   67.3227,        89,
   67.3429,       100,
   67.3631,       106,
   67.3833,        85,
   67.4035,        86,
   67.4237,        94,
   67.4439,        85,
   67.4641,        80,
   67.4843,       100,
   67.5045,        96,
   67.5246,        98,
   67.5448,       105,
    67.565,       101,
   67.5852,        86,
   67.6054,       104,
   67.6256,        95,
   67.6458,       106,
    67.666,       111,
   67.6862,       100,
   67.7064,        85,
   67.7265,       105,
   67.7467,        88,
   67.7669,       114,
   67.7871,       104,
   67.8073,       118,
   67.8275,       100,
   67.8477,       115,
   67.8679,        89,
   67.8881,       102,
   67.9083,        84,
   67.9285,       106,
   67.9486,       103,
   67.9688,       100,
    67.989,       104,
   68.0092,        92,
   68.0294,       104,
   68.0496,       100,
   68.0698,       103,
     68.09,        93,
   68.1102,        92,
   68.1304,       116,
   68.1506,       102,
   68.1707,       119,
   68.1909,       102,
   68.2111,       101,
   68.2313,       119,
   68.2515,       125,
   68.2717,       131,
   68.2919,       114,
   68.3121,        94,
   68.3323,       106,
   68.3525,       122,
   68.3726,       137,
   68.3928,       146,
    68.413,       128,
   68.4332,       127,
   68.4534,       114,
   68.4736,       129,
   68.4938,       118,
    68.514,       119,
   68.5342,        97,
   68.5544,       125,
   68.5746,       102,
   68.5947,       111,
   68.6149,       104,
   68.6351,       101,
   68.6553,       124,
   68.6755,        91,
   68.6957,       106,
   68.7159,       109,
   68.7361,       122,
   68.7563,       105,
   68.7765,       115,
   68.7966,       129,
   68.8168,       108,
    68.837,       102,
   68.8572,       113,
   68.8774,        94,
   68.8976,       111,
   68.9178,        83,
    68.938,       104,
   68.9582,       104,
   68.9784,        79,
   68.9986,       100,
   69.0187,        94,
   69.0389,        92,
   69.0591,        99,
   69.0793,        97,
   69.0995,       106,
   69.1197,       106,
   69.1399,       111,
   69.1601,       116,
   69.1803,       117,
   69.2005,       111,
   69.2207,       117,
   69.2408,        96,
    69.261,       128,
   69.2812,       132,
   69.3014,       107,
   69.3216,       119,
   69.3418,       125,
    69.362,       122,
   69.3822,       124,
   69.4024,       100,
   69.4226,       123,
   69.4427,       116,
   69.4629,       108,
   69.4831,       135,
   69.5033,       115,
   69.5235,       114,
   69.5437,       118,
   69.5639,       140,
   69.5841,       158,
   69.6043,       155,
   69.6245,       165,
   69.6447,       149,
   69.6648,       151,
    69.685,       199,
   69.7052,       160,
   69.7254,       195,
   69.7456,       191,
   69.7658,       174,
    69.786,       190,
   69.8062,       220,
   69.8264,       222,
   69.8466,       205,
   69.8667,       242,
   69.8869,       266,
   69.9071,       291,
   69.9273,       385,
   69.9475,       445,
   69.9677,       667,
   69.9879,       781,
   70.0081,      1089,
   70.0283,      1674,
   70.0485,      2791,
   70.0687,      4063,
   70.0888,      4564,
    70.109,      3566,
   70.1292,      1930,
   70.1494,      1143,
   70.1696,       811,
   70.1898,       762,
     70.21,       858,
   70.2302,      1142,
   70.2504,      1644,
   70.2706,      2169,
   70.2908,      2395,
   70.3109,      1741,
   70.3311,       989,
   70.3513,       608,
   70.3715,       436,
   70.3917,       306,
   70.4119,       274,
   70.4321,       240,
   70.4523,       225,
   70.4725,       181,
   70.4927,       178,
   70.5128,       171,
    70.533,       173,
   70.5532,       168,
   70.5734,       159,
   70.5936,       170,
   70.6138,       145,
    70.634,       175,
   70.6542,       144,
   70.6744,       178,
   70.6946,       154,
   70.7148,       133,
   70.7349,       128,
   70.7551,       122,
   70.7753,       135,
   70.7955,       142,
   70.8157,       119,
   70.8359,       117,
   70.8561,       144,
   70.8763,       114,
   70.8965,       115,
   70.9167,       124,
   70.9368,       127,
    70.957,       124,
   70.9772,       125,
   70.9974,       120,
   71.0176,       103,
   71.0378,       119,
    71.058,       104,
   71.0782,       120,
   71.0984,       125,
   71.1186,       111,
   71.1388,       140,
   71.1589,       114,
   71.1791,       113,
   71.1993,       106,
   71.2195,       110,
   71.2397,       111,
   71.2599,       129,
   71.2801,       120,
   71.3003,       125,
   71.3205,       112,
   71.3407,       110,
   71.3609,       132,
    71.381,       113,
   71.4012,       132,
   71.4214,       139,
   71.4416,       148,
   71.4618,       131,
    71.482,       156,
   71.5022,       140,
   71.5224,       136,
   71.5426,       126,
   71.5628,       133,
   71.5829,       111,
   71.6031,       114,
   71.6233,       100,
   71.6435,       115,
   71.6637,       115,
   71.6839,       113,
   71.7041,       118,
   71.7243,       115,
   71.7445,       128,
   71.7647,       107,
   71.7849,        95,
    71.805,        93,
   71.8252,        90,
   71.8454,       105,
   71.8656,       124,
   71.8858,       126,
    71.906,       105,
   71.9262,       121,
   71.9464,       103,
   71.9666,        97,
   71.9868,        92,
   72.0069,       106,
   72.0271,       103,
   72.0473,       108,
   72.0675,       101,
   72.0877,       104,
   72.1079,        97,
   72.1281,       112,
   72.1483,       109,
   72.1685,       101,
   72.1887,       106,
   72.2089,       102,
    72.229,        88,
   72.2492,       102,
   72.2694,        83,
   72.2896,        93,
   72.3098,       112,
     72.33,       112,
   72.3502,        97,
   72.3704,        98,
   72.3906,       101,
   72.4108,        96,
   72.4309,       103,
   72.4511,       119,
   72.4713,       104,
   72.4915,        96,
   72.5117,       116,
   72.5319,       107,
   72.5521,        97,
   72.5723,       100,
   72.5925,       111,
   72.6127,        94,
   72.6329,        98,
    72.653,       109,
   72.6732,       105,
   72.6934,       100,
   72.7136,       110,
   72.7338,       107,
    72.754,       122,
   72.7742,       102,
   72.7944,        94,
   72.8146,       122,
   72.8348,       105,
    72.855,        88,
   72.8751,       106,
   72.8953,       100,
   72.9155,       100,
   72.9357,       102,
   72.9559,       109,
   72.9761,       114,
   72.9963,        99,
   73.0165,       128,
   73.0367,       116,
   73.0569,       106,
    73.077,        99,
   73.0972,        96,
   73.1174,       121,
   73.1376,       112,
   73.1578,       108,
    73.178,       121,
   73.1982,        85,
   73.2184,        99,
   73.2386,       100,
   73.2588,       105,
    73.279,       115,
   73.2991,       120,
   73.3193,        98,
   73.3395,        94,
   73.3597,       109,
   73.3799,       113,
   73.4001,       118,
   73.4203,       121,
   73.4405,       122,
   73.4607,        99,
   73.4809,       115,
    73.501,       117,
   73.5212,        90,
   73.5414,       114,
   73.5616,       116,
   73.5818,       121,
    73.602,       128,
   73.6222,       108,
   73.6424,       108,
   73.6626,       128,
   73.6828,       108,
    73.703,        90,
   73.7231,       114,
   73.7433,       120,
   73.7635,       114,
   73.7837,       115,
   73.8039,        97,
   73.8241,       125,
   73.8443,       114,
   73.8645,       145,
   73.8847,       112,
   73.9049,       141,
   73.9251,       134,
   73.9452,       136,
   73.9654,       118,
   73.9856,       136,
   74.0058,       129,
    74.026,       130,
   74.0462,       146,
   74.0664,       126,
   74.0866,       133,
   74.1068,       133,
    74.127,       113,
   74.1471,       115,
   74.1673,       140,
   74.1875,       142,
   74.2077,       139,
   74.2279,       131,
   74.2481,       124,
   74.2683,       158,
   74.2885,       151,
   74.3087,       119,
   74.3289,       127,
   74.3491,       146,
   74.3692,       137,
   74.3894,       129,
   74.4096,       134,
   74.4298,       142,
     74.45,       136,
   74.4702,       134,
   74.4904,       145,
   74.5106,       139,
   74.5308,       126,
    74.551,       146,
   74.5711,       123,
   74.5913,       119,
   74.6115,       133,
   74.6317,       159,
   74.6519,       139,
   74.6721,       139,
   74.6923,       135,
   74.7125,       149,
   74.7327,       130,
   74.7529,       142,
   74.7731,       136,
   74.7932,       156,
   74.8134,       134,
   74.8336,       126,
   74.8538,       129,
    74.874,       145,
   74.8942,       137,
   74.9144,       141,
   74.9346,       136,
   74.9548,       148,
    74.975,       130,
   74.9952,       149,
   75.0153,       132,
   75.0355,       174,
   75.0557,       159,
   75.0759,       157,
   75.0961,       135,
   75.1163,       154,
   75.1365,       128,
   75.1567,       154,
   75.1769,       143,
   75.1971,       177,
   75.2172,       157,
   75.2374,       152,
   75.2576,       183,
   75.2778,       149,
    75.298,       154,
   75.3182,       149,
   75.3384,       162,
   75.3586,       177,
   75.3788,       159,
    75.399,       163,
   75.4192,       138,
   75.4393,       169,
   75.4595,       155,
   75.4797,       179,
   75.4999,       166,
   75.5201,       150,
   75.5403,       156,
   75.5605,       156,
   75.5807,       164,
   75.6009,       170,
   75.6211,       165,
   75.6412,       156,
   75.6614,       168,
   75.6816,       157,
   75.7018,       183,
    75.722,       151,
   75.7422,       188,
   75.7624,       175,
   75.7826,       185,
   75.8028,       166,
    75.823,       172,
   75.8432,       175,
   75.8633,       176,
   75.8835,       175,
   75.9037,       193,
   75.9239,       178,
   75.9441,       202,
   75.9643,       211,
   75.9845,       184,
   76.0047,       188,
   76.0249,       218,
   76.0451,       199,
   76.0653,       211,
   76.0854,       205,
   76.1056,       213,
   76.1258,       186,
    76.146,       219,
   76.1662,       208,
   76.1864,       220,
   76.2066,       223,
   76.2268,       231,
    76.247,       219,
   76.2672,       238,
   76.2873,       241,
   76.3075,       238,
   76.3277,       280,
   76.3479,       306,
   76.3681,       313,
   76.3883,       366,
   76.4085,       378,
   76.4287,       443,
   76.4489,       468,
   76.4691,       519,
   76.4893,       513,
   76.5094,       510,
   76.5296,       506,
   76.5498,       549,
     76.57,       503,
   76.5902,       546,
   76.6104,       590,
   76.6306,       631,
   76.6508,       719,
    76.671,       814,
   76.6912,       978,
   76.7113,      1142,
   76.7315,      1626,
   76.7517,      2178,
   76.7719,      2822,
   76.7921,      3768,
   76.8123,      5622,
   76.8325,      8834,
   76.8527,     12999,
   76.8729,     15262,
   76.8931,     12309,
   76.9133,      7488,
   76.9334,      4128,
   76.9536,      2840,
   76.9738,      2289,
    76.994,      2226,
   77.0142,      2567,
   77.0344,      3361,
   77.0546,      4512,
   77.0748,      6505,
    77.095,      7615,
   77.1152,      6741,
   77.1354,      4449,
   77.1555,      2633,
   77.1757,      1622,
   77.1959,      1101,
   77.2161,       878,
   77.2363,       695,
   77.2565,       578,
   77.2767,       523,
   77.2969,       481,
   77.3171,       424,
   77.3373,       400,
   77.3574,       371,
   77.3776,       383,
   77.3978,       348,
    77.418,       349,
   77.4382,       334,
   77.4584,       303,
   77.4786,       303,
   77.4988,       281,
    77.519,       260,
   77.5392,       277,
   77.5594,       286,
   77.5795,       216,
   77.5997,       242,
   77.6199,       219,
   77.6401,       229,
   77.6603,       245,
   77.6805,       214,
   77.7007,       254,
   77.7209,       242,
   77.7411,       183,
   77.7613,       219,
   77.7814,       219,
   77.8016,       210,
   77.8218,       238,
    77.842,       253,
   77.8622,       198,
   77.8824,       222,
   77.9026,       208,
   77.9228,       231,
    77.943,       197,
   77.9632,       219,
   77.9834,       161,
   78.0035,       179,
   78.0237,       220,
   78.0439,       201,
   78.0641,       188,
   78.0843,       181,
   78.1045,       189,
   78.1247,       198,
   78.1449,       190,
   78.1651,       180,
   78.1853,       177,
   78.2055,       177,
   78.2256,       170,
   78.2458,       165,
    78.266,       164,
   78.2862,       170,
   78.3064,       148,
   78.3266,       181,
   78.3468,       145,
    78.367,       167,
   78.3872,       152,
   78.4074,       164,
   78.4275,       126,
   78.4477,       151,
   78.4679,       169,
   78.4881,       172,
   78.5083,       147,
   78.5285,       149,
   78.5487,       154,
   78.5689,       150,
   78.5891,       146,
   78.6093,       168,
   78.6295,       140,
   78.6496,       158,
   78.6698,       150,
     78.69,       144,
   78.7102,       130,
   78.7304,       178,
   78.7506,       135,
   78.7708,       138,
    78.791,       164,
   78.8112,       135,
   78.8314,       141,
   78.8515,       134,
   78.8717,       151,
   78.8919,       116,
   78.9121,       151,
   78.9323,       138,
   78.9525,       128,
   78.9727,       133,
   78.9929,       134,
   79.0131,       144,
   79.0333,       138,
   79.0535,       136,
   79.0736,       146,
   79.0938,       135,
    79.114,       134,
   79.1342,       142,
   79.1544,       148,
   79.1746,       150,
   79.1948,       121,
    79.215,       124,
   79.2352,       125,
   79.2554,       122,
   79.2756,       127,
   79.2957,       138,
   79.3159,       140,
   79.3361,       135,
   79.3563,       122,
   79.3765,       133,
   79.3967,       127,
   79.4169,       152,
   79.4371,       172,
   79.4573,       148,
   79.4775,       148,
   79.4976,       115,
   79.5178,       143,
    79.538,       124,
   79.5582,       143,
   79.5784,       125,
   79.5986,       136,
   79.6188,       115,
    79.639,       139,
   79.6592,       117,
   79.6794,        89,
   79.6996,       121,
   79.7197,       137,
   79.7399,       130,
   79.7601,       146,
   79.7803,       122,
   79.8005,       128,
   79.8207,       124,
   79.8409,       117,
   79.8611,       111,
   79.8813,       108,
   79.9015,       131,
   79.9216,       133,
   79.9418,       131,
    79.962,       142,
   79.9822,       119,
   80.0024,       122,
   80.0226,       107,
   80.0428,       143,
    80.063,       104,
   80.0832,       124,
   80.1034,       125,
   80.1236,       134,
   80.1437,       119,
   80.1639,       101,
   80.1841,       117,
   80.2043,       118,
   80.2245,       137,
   80.2447,       127,
   80.2649,       117,
   80.2851,       129,
   80.3053,       104,
   80.3255,       123,
   80.3456,       108,
   80.3658,       108,
    80.386,       125,
   80.4062,       113,
   80.4264,       121,
   80.4466,       122,
   80.4668,       123,
    80.487,       114,
   80.5072,       104,
   80.5274,       121,
   80.5476,       115,
   80.5677,       103,
   80.5879,       133,
   80.6081,       116,
   80.6283,       127,
   80.6485,       122,
   80.6687,       136,
   80.6889,       106,
   80.7091,       113,
   80.7293,       131,
   80.7495,       133,
   80.7697,       120,
   80.7898,       123,
     80.81,       123,
   80.8302,       123,
   80.8504,       117,
   80.8706,       124,
   80.8908,       136,
    80.911,       129,
   80.9312,       136,
   80.9514,       104,
   80.9716,       132,
   80.9917,       116,
   81.0119,       116,
   81.0321,       136,
   81.0523,       111,
   81.0725,       108,
   81.0927,       133,
   81.1129,       127,
   81.1331,       112,
   81.1533,       128,
   81.1735,       114,
   81.1937,       126,
   81.2138,       119,
    81.234,       120,
   81.2542,       109,
   81.2744,       102,
   81.2946,       130,
   81.3148,       132,
    81.335,       118,
   81.3552,       120,
   81.3754,       119,
   81.3956,       129,
   81.4157,       114,
   81.4359,       133,
   81.4561,       113,
   81.4763,       129,
   81.4965,       128,
   81.5167,       114,
   81.5369,       120,
   81.5571,       122,
   81.5773,       116,
   81.5975,       118,
   81.6177,       129,
   81.6378,       112,
    81.658,       107,
   81.6782,       115,
   81.6984,       122,
   81.7186,       116,
   81.7388,       122,
    81.759,       126,
   81.7792,       108,
   81.7994,       119,
   81.8196,       116,
   81.8398,       114,
   81.8599,       113,
   81.8801,       129,
   81.9003,       128,
   81.9205,       116,
   81.9407,       110,
   81.9609,       118,
   81.9811,       123,
   82.0013,       124,
   82.0215,       135,
   82.0417,       126,
   82.0618,       142,
    82.082,       138,
   82.1022,       117,
   82.1224,       134,
   82.1426,       113,
   82.1628,       131,
    82.183,       120,
   82.2032,       125,
   82.2234,       132,
   82.2436,       114,
   82.2638,       139,
   82.2839,       129,
   82.3041,       123,
   82.3243,       119,
   82.3445,       131,
   82.3647,       143,
   82.3849,       125,
   82.4051,       122,
   82.4253,       101,
   82.4455,       117,
   82.4657,       128,
   82.4858,       116,
    82.506,       128,
   82.5262,       129,
   82.5464,       129,
   82.5666,       136,
   82.5868,       133,
    82.607,       114,
   82.6272,       108,
   82.6474,       175,
   82.6676,       141,
   82.6878,       139,
   82.7079,       137,
   82.7281,       134,
   82.7483,       140,
   82.7685,       137,
   82.7887,       120,
   82.8089,       122,
   82.8291,       135,
   82.8493,       156,
   82.8695,       123,
   82.8897,       142,
   82.9099,       152,
     82.93,       128,
   82.9502,       137,
   82.9704,       139,
   82.9906,       142,
   83.0108,       134,
    83.031,       133,
   83.0512,       114,
   83.0714,       149,
   83.0916,       145,
   83.1118,       142,
   83.1319,       127,
   83.1521,       138,
   83.1723,       146,
   83.1925,       132,
   83.2127,       132,
   83.2329,       160,
   83.2531,       129,
   83.2733,       157,
   83.2935,       126,
   83.3137,       157,
   83.3339,       145,
    83.354,       169,
   83.3742,       146,
   83.3944,       145,
   83.4146,       177,
   83.4348,       171,
    83.455,       164,
   83.4752,       176,
   83.4954,       204,
   83.5156,       216,
   83.5358,       202,
   83.5559,       224,
   83.5761,       225,
   83.5963,       201,
   83.6165,       233,
   83.6367,       237,
   83.6569,       249,
   83.6771,       254,
   83.6973,       286,
   83.7175,       262,
   83.7377,       259,
   83.7579,       283,
    83.778,       325,
   83.7982,       307,
   83.8184,       376,
   83.8386,       505,
   83.8588,       663,
    83.879,       890,
   83.8992,      1091,
   83.9194,      1524,
   83.9396,      2181,
   83.9598,      3217,
     83.98,      4296,
   84.0001,      4505,
   84.0203,      3277,
   84.0405,      2124,
   84.0607,      1240,
   84.0809,       847,
   84.1011,       745,
   84.1213,       675,
   84.1415,       734,
   84.1617,       855,
   84.1819,      1022,
    84.202,      1362,
   84.2222,      1910,
   84.2424,      2353,
   84.2626,      2081,
   84.2828,      1561,
    84.303,       974,
   84.3232,       629,
   84.3434,       494,
   84.3636,       353,
   84.3838,       295,
    84.404,       276,
   84.4241,       228,
   84.4443,       227,
   84.4645,       196,
   84.4847,       216,
   84.5049,       185,
   84.5251,       201,
   84.5453,       191,
   84.5655,       213,
   84.5857,       186,
   84.6059,       190,
    84.626,       215,
   84.6462,       160,
   84.6664,       170,
   84.6866,       197,
   84.7068,       158,
    84.727,       143,
   84.7472,       136,
   84.7674,       193,
   84.7876,       158,
   84.8078,       142,
    84.828,       140,
   84.8481,       165,
   84.8683,       160,
   84.8885,       156,
   84.9087,       152,
   84.9289,       156,
   84.9491,       133,
   84.9693,       139,
   84.9895,       122,
   85.0097,       124,
   85.0299,       132,
   85.0501,       128,
   85.0702,       136,
   85.0904,       140,
   85.1106,       127,
   85.1308,       125,
    85.151,       132,
   85.1712,       138,
   85.1914,       117,
   85.2116,       107,
   85.2318,       116,
    85.252,       112,
   85.2721,       124,
   85.2923,       146,
   85.3125,       102,
   85.3327,       122,
   85.3529,       128,
   85.3731,       104,
   85.3933,       119,
   85.4135,       124,
   85.4337,       118,
   85.4539,       110,
   85.4741,       120,
   85.4942,       135,
   85.5144,       127,
   85.5346,       116,
   85.5548,       113,
    85.575,       114,
   85.5952,       118,
   85.6154,       123,
   85.6356,       123,
   85.6558,       119,
    85.676,       110,
   85.6961,       117,
   85.7163,       122,
   85.7365,       123,
   85.7567,       105,
   85.7769,       121,
   85.7971,       116,
   85.8173,       119,
   85.8375,       110,
   85.8577,       118,
   85.8779,       112,
   85.8981,       124,
   85.9182,       109,
   85.9384,       120,
   85.9586,       103,
   85.9788,       109,
    85.999,       118,
   86.0192,       107,
   86.0394,       113,
   86.0596,       115,
   86.0798,       131,
      86.1,       106,
   86.1202,       104,
   86.1403,       128,
   86.1605,       105,
   86.1807,       107,
   86.2009,       132,
   86.2211,        99,
   86.2413,       116,
   86.2615,       118,
   86.2817,       100,
   86.3019,       109,
   86.3221,       104,
   86.3422,       108,
   86.3624,       108,
   86.3826,       113,
   86.4028,       106,
    86.423,       110,
   86.4432,        93,
   86.4634,        95,
   86.4836,       122,
   86.5038,       105,
    86.524,        98,
   86.5442,        86,
   86.5643,       108,
   86.5845,       100,
   86.6047,        96,
   86.6249,       124,
   86.6451,        98,
   86.6653,       110,
   86.6855,       107,
   86.7057,       101,
   86.7259,       101,
   86.7461,       114,
   86.7662,       107,
   86.7864,        92,
   86.8066,       109,
   86.8268,       106,
    86.847,        96,
   86.8672,       102,
   86.8874,        96,
   86.9076,        99,
   86.9278,        80,
    86.948,        94,
   86.9682,        97,
   86.9883,       103,
   87.0085,       106,
   87.0287,       115,
   87.0489,        97,
   87.0691,        86,
   87.0893,       108,
   87.1095,       100,
   87.1297,        99,
   87.1499,       110,
   87.1701,        94,
   87.1903,       102,
   87.2104,       115,
   87.2306,        98,
   87.2508,        94,
    87.271,       116,
   87.2912,       106,
   87.3114,       101,
   87.3316,       103,
   87.3518,        82,
    87.372,       110,
   87.3922,        96,
   87.4123,        83,
   87.4325,       105,
   87.4527,       110,
   87.4729,        89,
   87.4931,       109,
   87.5133,        87,
   87.5335,       108,
   87.5537,        98,
   87.5739,       108,
   87.5941,       104,
   87.6143,       121,
   87.6344,        97,
   87.6546,        97,
   87.6748,        97,
    87.695,       115,
   87.7152,       107,
   87.7354,       104,
   87.7556,       100,
   87.7758,       101,
    87.796,       117,
   87.8162,        99,
   87.8363,       118,
   87.8565,       111,
   87.8767,       105,
   87.8969,       110,
   87.9171,       123,
   87.9373,       108,
   87.9575,       101,
   87.9777,       118,
   87.9979,       110,
   88.0181,        85,
   88.0383,       100,
   88.0584,       113,
   88.0786,       102,
   88.0988,       108,
    88.119,       106,
   88.1392,       116,
   88.1594,       108,
   88.1796,       113,
   88.1998,       106,
     88.22,       100,
   88.2402,       105,
   88.2604,       107,
   88.2805,        98,
   88.3007,       111,
   88.3209,       111,
   88.3411,        93,
   88.3613,       115,
   88.3815,       102,
   88.4017,        88,
   88.4219,        99,
   88.4421,       112,
   88.4623,       102,
   88.4824,        97,
   88.5026,        89,
   88.5228,        84,
    88.543,       110,
   88.5632,       111,
   88.5834,        98,
   88.6036,       103,
   88.6238,        86,
    88.644,        83,
   88.6642,       101,
   88.6844,        94,
   88.7045,       114,
   88.7247,       105,
   88.7449,        98,
   88.7651,       117,
   88.7853,        96,
   88.8055,       100,
   88.8257,       117,
   88.8459,       117,
   88.8661,       115,
   88.8863,       100,
   88.9064,       104,
   88.9266,       114,
   88.9468,        96,
    88.967,       117,
   88.9872,       105,
   89.0074,       114,
   89.0276,       103,
   89.0478,       107,
    89.068,        98,
   89.0882,       119,
   89.1084,        89,
   89.1285,       105,
   89.1487,       110,
   89.1689,       128,
   89.1891,        94,
   89.2093,       115,
   89.2295,        94,
   89.2497,       128,
   89.2699,        96,
   89.2901,       109,
   89.3103,        86,
   89.3304,        96,
   89.3506,       104,
   89.3708,        92,
    89.391,        99,
   89.4112,       111,
   89.4314,       112,
   89.4516,        93,
   89.4718,       100,
    89.492,       117,
   89.5122,       102,
   89.5324,       119,
   89.5525,       105,
   89.5727,       112,
   89.5929,       108,
   89.6131,        99,
   89.6333,        89,
   89.6535,       110,
   89.6737,        95,
   89.6939,       115,
   89.7141,       105,
   89.7343,       106,
   89.7545,        92,
   89.7746,       100,
   89.7948,       109,
    89.815,       109,
   89.8352,        88,
   89.8554,        94,
   89.8756,       117,
   89.8958,       105,
    89.916,       106,
   89.9362,       116,
   89.9564,        99,
   89.9765,        99,
   89.9967,       109,
   90.0169,       112,
   90.0371,       114,
   90.0573,       100,
   90.0775,       120,
   90.0977,       109,
   90.1179,       123,
   90.1381,        98,
   90.1583,        96,
   90.1785,       111,
   90.1986,        89,
   90.2188,       118,
    90.239,       104,
   90.2592,       115,
   90.2794,        99,
   90.2996,       112,
   90.3198,       112,
     90.34,       115,
   90.3602,       111,
   90.3804,       117,
   90.4005,       113,
   90.4207,       125,
   90.4409,       107,
   90.4611,       124,
   90.4813,       124,
   90.5015,       128,
   90.5217,       115,
   90.5419,       125,
   90.5621,       104,
   90.5823,       105,
   90.6025,        93,
   90.6226,       110,
   90.6428,       118,
    90.663,       133,
   90.6832,       100,
   90.7034,       108,
   90.7236,       128,
   90.7438,        96,
    90.764,       138,
   90.7842,       127,
   90.8044,       103,
   90.8246,       104,
   90.8447,       120,
   90.8649,       125,
   90.8851,       113,
   90.9053,       121,
   90.9255,       118,
   90.9457,       126,
   90.9659,       124,
   90.9861,       142,
   91.0063,       161,
   91.0265,       144,
   91.0466,       151,
   91.0668,       142,
    91.087,       153,
   91.1072,       161,
   91.1274,       162,
   91.1476,       145,
   91.1678,       161,
    91.188,       157,
   91.2082,       164,
   91.2284,       141,
   91.2486,       187,
   91.2687,       172,
   91.2889,       185,
   91.3091,       172,
   91.3293,       225,
   91.3495,       237,
   91.3697,       280,
   91.3899,       347,
   91.4101,       424,
   91.4303,       517,
   91.4505,       752,
   91.4706,       958,
   91.4908,      1323,
    91.511,      1845,
   91.5312,      2158,
   91.5514,      2059,
   91.5716,      1523,
   91.5918,       942,
    91.612,       624,
   91.6322,       468,
   91.6524,       392,
   91.6726,       328,
   91.6927,       339,
   91.7129,       378,
   91.7331,       440,
   91.7533,       563,
   91.7735,       692,
   91.7937,       893,
   91.8139,      1161,
   91.8341,      1129,
   91.8543,       912,
   91.8745,       648,
   91.8947,       464,
   91.9148,       335,
    91.935,       260,
   91.9552,       221,
   91.9754,       199,
   91.9956,       180,
   92.0158,       172,
    92.036,       151,
   92.0562,       135,
   92.0764,       129,
   92.0966,       149,
   92.1167,       125,
   92.1369,       140,
   92.1571,       147,
   92.1773,       111,
   92.1975,       129,
   92.2177,       109,
   92.2379,       111,
   92.2581,       119,
   92.2783,       100,
   92.2985,       113,
   92.3187,       120,
   92.3388,       108,
    92.359,       117,
   92.3792,       112,
   92.3994,       129,
   92.4196,        92,
   92.4398,       110,
     92.46,       120,
   92.4802,       117,
   92.5004,       114,
   92.5206,       110,
   92.5407,       114,
   92.5609,        99,
   92.5811,       105,
   92.6013,       127,
   92.6215,        99,
   92.6417,       110,
   92.6619,       135,
   92.6821,       103,
   92.7023,       109,
   92.7225,       104,
   92.7427,       107,
   92.7628,       122,
    92.783,       110,
   92.8032,       100,
   92.8234,       105,
   92.8436,       106,
   92.8638,        89,
    92.884,        96,
   92.9042,       107,
   92.9244,       107,
   92.9446,       105,
   92.9648,        88,
   92.9849,       105,
   93.0051,       119,
   93.0253,        74,
   93.0455,       103,
   93.0657,       101,
   93.0859,       104,
   93.1061,        99,
   93.1263,        98,
   93.1465,        87,
   93.1667,       109,
   93.1868,       103,
    93.207,        84,
   93.2272,        98,
   93.2474,        84,
   93.2676,        85,
   93.2878,        86,
    93.308,        91,
   93.3282,        77,
   93.3484,        91,
   93.3686,        95,
   93.3888,        87,
   93.4089,        88,
   93.4291,       103,
   93.4493,       103,
   93.4695,       103,
   93.4897,        85,
   93.5099,        89,
   93.5301,        96,
   93.5503,        97,
   93.5705,       103,
   93.5907,        99,
   93.6108,        88,
    93.631,        91,
   93.6512,       100,
   93.6714,        92,
   93.6916,        86,
   93.7118,       107,
    93.732,       105,
   93.7522,       101,
   93.7724,        92,
   93.7926,        94,
   93.8128,        89,
   93.8329,        95,
   93.8531,       116,
   93.8733,       104,
   93.8935,       104,
   93.9137,        74,
   93.9339,        94,
   93.9541,        97,
   93.9743,       107,
   93.9945,        85,
   94.0147,        74,
   94.0349,        87,
    94.055,        90,
   94.0752,        87,
   94.0954,        95,
   94.1156,        86,
   94.1358,        87,
    94.156,        62,
   94.1762,        91,
   94.1964,        86,
   94.2166,       104,
   94.2368,        80,
   94.2569,        90,
   94.2771,        93,
   94.2973,        79,
   94.3175,        65,
   94.3377,        77,
   94.3579,        93,
   94.3781,        87,
   94.3983,        82,
   94.4185,       100,
   94.4387,        90,
   94.4589,       109,
    94.479,       111,
   94.4992,        95,
   94.5194,        90,
   94.5396,        82,
   94.5598,        96,
     94.58,        79,
   94.6002,        85,
   94.6204,        89,
   94.6406,        93,
   94.6608,        72,
   94.6809,        82,
   94.7011,        88,
   94.7213,       108,
   94.7415,        85,
   94.7617,       107,
   94.7819,        86,
   94.8021,        87,
   94.8223,        96,
   94.8425,        94,
   94.8627,       110,
   94.8829,        85,
    94.903,        93,
   94.9232,        93,
   94.9434,        90,
   94.9636,        85,
   94.9838,        85,
    95.004,        85,
   95.0242,       108,
   95.0444,        93,
   95.0646,        82,
   95.0848,        88,
    95.105,        98,
   95.1251,        88,
   95.1453,        82,
   95.1655,        92,
   95.1857,        86,
   95.2059,        80,
   95.2261,        89,
   95.2463,        76,
   95.2665,        99,
   95.2867,        78,
   95.3069,       102,
    95.327,        82,
   95.3472,        83,
   95.3674,       103,
   95.3876,        88,
   95.4078,        91,
    95.428,       100,
   95.4482,        80,
   95.4684,        83,
   95.4886,        81,
   95.5088,        80,
    95.529,        91,
   95.5491,        87,
   95.5693,       102,
   95.5895,        78,
   95.6097,        92,
   95.6299,        79,
   95.6501,        94,
   95.6703,        76,
   95.6905,        81,
   95.7107,        85,
   95.7309,        73,
    95.751,        93,
   95.7712,        98,
   95.7914,        75,
   95.8116,        88,
   95.8318,        86,
    95.852,        92,
   95.8722,        90,
   95.8924,        90,
   95.9126,        86,
   95.9328,       102,
    95.953,        82,
   95.9731,        94,
   95.9933,        86,
   96.0135,       103,
   96.0337,        79,
   96.0539,       103,
   96.0741,        88,
   96.0943,        89,
   96.1145,        92,
   96.1347,        78,
   96.1549,        80,
   96.1751,        91,
   96.1952,        86,
   96.2154,        80,
   96.2356,        87,
   96.2558,        72,
    96.276,        82,
   96.2962,        91,
   96.3164,        80,
   96.3366,        87,
   96.3568,        71,
    96.377,        98,
   96.3971,       100,
   96.4173,        74,
   96.4375,        89,
   96.4577,        82,
   96.4779,        92,
   96.4981,        83,
   96.5183,        90,
   96.5385,        88,
   96.5587,        94,
   96.5789,        94,
   96.5991,        95,
   96.6192,        79,
   96.6394,       104,
   96.6596,        88,
   96.6798,        67,
      96.7,       100,
   96.7202,        85,
   96.7404,        82,
   96.7606,        84,
   96.7808,        84,
    96.801,        81,
   96.8211,        71,
   96.8413,        93,
   96.8615,        87,
   96.8817,        85,
   96.9019,        84,
   96.9221,        74,
   96.9423,        87,
   96.9625,        87,
   96.9827,        85,
   97.0029,        81,
   97.0231,        87,
   97.0432,        82,
   97.0634,        80,
   97.0836,        75,
   97.1038,        81,
    97.124,        86,
   97.1442,        90,
   97.1644,        78,
   97.1846,        88,
   97.2048,        99,
    97.225,        92,
   97.2451,        66,
   97.2653,        88,
   97.2855,        89,
   97.3057,       106,
   97.3259,        90,
   97.3461,        82,
   97.3663,       116,
   97.3865,        92,
   97.4067,        99,
   97.4269,        94,
   97.4471,        84,
   97.4672,        81,
   97.4874,        89,
   97.5076,        82,
   97.5278,        86,
    97.548,        73,
   97.5682,        88,
   97.5884,        97,
   97.6086,        85,
   97.6288,        82,
    97.649,        88,
   97.6692,        76,
   97.6893,        84,
   97.7095,        82,
   97.7297,        76,
   97.7499,        80,
   97.7701,        89,
   97.7903,        94,
   97.8105,        82,
   97.8307,        75,
   97.8509,        77,
   97.8711,        90,
   97.8912,        85,
   97.9114,        78,
   97.9316,       102,
   97.9518,       109,
    97.972,        90,
   97.9922,        93,
   98.0124,        77,
   98.0326,        86,
   98.0528,        88,
    98.073,        93,
   98.0932,        87,
   98.1133,        92,
   98.1335,        89,
   98.1537,        86,
   98.1739,        81,
   98.1941,        83,
   98.2143,        85,
   98.2345,        98,
   98.2547,        84,
   98.2749,        87,
   98.2951,        83,
   98.3152,        82,
   98.3354,        79,
   98.3556,        67,
   98.3758,        94,
    98.396,        74,
   98.4162,        74,
   98.4364,        92,
   98.4566,        96,
   98.4768,        89,
    98.497,       101,
   98.5172,        94,
   98.5373,        97,
   98.5575,        74,
   98.5777,        68,
   98.5979,        75,
   98.6181,        87,
   98.6383,        78,
   98.6585,        90,
   98.6787,        72,
   98.6989,        85,
   98.7191,        72,
   98.7393,        73,
   98.7594,        80,
   98.7796,        97,
   98.7998,        78,
     98.82,        83,
   98.8402,        95,
   98.8604,        80,
   98.8806,        84,
   98.9008,        89,
    98.921,        87,
   98.9412,       117,
   98.9613,        80,
   98.9815,        95,
   99.0017,        92,
   99.0219,        87,
   99.0421,        86,
   99.0623,        77,
   99.0825,        80,
   99.1027,        86,
   99.1229,        85,
   99.1431,        82,
   99.1633,        94,
   99.1834,        83,
   99.2036,        83,
   99.2238,        77,
    99.244,        81,
   99.2642,        77,
   99.2844,        75,
   99.3046,        91,
   99.3248,        81,
    99.345,        89,
   99.3652,        91,
   99.3853,        82,
   99.4055,        85,
   99.4257,        91,
   99.4459,        75,
   99.4661,        85,
   99.4863,        81,
   99.5065,       105,
   99.5267,        82,
   99.5469,        83,
   99.5671,        87,
   99.5873,        98,
   99.6074,       112,
   99.6276,       101,
   99.6478,       100,
    99.668,        92,
   99.6882,        99,
   99.7084,        78,
   99.7286,        94,
   99.7488,        80,
    99.769,        90,
   99.7892,        83,
   99.8094,        97,
   99.8295,        70,
   99.8497,        96,
   99.8699,       104,
   99.8901,        80,
   99.9103,        88,
   99.9305,        80,
   99.9507,        87,
   99.9709,        85,
   99.9911,        94,
   100.011,        93,
   100.031,        93,
   100.052,        83,
   100.072,       103,
   100.092,        95,
   100.112,        93,
   100.132,       100,
   100.153,        78,
   100.173,        83,
   100.193,        82,
   100.213,        78,
   100.233,        86,
   100.254,        82,
   100.274,        87,
   100.294,        88,
   100.314,        78,
   100.334,        96,
   100.354,        96,
   100.375,        81,
   100.395,        88,
   100.415,        98,
   100.435,        72,
   100.455,        78,
   100.476,        85,
   100.496,        73,
   100.516,        80,
   100.536,        85,
   100.556,       100,
   100.577,        87,
   100.597,        91,
   100.617,        99,
   100.637,        82,
   100.657,        77,
   100.678,        75,
   100.698,        85,
   100.718,        94,
   100.738,        91,
   100.758,        77,
   100.778,        81,
   100.799,        81,
   100.819,        93,
   100.839,        96,
   100.859,        85,
   100.879,        69,
     100.9,        72,
    100.92,        83,
    100.94,        83,
    100.96,        81,
    100.98,        85,
   101.001,        98,
   101.021,        72,
   101.041,        74,
   101.061,        90,
   101.081,        68,
   101.102,        82,
   101.122,        81,
   101.142,        84,
   101.162,        76,
   101.182,        89,
   101.202,        79,
   101.223,        97,
   101.243,        74,
   101.263,        83,
   101.283,       109,
   101.303,        75,
   101.324,        85,
   101.344,        78,
   101.364,        91,
   101.384,        86,
   101.404,        67,
   101.425,        88,
   101.445,        76,
   101.465,        82,
   101.485,        69,
   101.505,        73,
   101.526,        99,
   101.546,       102,
   101.566,        87,
   101.586,        86,
   101.606,        88,
   101.627,        76,
   101.647,       101,
   101.667,        78,
   101.687,        92,
   101.707,        86,
   101.727,        80,
   101.748,        84,
   101.768,        64,
   101.788,        70,
   101.808,        81,
   101.828,        83,
   101.849,        78,
   101.869,        74,
   101.889,        82,
   101.909,        77,
   101.929,        76,
    101.95,        96,
    101.97,        89,
    101.99,        90,
    102.01,        82,
    102.03,        70,
   102.051,       109,
   102.071,        95,
   102.091,        76,
   102.111,        92,
   102.131,        85,
   102.151,        89,
   102.172,        94,
   102.192,        80,
   102.212,        74,
   102.232,        99,
   102.252,        91,
   102.273,        70,
   102.293,        77,
   102.313,        92,
   102.333,        93,
   102.353,        65,
   102.374,        81,
   102.394,        90,
   102.414,        90,
   102.434,        86,
   102.454,        83,
   102.475,        73,
   102.495,       105,
   102.515,        87,
   102.535,        87,
   102.555,        77,
   102.575,        79,
   102.596,        73,
   102.616,        87,
   102.636,        88,
   102.656,        83,
   102.676,        79,
   102.697,        78,
   102.717,        63,
   102.737,        92,
   102.757,        93,
   102.777,        78,
   102.798,        93,
   102.818,        85,
   102.838,        89,
   102.858,        75,
   102.878,        89,
   102.899,        85,
   102.919,        91,
   102.939,        78,
   102.959,        88,
   102.979,        71,
   102.999,        91,
    103.02,        82,
    103.04,        91,
    103.06,        68,
    103.08,        78,
     103.1,        85,
   103.121,        85,
   103.141,       103,
   103.161,        86,
   103.181,        92,
   103.201,       101,
   103.222,        88,
   103.242,        81,
   103.262,        79,
   103.282,        87,
   103.302,        78,
   103.323,        80,
   103.343,        85,
   103.363,        79,
   103.383,        68,
   103.403,        89,
   103.423,        78,
   103.444,       101,
   103.464,        78,
   103.484,        72,
   103.504,        79,
   103.524,        87,
   103.545,        66,
   103.565,        84,
   103.585,        82,
   103.605,        92,
   103.625,        94,
   103.646,        73,
   103.666,        84,
   103.686,        80,
   103.706,        90,
   103.726,        79,
   103.747,        77,
   103.767,        82,
   103.787,        73,
   103.807,        72,
   103.827,        79,
   103.847,        78,
   103.868,        71,
   103.888,        96,
   103.908,        82,
   103.928,        95,
   103.948,        89,
   103.969,        86,
   103.989,        99,
   104.009,        97,
   104.029,        84,
   104.049,        89,
    104.07,        75,
    104.09,        86,
    104.11,        89,
    104.13,        87,
    104.15,        89,
   104.171,        79,
   104.191,        81,
   104.211,        79,
   104.231,        79,
   104.251,        74,
   104.271,        79,
   104.292,        96,
   104.312,        87,
   104.332,        70,
   104.352,        91,
   104.372,        82,
   104.393,        82,
   104.413,        78,
   104.433,        84,
   104.453,        78,
   104.473,        78,
   104.494,        74,
   104.514,        62,
   104.534,       106,
   104.554,        82,
   104.574,        75,
   104.595,        85,
   104.615,        85,
   104.635,        87,
   104.655,        77,
   104.675,        94,
   104.695,        80,
   104.716,        88,
   104.736,        93,
   104.756,        91,
   104.776,        90,
   104.796,        89,
   104.817,        64,
   104.837,        76,
   104.857,        74,
   104.877,        64,
   104.897,       111,
   104.918,        81,
   104.938,        81,
   104.958,        90,
   104.978,        87,
   104.998,        67,
   105.019,        81,
   105.039,        83,
   105.059,        85,
   105.079,        85,
   105.099,        77,
   105.119,        81,
    105.14,        89,
    105.16,        84,
    105.18,        84,
     105.2,        94,
    105.22,        86,
   105.241,        81,
   105.261,        96,
   105.281,        67,
   105.301,        70,
   105.321,        84,
   105.342,        92,
   105.362,        75,
   105.382,        81,
   105.402,        78,
   105.422,        81,
   105.443,        85,
   105.463,        91,
   105.483,       106,
   105.503,        65,
   105.523,        86,
   105.543,        76,
   105.564,        88,
   105.584,        75,
   105.604,        71,
   105.624,        85,
   105.644,        78,
   105.665,        83,
   105.685,        77,
   105.705,        71,
   105.725,        89,
   105.745,        82,
   105.766,        80,
   105.786,        81,
   105.806,        82,
   105.826,        72,
   105.846,        79,
   105.867,        78,
   105.887,        75,
   105.907,        84,
   105.927,        74,
   105.947,        86,
   105.967,        82,
   105.988,        97,
   106.008,        82,
   106.028,        88,
   106.048,        75,
   106.068,        71,
   106.089,        76,
   106.109,        77,
   106.129,        73,
   106.149,        87,
   106.169,        84,
    106.19,        86,
    106.21,        88,
    106.23,        86,
    106.25,        75,
    106.27,        96,
   106.291,        80,
   106.311,        83,
   106.331,        78,
   106.351,        71,
   106.371,        76,
   106.391,        98,
   106.412,        91,
   106.432,        94,
   106.452,        72,
   106.472,        69,
   106.492,        71,
   106.513,        81,
   106.533,        77,
   106.553,        78,
   106.573,        87,
   106.593,        83,
   106.614,        78,
   106.634,        85,
   106.654,        83,
   106.674,        86,
   106.694,        72,
   106.715,        86,
   106.735,        74,
   106.755,        77,
   106.775,        90,
   106.795,        76,
   106.815,        93,
   106.836,        84,
   106.856,        81,
   106.876,        89,
   106.896,        73,
   106.916,        68,
   106.937,        79,
   106.957,        94,
   106.977,        85,
   106.997,        83,
   107.017,        72,
   107.038,        84,
   107.058,        89,
   107.078,        81,
   107.098,        66,
   107.118,        81,
   107.139,        86,
   107.159,        80,
   107.179,        97,
   107.199,        80,
   107.219,        84,
   107.239,        86,
    107.26,        60,
    107.28,        71,
     107.3,        78,
    107.32,        93,
    107.34,       105,
   107.361,        74,
   107.381,        89,
   107.401,        92,
   107.421,        87,
   107.441,        69,
   107.462,        92,
   107.482,        86,
   107.502,        77,
   107.522,        93,
   107.542,        90,
   107.563,        79,
   107.583,        79,
   107.603,        85,
   107.623,        66,
   107.643,        76,
   107.663,        86,
   107.684,        83,
   107.704,        67,
   107.724,        80,
   107.744,        75,
   107.764,        78,
   107.785,        76,
   107.805,        84,
   107.825,        80,
   107.845,        81,
   107.865,        80,
   107.886,        92,
   107.906,        85,
   107.926,        82,
   107.946,        73,
   107.966,        90,
   107.987,        94,
   108.007,        84,
   108.027,        71,
   108.047,        90,
   108.067,        78,
   108.087,        92,
   108.108,        85,
   108.128,        77,
   108.148,        70,
   108.168,        82,
   108.188,        68,
   108.209,        91,
   108.229,        99,
   108.249,        62,
   108.269,        92,
   108.289,       100,
    108.31,        84,
    108.33,        86,
    108.35,        88,
    108.37,        76,
    108.39,        97,
   108.411,        91,
   108.431,       118,
   108.451,        87,
   108.471,        94,
   108.491,        92,
   108.511,        88,
   108.532,        89,
   108.552,        94,
   108.572,        78,
   108.592,        87,
   108.612,        77,
   108.633,        83,
   108.653,        68,
   108.673,        76,
   108.693,        79,
   108.713,        84,
   108.734,        75,
   108.754,        80,
   108.774,       103,
   108.794,        96,
   108.814,        81,
   108.835,        73,
   108.855,        88,
   108.875,        87,
   108.895,        97,
   108.915,        72,
   108.935,        77,
   108.956,        70,
   108.976,        74,
   108.996,        70,
   109.016,        81,
   109.036,        81,
   109.057,        85,
   109.077,        70,
   109.097,        98,
   109.117,        85,
   109.137,        87,
   109.158,        76,
   109.178,        90,
   109.198,        72,
   109.218,        78,
   109.238,        65,
   109.259,        78,
   109.279,        71,
   109.299,        76,
   109.319,        85,
   109.339,        77,
   109.359,        85,
    109.38,        70,
     109.4,        67,
    109.42,        89,
    109.44,        81,
    109.46,        90,
   109.481,        77,
   109.501,        83,
   109.521,        65,
   109.541,        70,
   109.561,        72,
   109.582,        82,
   109.602,        90,
   109.622,        81,
   109.642,        85,
   109.662,        72,
   109.683,        76,
   109.703,        66,
   109.723,        91,
   109.743,        93,
   109.763,        77,
   109.783,        82,
   109.804,        81,
   109.824,        79,
   109.844,        89,
   109.864,        73,
   109.884,        77,
   109.905,        80,
   109.925,       100,
   109.945,        75,
   109.965,        81,
   109.985,        91,
   110.006,        82,
   110.026,        91,
   110.046,        83,
   110.066,       104,
   110.086,        98,
   110.107,        83,
   110.127,        73,
   110.147,        88,
   110.167,        80,
   110.187,        62,
   110.207,        84,
   110.228,        80,
   110.248,        83,
   110.268,        77,
   110.288,        79,
   110.308,        87,
   110.329,        95,
   110.349,        82,
   110.369,        93,
   110.389,        68,
   110.409,        86,
    110.43,        86,
    110.45,        66,
    110.47,        92,
    110.49,        85,
    110.51,        70,
   110.531,        95,
   110.551,        80,
   110.571,        74,
   110.591,        74,
   110.611,        83,
   110.631,        87,
   110.652,        92,
   110.672,        78,
   110.692,        65,
   110.712,        85,
   110.732,        84,
   110.753,        83,
   110.773,        58,
   110.793,        82,
   110.813,        90,
   110.833,        79,
   110.854,        87,
   110.874,        74,
   110.894,        67,
   110.914,        91,
   110.934,        74,
   110.955,        69,
   110.975,        85,
   110.995,        93,
   111.015,        57,
   111.035,        79,
   111.055,        90,
   111.076,        67,
   111.096,        84,
   111.116,        91,
   111.136,       100,
   111.156,        64,
   111.177,        87,
   111.197,        87,
   111.217,        84,
   111.237,        80,
   111.257,        81,
   111.278,        90,
   111.298,        82,
   111.318,        89,
   111.338,        76,
   111.358,        80,
   111.379,        85,
   111.399,        73,
   111.419,        83,
   111.439,        72,
   111.459,        95,
   111.479,        90,
     111.5,       104,
    111.52,        92,
    111.54,        84,
    111.56,        88,
    111.58,        76,
   111.601,        90,
   111.621,        87,
   111.641,        94,
   111.661,        77,
   111.681,        90,
   111.702,        93,
   111.722,        78,
   111.742,        74,
   111.762,        90,
   111.782,        72,
   111.803,        72,
   111.823,        96,
   111.843,        90,
   111.863,        79,
   111.883,        96,
   111.903,        91,
   111.924,        85,
   111.944,        78,
   111.964,        85,
   111.984,        67,
   112.004,        75,
   112.025,        74,
   112.045,        80,
   112.065,        82,
   112.085,        97,
   112.105,        90,
   112.126,       101,
   112.146,        74,
   112.166,       106,
   112.186,        78,
   112.206,        84,
   112.227,        80,
   112.247,        89,
   112.267,        80,
   112.287,        69,
   112.307,        86,
   112.327,        81,
   112.348,        80,
   112.368,        81,
   112.388,        78,
   112.408,        96,
   112.428,        77,
   112.449,        80,
   112.469,        84,
   112.489,        72,
   112.509,        72,
   112.529,        77,
    112.55,        92,
    112.57,        67,
    112.59,        73,
    112.61,        82,
    112.63,        98,
   112.651,        80,
   112.671,        90,
   112.691,        74,
   112.711,        62,
   112.731,        82,
   112.752,        91,
   112.772,        97,
   112.792,        81,
   112.812,        90,
   112.832,        88,
   112.852,        68,
   112.873,        96,
   112.893,        79,
   112.913,        89,
   112.933,        85,
   112.953,        69,
   112.974,        77,
   112.994,        84,
   113.014,        77,
   113.034,        83,
   113.054,        67,
   113.075,        98,
   113.095,        84,
   113.115,        78,
   113.135,        88,
   113.155,        77,
   113.176,        81,
   113.196,        86,
   113.216,        85,
   113.236,        75,
   113.256,        74,
   113.276,        80,
   113.297,        91,
   113.317,        77,
   113.337,        81,
   113.357,        95,
   113.377,        81,
   113.398,        84,
   113.418,        84,
   113.438,        85,
   113.458,        84,
   113.478,       102,
   113.499,        89,
   113.519,        87,
   113.539,        81,
   113.559,        73,
   113.579,       102,
     113.6,        72,
    113.62,        74,
    113.64,        91,
    113.66,        67,
    113.68,        79,
     113.7,        84,
   113.721,        79,
   113.741,        95,
   113.761,        96,
   113.781,        86,
   113.801,        67,
   113.822,        64,
   113.842,        85,
   113.862,        76,
   113.882,        76,
   113.902,        81,
   113.923,        67,
   113.943,        86,
   113.963,        94,
   113.983,        86,
   114.003,        77,
   114.024,        79,
   114.044,        76,
   114.064,        95,
   114.084,        82,
   114.104,        74,
   114.124,        87,
   114.145,        76,
   114.165,        80,
   114.185,        81,
   114.205,        97,
   114.225,        77,
   114.246,        97,
   114.266,        77,
   114.286,        89,
   114.306,        98,
   114.326,        87,
   114.347,        96,
   114.367,        82,
   114.387,        87,
   114.407,        76,
   114.427,        88,
   114.448,        91,
   114.468,        86,
   114.488,        75,
   114.508,        87,
   114.528,        79,
   114.548,        79,
   114.569,        92,
   114.589,        83,
   114.609,        77,
   114.629,        79,
   114.649,        85,
    114.67,        92,
    114.69,        83,
    114.71,        74,
    114.73,        76,
    114.75,        77,
   114.771,        77,
   114.791,        77,
   114.811,        88,
   114.831,        84,
   114.851,        85,
   114.872,        84,
   114.892,        82,
   114.912,        80,
   114.932,        88,
   114.952,        73,
   114.972,        89,
   114.993,        71,
   115.013,        84,
   115.033,        82,
   115.053,        71,
   115.073,        98,
   115.094,        86,
   115.114,       102,
   115.134,        83,
   115.154,        82,
   115.174,        84,
   115.195,        61,
   115.215,        86,
   115.235,        82,
   115.255,        85,
   115.275,        88,
   115.296,        84,
   115.316,        87,
   115.336,        83,
   115.356,        74,
   115.376,        84,
   115.396,        71,
   115.417,        78,
   115.437,        85,
   115.457,        96,
   115.477,        77,
   115.497,        85,
   115.518,        85,
   115.538,        84,
   115.558,        72,
   115.578,        69,
   115.598,        71,
   115.619,        95,
   115.639,        96,
   115.659,        83,
   115.679,        80,
   115.699,        83,
    115.72,        76,
    115.74,        89,
    115.76,        97,
    115.78,        79,
     115.8,        82,
    115.82,        91,
   115.841,        92,
   115.861,        91,
   115.881,        92,
   115.901,       106,
   115.921,        98,
   115.942,        92,
   115.962,        78,
   115.982,        91,
   116.002,        75,
   116.022,       101,
   116.043,        98,
   116.063,       101,
   116.083,        74,
   116.103,        81,
   116.123,        71,
   116.144,       102,
   116.164,        80,
   116.184,        90,
   116.204,        72,
   116.224,        86,
   116.244,        86,
   116.265,        86,
   116.285,        83,
   116.305,        87,
   116.325,        90,
   116.345,        90,
   116.366,        89,
   116.386,        73,
   116.406,        85,
   116.426,        79,
   116.446,        79,
   116.467,        81,
   116.487,        92,
   116.507,        91,
   116.527,        74,
   116.547,        86,
   116.568,        80,
   116.588,        97,
   116.608,       103,
   116.628,        74,
   116.648,        67,
   116.668,        90,
   116.689,       100,
   116.709,        79,
   116.729,        93,
   116.749,        65,
   116.769,        73,
    116.79,        81,
    116.81,        98,
    116.83,        91,
    116.85,        78,
    116.87,        86,
   116.891,        94,
   116.911,       102,
   116.931,        85,
   116.951,        78,
   116.971,        88,
   116.992,        96,
   117.012,       103,
   117.032,        96,
   117.052,        90,
   117.072,        92,
   117.092,        98,
   117.113,        98,
   117.133,        86,
   117.153,        90,
   117.173,       105,
   117.193,        85,
   117.214,        77,
   117.234,        89,
   117.254,        84,
   117.274,        82,
   117.294,        85,
   117.315,        97,
   117.335,        99,
   117.355,        84,
   117.375,        96,
   117.395,        79,
   117.416,        84,
   117.436,        82,
   117.456,       101,
   117.476,        80,
   117.496,        87,
   117.516,        99,
   117.537,        87,
   117.557,        80,
   117.577,       110,
   117.597,       110,
   117.617,        83,
   117.638,        96,
   117.658,       105,
   117.678,       117,
   117.698,        99,
   117.718,        73,
   117.739,        84,
   117.759,        87,
   117.779,        92,
   117.799,        90,
   117.819,       108,
    117.84,       109,
    117.86,        85,
    117.88,        75,
     117.9,        92,
    117.92,       106,
    117.94,       107,
   117.961,       105,
   117.981,        92,
   118.001,       114,
   118.021,       106,
   118.041,       109,
   118.062,       122,
   118.082,       109,
   118.102,       109,
   118.122,       117,
   118.142,       117,
   118.163,       125,
   118.183,       127,
   118.203,       147,
   118.223,       156,
   118.243,       212,
   118.264,       196,
   118.284,       246,
   118.304,       300,
   118.324,       384,
   118.344,       380,
   118.364,       426,
   118.385,       399,
   118.405,       321,
   118.425,       292,
   118.445,       198,
   118.465,       175,
   118.486,       171,
   118.506,       150,
   118.526,       136,
   118.546,       123,
   118.566,       132,
   118.587,       131,
   118.607,       100,
   118.627,       113,
   118.647,       121,
   118.667,       120,
   118.688,       116,
   118.708,       143,
   118.728,       151,
   118.748,       149,
   118.768,       209,
   118.788,       213,
   118.809,       252,
   118.829,       255,
   118.849,       238,
   118.869,       257,
   118.889,       182,
    118.91,       163,
    118.93,       149,
    118.95,       142,
    118.97,       133,
    118.99,       141,
   119.011,       116,
   119.031,       107,
   119.051,        94,
   119.071,       114,
   119.091,       119,
   119.112,       101,
   119.132,        92,
   119.152,        78,
   119.172,       106,
   119.192,        92,
   119.212,        97,
   119.233,        91,
   119.253,       103,
   119.273,       100,
   119.293,       108,
   119.313,        86,
   119.334,       106,
   119.354,        79,
   119.374,        85,
   119.394,        91,
   119.414,       107,
   119.435,        81,
   119.455,       114,
   119.475,        95,
   119.495,        91,
   119.515,        95,
   119.536,        88,
   119.556,        90,
   119.576,        95,
   119.596,        97,
   119.616,       113,
   119.636,        92,
   119.657,        86,
   119.677,        96,
   119.697,        87,
   119.717,        86,
   119.737,        85,
   119.758,        92,
   119.778,        81,
   119.798,        92,
   119.818,        89,
   119.838,        79,
   119.859,        81,
   119.879,        97,
   119.899,        88,
   119.919,       101,
   119.939,        98,
    119.96,        74,
    119.98,        81,
       120,        90,
