;RAW4.00
[RawHeader]
Date=04/22/2026
EstimatedTotalTime=572.281
FurtherDQLReading=0
HardwareIndicator=65519
MeasuredTotalTime=572.281
MeasurementFlag=1
NumberOfMeasuredRanges=1
NumberOfRanges=1
Time=15:29:55

[VarInfo]
Type=USER
Flags=0
Value=Lab Manager

[VarInfo]
Type=SAMPLEID
Flags=0
Value=Commander Sample ID

[VarInfo]
Type=COMMENT
Flags=0
Value=

[VarInfo]
Type=UTF
Flags=0
Value=

[VarInfo]
Type=CREATOR
Flags=0
Value=BrmlToV4Converter

[VarInfo]
Type=CREATOR_VERSION
Flags=0
Value=6.5.0.0

[HardwareConfiguration]
AbsorptionFactor=9999
ActivateAbsorber=0
Alpha1=1.5406
Alpha2=1.54439
AlphaAverage=1.54184
AlphaRatio=0.5
Analyzer=0
Anode=Cu
AntiScatteringSlit=9999
BeamOpticsFlags=0
Beta=1.39222
BetaRelativeIntensity=0
DeactivateAbsorber=0
DetectorSlit=9999
DivergenceSlit=9999
GoniometerControl=0
GoniometerDiameter=282
GoniometerModel=256
GoniometerStage=7
Monochromator=0
NearSampleSlit=9999
PrimarySollerSlit=9999
SampleChanger=0
SecondSollerSlit=9999
SynchronousAxis=0
ThinFilmAttachment=9999
WaveUnit=A

[RangeHeader]
ActuallyUsedLambda=1.54184
AdditionalDetectorMask=257
DataRecordLength=4
DelayTime=0
DisplayPlaneNumber=0
EstimatedScanTime=572
ExtraParametersMask=0
GeneratorCurrent=10
GeneratorVoltage=30
Increment=0.0201906
Increment3=0
NumberOfCompletedData=5449
NumberOfCounts=1
NumberOfDetectors=0
NumberOfDrives=2
NumberOfEncoderDrives=0
NumberOfMeasuredData=5449
NumberOfVaryingParameters=0
RangeStartTime=0
RotationSpeed=5
ScanMode=1
ScanType=Locked Coupled
SimulatedMeasConditions=0
SlitChangerIn=0
SmootingWidth=0
Start=10.0017
Steps=5449
SynchronousRotation=0
Time=16.5

[VarInfo]
Type=PSD_DISCRIM
Flags=0
Value=0.11;0.25

[PSD]
ActualTwoTheta=9999
FirstUsedChannel=0
FixedPSD=0
PSDOpening=4.99716
PSDType=5

[Drive]
DriveFlags=1
DriveName=2Theta
DriveNumber=2
DriveOffset=0
OffsetIndex=0
OscillationAmplitude=0
OscillationSpeed=0
StartPosition=10.0017

[Drive]
DriveFlags=1
DriveName=Theta
DriveNumber=1
DriveOffset=0
OffsetIndex=0
OscillationAmplitude=0
OscillationSpeed=0
StartPosition=5.00087

[Data]
     Angle,       PSD,
   10.0017,       189,
   10.0219,       203,
   10.0421,       218,
   10.0623,       199,
   10.0825,       208,
   10.1027,       221,
   10.1229,       195,
   10.1431,       212,
   10.1633,       200,
   10.1834,       210,
   10.2036,       221,
   10.2238,       229,
    10.244,       222,
   10.2642,       236,
   10.2844,       238,
   10.3046,       224,
   10.3248,       215,
    10.345,       246,
   10.3652,       253,
   10.3854,       231,
   10.4055,       315,
   10.4257,       271,
   10.4459,       344,
   10.4661,       354,
   10.4863,       420,
   10.5065,       428,
   10.5267,       506,
   10.5469,       706,
   10.5671,       742,
   10.5873,      1018,
   10.6075,      1060,
   10.6276,      1154,
   10.6478,      1123,
    10.668,      1213,
   10.6882,       942,
   10.7084,       964,
   10.7286,      1064,
   10.7488,      1108,
    10.769,      1220,
   10.7892,      1424,
   10.8094,      2050,
   10.8295,      5330,
   10.8497,     19840,
   10.8699,     39376,
   10.8901,     33211,
   10.9103,     16914,
   10.9305,      4468,
   10.9507,      1313,
   10.9709,       728,
   10.9911,       553,
   11.0113,       481,
   11.0315,       456,
   11.0516,       442,
   11.0718,       428,
    11.092,       416,
   11.1122,       427,
   11.1324,       429,
   11.1526,       369,
   11.1728,       432,
    11.193,       390,
   11.2132,       397,
   11.2334,       337,
   11.2535,       317,
   11.2737,       303,
   11.2939,       285,
   11.3141,       270,
   11.3343,       260,
   11.3545,       286,
   11.3747,       244,
   11.3949,       242,
   11.4151,       246,
   11.4353,       260,
   11.4555,       229,
   11.4756,       226,
   11.4958,       237,
    11.516,       222,
   11.5362,       240,
   11.5564,       234,
   11.5766,       247,
   11.5968,       247,
    11.617,       237,
   11.6372,       229,
   11.6574,       241,
   11.6776,       186,
   11.6977,       207,
   11.7179,       214,
   11.7381,       224,
   11.7583,       206,
   11.7785,       209,
   11.7987,       212,
   11.8189,       198,
   11.8391,       223,
   11.8593,       217,
   11.8795,       224,
   11.8996,       206,
   11.9198,       210,
     11.94,       234,
   11.9602,       202,
   11.9804,       207,
   12.0006,       235,
   12.0208,       193,
    12.041,       180,
   12.0612,       177,
   12.0814,       184,
   12.1016,       192,
   12.1217,       203,
   12.1419,       222,
   12.1621,       231,
   12.1823,       208,
   12.2025,       201,
   12.2227,       239,
   12.2429,       228,
   12.2631,       231,
   12.2833,       206,
   12.3035,       205,
   12.3236,       254,
   12.3438,       226,
    12.364,       241,
   12.3842,       230,
   12.4044,       226,
   12.4246,       205,
   12.4448,       232,
    12.465,       214,
   12.4852,       208,
   12.5054,       210,
   12.5256,       233,
   12.5457,       173,
   12.5659,       219,
   12.5861,       186,
   12.6063,       200,
   12.6265,       189,
   12.6467,       179,
   12.6669,       198,
   12.6871,       202,
   12.7073,       207,
   12.7275,       199,
   12.7477,       203,
   12.7678,       205,
    12.788,       189,
   12.8082,       174,
   12.8284,       198,
   12.8486,       196,
   12.8688,       196,
    12.889,       237,
   12.9092,       206,
   12.9294,       207,
   12.9496,       184,
   12.9697,       213,
   12.9899,       187,
   13.0101,       202,
   13.0303,       202,
   13.0505,       211,
   13.0707,       205,
   13.0909,       191,
   13.1111,       183,
   13.1313,       222,
   13.1515,       205,
   13.1717,       211,
   13.1918,       203,
    13.212,       221,
   13.2322,       214,
   13.2524,       218,
   13.2726,       230,
   13.2928,       204,
    13.313,       207,
   13.3332,       232,
   13.3534,       202,
   13.3736,       219,
   13.3937,       236,
   13.4139,       210,
   13.4341,       261,
   13.4543,       226,
   13.4745,       216,
   13.4947,       215,
   13.5149,       232,
   13.5351,       226,
   13.5553,       273,
   13.5755,       235,
   13.5957,       233,
   13.6158,       275,
    13.636,       207,
   13.6562,       245,
   13.6764,       225,
   13.6966,       221,
   13.7168,       204,
    13.737,       195,
   13.7572,       230,
   13.7774,       220,
   13.7976,       228,
   13.8177,       229,
   13.8379,       217,
   13.8581,       202,
   13.8783,       190,
   13.8985,       184,
   13.9187,       194,
   13.9389,       184,
   13.9591,       181,
   13.9793,       194,
   13.9995,       174,
   14.0197,       184,
   14.0398,       200,
     14.06,       209,
   14.0802,       158,
   14.1004,       197,
   14.1206,       175,
   14.1408,       170,
    14.161,       198,
   14.1812,       216,
   14.2014,       189,
   14.2216,       171,
   14.2418,       173,
   14.2619,       170,
   14.2821,       182,
   14.3023,       190,
   14.3225,       179,
   14.3427,       175,
   14.3629,       165,
   14.3831,       181,
   14.4033,       156,
   14.4235,       158,
   14.4437,       176,
   14.4638,       175,
    14.484,       176,
   14.5042,       167,
   14.5244,       168,
   14.5446,       166,
   14.5648,       174,
    14.585,       142,
   14.6052,       171,
   14.6254,       171,
   14.6456,       160,
   14.6658,       177,
   14.6859,       178,
   14.7061,       192,
   14.7263,       162,
   14.7465,       183,
   14.7667,       226,
   14.7869,       234,
   14.8071,       185,
   14.8273,       163,
   14.8475,       169,
   14.8677,       170,
   14.8878,       163,
    14.908,       176,
   14.9282,       174,
   14.9484,       177,
   14.9686,       162,
   14.9888,       181,
    15.009,       169,
   15.0292,       155,
   15.0494,       144,
   15.0696,       176,
   15.0898,       175,
   15.1099,       175,
   15.1301,       163,
   15.1503,       197,
   15.1705,       192,
   15.1907,       162,
   15.2109,       207,
   15.2311,       175,
   15.2513,       155,
   15.2715,       181,
   15.2917,       171,
   15.3119,       167,
    15.332,       154,
   15.3522,       162,
   15.3724,       180,
   15.3926,       181,
   15.4128,       164,
    15.433,       182,
   15.4532,       160,
   15.4734,       146,
   15.4936,       150,
   15.5138,       166,
   15.5339,       149,
   15.5541,       178,
   15.5743,       179,
   15.5945,       168,
   15.6147,       164,
   15.6349,       130,
   15.6551,       178,
   15.6753,       166,
   15.6955,       163,
   15.7157,       162,
   15.7359,       182,
    15.756,       188,
   15.7762,       214,
   15.7964,       192,
   15.8166,       260,
   15.8368,       259,
    15.857,       274,
   15.8772,       358,
   15.8974,       305,
   15.9176,       351,
   15.9378,       373,
   15.9579,       360,
   15.9781,       374,
   15.9983,       400,
   16.0185,       431,
   16.0387,       453,
   16.0589,       530,
   16.0791,       546,
   16.0993,       718,
   16.1195,       894,
   16.1397,      1217,
   16.1599,      1280,
     16.18,       956,
   16.2002,       793,
   16.2204,       812,
   16.2406,       918,
   16.2608,      1088,
    16.281,      1380,
   16.3012,      2097,
   16.3214,      4025,
   16.3416,     13985,
   16.3618,     38719,
    16.382,     42341,
   16.4021,     30852,
   16.4223,     20725,
   16.4425,      7834,
   16.4627,      2150,
   16.4829,       953,
   16.5031,       648,
   16.5233,       565,
   16.5435,       545,
   16.5637,       492,
   16.5839,       504,
    16.604,       512,
   16.6242,       474,
   16.6444,       413,
   16.6646,       356,
   16.6848,       427,
    16.705,       422,
   16.7252,       390,
   16.7454,       309,
   16.7656,       285,
   16.7858,       257,
    16.806,       263,
   16.8261,       281,
   16.8463,       264,
   16.8665,       267,
   16.8867,       220,
   16.9069,       221,
   16.9271,       223,
   16.9473,       212,
   16.9675,       232,
   16.9877,       227,
   17.0079,       251,
    17.028,       290,
   17.0482,       309,
   17.0684,       325,
   17.0886,       303,
   17.1088,       272,
    17.129,       239,
   17.1492,       203,
   17.1694,       223,
   17.1896,       216,
   17.2098,       181,
     17.23,       203,
   17.2501,       206,
   17.2703,       194,
   17.2905,       176,
   17.3107,       205,
   17.3309,       213,
   17.3511,       173,
   17.3713,       182,
   17.3915,       158,
   17.4117,       167,
   17.4319,       210,
   17.4521,       187,
   17.4722,       200,
   17.4924,       167,
   17.5126,       177,
   17.5328,       160,
    17.553,       180,
   17.5732,       197,
   17.5934,       174,
   17.6136,       195,
   17.6338,       218,
    17.654,       254,
   17.6741,       351,
   17.6943,       377,
   17.7145,       363,
   17.7347,       344,
   17.7549,       257,
   17.7751,       229,
   17.7953,       195,
   17.8155,       163,
   17.8357,       163,
   17.8559,       162,
   17.8761,       166,
   17.8962,       162,
   17.9164,       204,
   17.9366,       177,
   17.9568,       162,
    17.977,       166,
   17.9972,       174,
   18.0174,       198,
   18.0376,       183,
   18.0578,       183,
    18.078,       203,
   18.0981,       199,
   18.1183,       172,
   18.1385,       161,
   18.1587,       172,
   18.1789,       168,
   18.1991,       173,
   18.2193,       155,
   18.2395,       159,
   18.2597,       183,
   18.2799,       148,
   18.3001,       200,
   18.3202,       144,
   18.3404,       154,
   18.3606,       163,
   18.3808,       166,
    18.401,       170,
   18.4212,       154,
   18.4414,       159,
   18.4616,       150,
   18.4818,       154,
    18.502,       176,
   18.5222,       121,
   18.5423,       170,
   18.5625,       173,
   18.5827,       178,
   18.6029,       173,
   18.6231,       162,
   18.6433,       147,
   18.6635,       165,
   18.6837,       163,
   18.7039,       146,
   18.7241,       156,
   18.7442,       182,
   18.7644,       174,
   18.7846,       190,
   18.8048,       161,
    18.825,       144,
   18.8452,       177,
   18.8654,       146,
   18.8856,       181,
   18.9058,       189,
    18.926,       181,
   18.9462,       192,
   18.9663,       172,
   18.9865,       184,
   19.0067,       198,
   19.0269,       218,
   19.0471,       203,
   19.0673,       181,
   19.0875,       179,
   19.1077,       209,
   19.1279,       166,
   19.1481,       205,
   19.1682,       197,
   19.1884,       170,
   19.2086,       182,
   19.2288,       195,
    19.249,       185,
   19.2692,       151,
   19.2894,       169,
   19.3096,       190,
   19.3298,       182,
     19.35,       184,
   19.3702,       170,
   19.3903,       183,
   19.4105,       159,
   19.4307,       162,
   19.4509,       169,
   19.4711,       156,
   19.4913,       177,
   19.5115,       154,
   19.5317,       165,
   19.5519,       169,
   19.5721,       166,
   19.5923,       141,
   19.6124,       168,
   19.6326,       164,
   19.6528,       166,
    19.673,       149,
   19.6932,       135,
   19.7134,       161,
   19.7336,       143,
   19.7538,       120,
    19.774,       137,
   19.7942,       164,
   19.8143,       142,
   19.8345,       125,
   19.8547,       137,
   19.8749,       153,
   19.8951,       159,
   19.9153,       153,
   19.9355,       109,
   19.9557,       122,
   19.9759,       124,
   19.9961,       140,
   20.0163,       127,
   20.0364,       112,
   20.0566,       130,
   20.0768,       127,
    20.097,       111,
   20.1172,       135,
   20.1374,       160,
   20.1576,       136,
   20.1778,       119,
    20.198,       110,
   20.2182,       125,
   20.2383,       106,
   20.2585,       123,
   20.2787,       113,
   20.2989,       120,
   20.3191,       139,
   20.3393,       141,
   20.3595,       115,
   20.3797,       131,
   20.3999,       111,
   20.4201,       100,
   20.4403,       130,
   20.4604,       137,
   20.4806,       116,
   20.5008,       133,
    20.521,       138,
   20.5412,       117,
   20.5614,       128,
   20.5816,       117,
   20.6018,       135,
    20.622,       119,
   20.6422,       132,
   20.6624,       110,
   20.6825,       132,
   20.7027,       134,
   20.7229,       146,
   20.7431,       126,
   20.7633,       146,
   20.7835,       122,
   20.8037,       150,
   20.8239,       137,
   20.8441,       134,
   20.8643,       150,
   20.8844,       134,
   20.9046,       137,
   20.9248,       119,
    20.945,       147,
   20.9652,       138,
   20.9854,       126,
   21.0056,       116,
   21.0258,       136,
    21.046,       112,
   21.0662,       116,
   21.0864,       117,
   21.1065,       115,
   21.1267,       144,
   21.1469,       109,
   21.1671,       151,
   21.1873,       121,
   21.2075,       117,
   21.2277,       130,
   21.2479,       136,
   21.2681,       133,
   21.2883,       120,
   21.3084,       136,
   21.3286,       109,
   21.3488,       125,
    21.369,       144,
   21.3892,       150,
   21.4094,       128,
   21.4296,       169,
   21.4498,       129,
     21.47,       158,
   21.4902,       139,
   21.5104,       152,
   21.5305,       150,
   21.5507,       143,
   21.5709,       171,
   21.5911,       177,
   21.6113,       160,
   21.6315,       183,
   21.6517,       199,
   21.6719,       183,
   21.6921,       210,
   21.7123,       206,
   21.7325,       261,
   21.7526,       251,
   21.7728,       262,
    21.793,       296,
   21.8132,       368,
   21.8334,       475,
   21.8536,       742,
   21.8738,      2103,
    21.894,      4973,
   21.9142,      6116,
   21.9344,      4152,
   21.9545,      3221,
   21.9747,      2478,
   21.9949,      1055,
   22.0151,       410,
   22.0353,       236,
   22.0555,       234,
   22.0757,       188,
   22.0959,       190,
   22.1161,       174,
   22.1363,       190,
   22.1565,       175,
   22.1766,       180,
   22.1968,       155,
    22.217,       173,
   22.2372,       185,
   22.2574,       156,
   22.2776,       156,
   22.2978,       153,
    22.318,       118,
   22.3382,       121,
   22.3584,       132,
   22.3785,       140,
   22.3987,       153,
   22.4189,       144,
   22.4391,       137,
   22.4593,       120,
   22.4795,       114,
   22.4997,       122,
   22.5199,       116,
   22.5401,       138,
   22.5603,       137,
   22.5805,       115,
   22.6006,       124,
   22.6208,       135,
    22.641,       116,
   22.6612,       115,
   22.6814,       117,
   22.7016,       100,
   22.7218,       129,
    22.742,       111,
   22.7622,       126,
   22.7824,        93,
   22.8025,        86,
   22.8227,       112,
   22.8429,        88,
   22.8631,       116,
   22.8833,       112,
   22.9035,       115,
   22.9237,       113,
   22.9439,       141,
   22.9641,       111,
   22.9843,       102,
   23.0045,       113,
   23.0246,       117,
   23.0448,       105,
    23.065,       122,
   23.0852,       102,
   23.1054,       110,
   23.1256,       103,
   23.1458,       119,
    23.166,       104,
   23.1862,       119,
   23.2064,        91,
   23.2266,        96,
   23.2467,       122,
   23.2669,        99,
   23.2871,       127,
   23.3073,       110,
   23.3275,       116,
   23.3477,        99,
   23.3679,       101,
   23.3881,       102,
   23.4083,       118,
   23.4285,       120,
   23.4486,       134,
   23.4688,       117,
    23.489,       122,
   23.5092,       103,
   23.5294,       124,
   23.5496,       119,
   23.5698,       116,
     23.59,       111,
   23.6102,        95,
   23.6304,       112,
   23.6506,       124,
   23.6707,       105,
   23.6909,       125,
   23.7111,       114,
   23.7313,       104,
   23.7515,       108,
   23.7717,       109,
   23.7919,       107,
   23.8121,       113,
   23.8323,       110,
   23.8525,        98,
   23.8726,       116,
   23.8928,        92,
    23.913,       107,
   23.9332,       111,
   23.9534,       109,
   23.9736,        86,
   23.9938,       108,
    24.014,        94,
   24.0342,        81,
   24.0544,       104,
   24.0746,       127,
   24.0947,       113,
   24.1149,       119,
   24.1351,       127,
   24.1553,       113,
   24.1755,       109,
   24.1957,       118,
   24.2159,       115,
   24.2361,        87,
   24.2563,       110,
   24.2765,        88,
   24.2967,        94,
   24.3168,       103,
    24.337,       114,
   24.3572,       104,
   24.3774,       116,
   24.3976,        97,
   24.4178,       106,
    24.438,       102,
   24.4582,       120,
   24.4784,       142,
   24.4986,       131,
   24.5187,       138,
   24.5389,       132,
   24.5591,       126,
   24.5793,       121,
   24.5995,       134,
   24.6197,       120,
   24.6399,       136,
   24.6601,       111,
   24.6803,       121,
   24.7005,       114,
   24.7207,       129,
   24.7408,       137,
    24.761,       166,
   24.7812,       235,
   24.8014,       230,
   24.8216,       176,
   24.8418,       117,
    24.862,       118,
   24.8822,        80,
   24.9024,       113,
   24.9226,       113,
   24.9427,       105,
   24.9629,       115,
   24.9831,       126,
   25.0033,       119,
   25.0235,       118,
   25.0437,       105,
   25.0639,       116,
   25.0841,       121,
   25.1043,       106,
   25.1245,        96,
   25.1447,        96,
   25.1648,       105,
    25.185,        94,
   25.2052,        93,
   25.2254,        89,
   25.2456,       100,
   25.2658,        97,
    25.286,       108,
   25.3062,       104,
   25.3264,        95,
   25.3466,        89,
   25.3668,       102,
   25.3869,        99,
   25.4071,       108,
   25.4273,        97,
   25.4475,        92,
   25.4677,        73,
   25.4879,       100,
   25.5081,        96,
   25.5283,        69,
   25.5485,        96,
   25.5687,        95,
   25.5888,       108,
    25.609,        85,
   25.6292,        75,
   25.6494,        79,
   25.6696,        96,
   25.6898,        96,
     25.71,        96,
   25.7302,        86,
   25.7504,        93,
   25.7706,       109,
   25.7908,        84,
   25.8109,        74,
   25.8311,        80,
   25.8513,       104,
   25.8715,        93,
   25.8917,        91,
   25.9119,        81,
   25.9321,        74,
   25.9523,        81,
   25.9725,        98,
   25.9927,        92,
   26.0128,        75,
    26.033,        85,
   26.0532,        88,
   26.0734,        75,
   26.0936,        89,
   26.1138,        86,
    26.134,        89,
   26.1542,        81,
   26.1744,        88,
   26.1946,        94,
   26.2148,        93,
   26.2349,       110,
   26.2551,        97,
   26.2753,       104,
   26.2955,       112,
   26.3157,       107,
   26.3359,        89,
   26.3561,        74,
   26.3763,        91,
   26.3965,        94,
   26.4167,        91,
   26.4369,        96,
    26.457,        98,
   26.4772,        93,
   26.4974,       105,
   26.5176,       103,
   26.5378,       133,
    26.558,       166,
   26.5782,       171,
   26.5984,       187,
   26.6186,       157,
   26.6388,       197,
   26.6589,       168,
   26.6791,       166,
   26.6993,       161,
   26.7195,       178,
   26.7397,       173,
   26.7599,       195,
   26.7801,       195,
   26.8003,       186,
   26.8205,       178,
   26.8407,       192,
   26.8609,       183,
    26.881,       205,
   26.9012,       197,
   26.9214,       195,
   26.9416,       212,
   26.9618,       230,
    26.982,       221,
   27.0022,       271,
   27.0224,       296,
   27.0426,       339,
   27.0628,       379,
   27.0829,       371,
   27.1031,       445,
   27.1233,       439,
   27.1435,       445,
   27.1637,       472,
   27.1839,       515,
   27.2041,       560,
   27.2243,       644,
   27.2445,       723,
   27.2647,       899,
   27.2849,      1085,
    27.305,      1345,
   27.3252,      1453,
   27.3454,      1477,
   27.3656,      1722,
   27.3858,      1936,
    27.406,      2290,
   27.4262,      3458,
   27.4464,      8658,
   27.4666,     25720,
   27.4868,     49169,
    27.507,     46760,
   27.5271,     27735,
   27.5473,     24523,
   27.5675,     27568,
   27.5877,     17635,
   27.6079,      5915,
   27.6281,      2018,
   27.6483,      1129,
   27.6685,       849,
   27.6887,       704,
   27.7089,       645,
    27.729,       563,
   27.7492,       510,
   27.7694,       517,
   27.7896,       462,
   27.8098,       471,
     27.83,       436,
   27.8502,       367,
   27.8704,       342,
   27.8906,       285,
   27.9108,       281,
    27.931,       256,
   27.9511,       220,
   27.9713,       222,
   27.9915,       203,
   28.0117,       217,
   28.0319,       202,
   28.0521,       186,
   28.0723,       184,
   28.0925,       148,
   28.1127,       184,
   28.1329,       189,
    28.153,       188,
   28.1732,       157,
   28.1934,       173,
   28.2136,       186,
   28.2338,       153,
    28.254,       154,
   28.2742,       152,
   28.2944,       158,
   28.3146,       171,
   28.3348,       154,
    28.355,       128,
   28.3751,       161,
   28.3953,       178,
   28.4155,       145,
   28.4357,       152,
   28.4559,       151,
   28.4761,       145,
   28.4963,       157,
   28.5165,       164,
   28.5367,       151,
   28.5569,       156,
   28.5771,       148,
   28.5972,       132,
   28.6174,       143,
   28.6376,       125,
   28.6578,       151,
    28.678,       137,
   28.6982,       163,
   28.7184,       141,
   28.7386,       157,
   28.7588,       153,
    28.779,       142,
   28.7991,       174,
   28.8193,       163,
   28.8395,       148,
   28.8597,       158,
   28.8799,       167,
   28.9001,       150,
   28.9203,       152,
   28.9405,       156,
   28.9607,       160,
   28.9809,       151,
   29.0011,       200,
   29.0212,       191,
   29.0414,       152,
   29.0616,       143,
   29.0818,       168,
    29.102,       176,
   29.1222,       144,
   29.1424,       154,
   29.1626,       154,
   29.1828,       151,
    29.203,       163,
   29.2231,       155,
   29.2433,       127,
   29.2635,       149,
   29.2837,       155,
   29.3039,       152,
   29.3241,       133,
   29.3443,       136,
   29.3645,       124,
   29.3847,       125,
   29.4049,       119,
   29.4251,       119,
   29.4452,       132,
   29.4654,       135,
   29.4856,       112,
   29.5058,       119,
    29.526,       130,
   29.5462,       152,
   29.5664,       132,
   29.5866,       135,
   29.6068,       135,
    29.627,       142,
   29.6472,       155,
   29.6673,       145,
   29.6875,       149,
   29.7077,       141,
   29.7279,       162,
   29.7481,       170,
   29.7683,       168,
   29.7885,       149,
   29.8087,       178,
   29.8289,       275,
   29.8491,       362,
   29.8692,       494,
   29.8894,       440,
   29.9096,       340,
   29.9298,       212,
     29.95,       200,
   29.9702,       196,
   29.9904,       187,
   30.0106,       181,
   30.0308,       155,
    30.051,       178,
   30.0712,       168,
   30.0913,       165,
   30.1115,       155,
   30.1317,       148,
   30.1519,       158,
   30.1721,       152,
   30.1923,       159,
   30.2125,       223,
   30.2327,       214,
   30.2529,       292,
   30.2731,       317,
   30.2932,       274,
   30.3134,       245,
   30.3336,       250,
   30.3538,       218,
    30.374,       196,
   30.3942,       165,
   30.4144,       166,
   30.4346,       142,
   30.4548,       123,
    30.475,       153,
   30.4952,       144,
   30.5153,       169,
   30.5355,       147,
   30.5557,       118,
   30.5759,       116,
   30.5961,       136,
   30.6163,       133,
   30.6365,       111,
   30.6567,       119,
   30.6769,       110,
   30.6971,       114,
   30.7172,       118,
   30.7374,       108,
   30.7576,        90,
   30.7778,       102,
    30.798,       100,
   30.8182,       116,
   30.8384,       109,
   30.8586,       104,
   30.8788,       120,
    30.899,       110,
   30.9192,       111,
   30.9393,       116,
   30.9595,       104,
   30.9797,       124,
   30.9999,       120,
   31.0201,       119,
   31.0403,       144,
   31.0605,       136,
   31.0807,       130,
   31.1009,       123,
   31.1211,        95,
   31.1413,       135,
   31.1614,       124,
   31.1816,        94,
   31.2018,        93,
    31.222,        91,
   31.2422,        92,
   31.2624,        91,
   31.2826,        91,
   31.3028,        88,
    31.323,       104,
   31.3432,       116,
   31.3633,        90,
   31.3835,        96,
   31.4037,       101,
   31.4239,       110,
   31.4441,       106,
   31.4643,       128,
   31.4845,       126,
   31.5047,       100,
   31.5249,       132,
   31.5451,       126,
   31.5653,       122,
   31.5854,       133,
   31.6056,       117,
   31.6258,       118,
    31.646,       106,
   31.6662,       127,
   31.6864,       114,
   31.7066,       114,
   31.7268,       109,
    31.747,       105,
   31.7672,        95,
   31.7873,       125,
   31.8075,        99,
   31.8277,       127,
   31.8479,        96,
   31.8681,        94,
   31.8883,       112,
   31.9085,       125,
   31.9287,       121,
   31.9489,       148,
   31.9691,       131,
   31.9893,       177,
   32.0094,       233,
   32.0296,       252,
   32.0498,       274,
     32.07,       287,
   32.0902,       247,
   32.1104,       293,
   32.1306,       309,
   32.1508,       291,
    32.171,       309,
   32.1912,       289,
   32.2114,       315,
   32.2315,       314,
   32.2517,       295,
   32.2719,       351,
   32.2921,       334,
   32.3123,       363,
   32.3325,       356,
   32.3527,       363,
   32.3729,       400,
   32.3931,       388,
   32.4133,       430,
   32.4334,       403,
   32.4536,       418,
   32.4738,       375,
    32.494,       413,
   32.5142,       403,
   32.5344,       424,
   32.5546,       428,
   32.5748,       460,
    32.595,       532,
   32.6152,       544,
   32.6354,       654,
   32.6555,       676,
   32.6757,       724,
   32.6959,       789,
   32.7161,       860,
   32.7363,       945,
   32.7565,      1029,
   32.7767,      1075,
   32.7969,      1130,
   32.8171,      1184,
   32.8373,      1321,
   32.8574,      1341,
   32.8776,      1564,
   32.8978,      1634,
    32.918,      1611,
   32.9382,      1787,
   32.9584,      2002,
   32.9786,      2480,
   32.9988,      2699,
    33.019,      2962,
   33.0392,      3259,
   33.0594,      3850,
   33.0795,      6311,
   33.0997,     15590,
   33.1199,     41367,
   33.1401,     82856,
   33.1603,     84922,
   33.1805,     42734,
   33.2007,     26341,
   33.2209,     37662,
   33.2411,     42001,
   33.2613,     22754,
   33.2815,      7964,
   33.3016,      3144,
   33.3218,      1945,
    33.342,      1492,
   33.3622,      1161,
   33.3824,      1041,
   33.4026,       936,
   33.4228,       867,
    33.443,       876,
   33.4632,       768,
   33.4834,       711,
   33.5035,       670,
   33.5237,       540,
   33.5439,       485,
   33.5641,       483,
   33.5843,       453,
   33.6045,       408,
   33.6247,       377,
   33.6449,       369,
   33.6651,       325,
   33.6853,       340,
   33.7055,       331,
   33.7256,       334,
   33.7458,       311,
    33.766,       322,
   33.7862,       297,
   33.8064,       298,
   33.8266,       274,
   33.8468,       286,
    33.867,       275,
   33.8872,       308,
   33.9074,       282,
   33.9275,       271,
   33.9477,       261,
   33.9679,       260,
   33.9881,       279,
   34.0083,       273,
   34.0285,       319,
   34.0487,       277,
   34.0689,       294,
   34.0891,       334,
   34.1093,       282,
   34.1295,       333,
   34.1496,       391,
   34.1698,       500,
     34.19,       592,
   34.2102,       554,
   34.2304,       436,
   34.2506,       395,
   34.2708,       358,
    34.291,       406,
   34.3112,       322,
   34.3314,       308,
   34.3516,       258,
   34.3717,       238,
   34.3919,       202,
   34.4121,       234,
   34.4323,       239,
   34.4525,       237,
   34.4727,       225,
   34.4929,       221,
   34.5131,       245,
   34.5333,       197,
   34.5535,       199,
   34.5736,       199,
   34.5938,       209,
    34.614,       187,
   34.6342,       183,
   34.6544,       217,
   34.6746,       249,
   34.6948,       240,
    34.715,       218,
   34.7352,       251,
   34.7554,       223,
   34.7756,       230,
   34.7957,       250,
   34.8159,       209,
   34.8361,       246,
   34.8563,       222,
   34.8765,       227,
   34.8967,       263,
   34.9169,       238,
   34.9371,       278,
   34.9573,       338,
   34.9775,       395,
   34.9976,       461,
   35.0178,       503,
    35.038,       428,
   35.0582,       363,
   35.0784,       544,
   35.0986,       608,
   35.1188,       530,
    35.139,       377,
   35.1592,       428,
   35.1794,       536,
   35.1996,       491,
   35.2197,       377,
   35.2399,       362,
   35.2601,       293,
   35.2803,       263,
   35.3005,       288,
   35.3207,       262,
   35.3409,       253,
   35.3611,       236,
   35.3813,       262,
   35.4015,       234,
   35.4217,       231,
   35.4418,       218,
    35.462,       221,
   35.4822,       221,
   35.5024,       232,
   35.5226,       212,
   35.5428,       228,
    35.563,       232,
   35.5832,       226,
   35.6034,       214,
   35.6236,       229,
   35.6437,       221,
   35.6639,       201,
   35.6841,       185,
   35.7043,       196,
   35.7245,       194,
   35.7447,       182,
   35.7649,       203,
   35.7851,       196,
   35.8053,       171,
   35.8255,       186,
   35.8457,       185,
   35.8658,       190,
    35.886,       133,
   35.9062,       186,
   35.9264,       162,
   35.9466,       165,
   35.9668,       149,
    35.987,       170,
   36.0072,       176,
   36.0274,       154,
   36.0476,       151,
   36.0677,       160,
   36.0879,       151,
   36.1081,       153,
   36.1283,       157,
   36.1485,       149,
   36.1687,       164,
   36.1889,       171,
   36.2091,       153,
   36.2293,       167,
   36.2495,       162,
   36.2697,       168,
   36.2898,       153,
     36.31,       160,
   36.3302,       174,
   36.3504,       157,
   36.3706,       173,
   36.3908,       161,
    36.411,       149,
   36.4312,       154,
   36.4514,       139,
   36.4716,       141,
   36.4918,       165,
   36.5119,       167,
   36.5321,       138,
   36.5523,       153,
   36.5725,       141,
   36.5927,       147,
   36.6129,       169,
   36.6331,       139,
   36.6533,       148,
   36.6735,       144,
   36.6937,       178,
   36.7138,       149,
    36.734,       147,
   36.7542,       148,
   36.7744,       128,
   36.7946,       156,
   36.8148,       157,
    36.835,       145,
   36.8552,       134,
   36.8754,       148,
   36.8956,       150,
   36.9158,       156,
   36.9359,       163,
   36.9561,       154,
   36.9763,       176,
   36.9965,       167,
   37.0167,       167,
   37.0369,       163,
   37.0571,       163,
   37.0773,       152,
   37.0975,       139,
   37.1177,       162,
   37.1378,       157,
    37.158,       153,
   37.1782,       146,
   37.1984,       130,
   37.2186,       145,
   37.2388,       152,
    37.259,       158,
   37.2792,       183,
   37.2994,       137,
   37.3196,       148,
   37.3398,       148,
   37.3599,       154,
   37.3801,       150,
   37.4003,       156,
   37.4205,       189,
   37.4407,       177,
   37.4609,       195,
   37.4811,       180,
   37.5013,       216,
   37.5215,       260,
   37.5417,       326,
   37.5619,       352,
    37.582,       371,
   37.6022,       356,
   37.6224,       349,
   37.6426,       328,
   37.6628,       337,
    37.683,       356,
   37.7032,       389,
   37.7234,       367,
   37.7436,       406,
   37.7638,       358,
   37.7839,       407,
   37.8041,       360,
   37.8243,       369,
   37.8445,       366,
   37.8647,       328,
   37.8849,       353,
   37.9051,       366,
   37.9253,       348,
   37.9455,       326,
   37.9657,       342,
   37.9859,       328,
    38.006,       347,
   38.0262,       344,
   38.0464,       361,
   38.0666,       347,
   38.0868,       314,
    38.107,       359,
   38.1272,       347,
   38.1474,       330,
   38.1676,       340,
   38.1878,       354,
   38.2079,       328,
   38.2281,       346,
   38.2483,       345,
   38.2685,       350,
   38.2887,       344,
   38.3089,       334,
   38.3291,       333,
   38.3493,       367,
   38.3695,       408,
   38.3897,       483,
   38.4099,       488,
     38.43,       522,
   38.4502,       543,
   38.4704,       593,
   38.4906,       615,
   38.5108,       671,
    38.531,       663,
   38.5512,       678,
   38.5714,       725,
   38.5916,       979,
   38.6118,      1064,
   38.6319,       965,
   38.6521,       942,
   38.6723,       973,
   38.6925,      1155,
   38.7127,      1387,
   38.7329,      1499,
   38.7531,      1507,
   38.7733,      1599,
   38.7935,      1999,
   38.8137,      3387,
   38.8339,      6946,
    38.854,     18355,
   38.8742,     39273,
   38.8944,     52297,
   38.9146,     39746,
   38.9348,     19990,
    38.955,     13690,
   38.9752,     20403,
   38.9954,     27003,
   39.0156,     21272,
   39.0358,      9719,
    39.056,      3561,
   39.0761,      1890,
   39.0963,      1360,
   39.1165,      1125,
   39.1367,       961,
   39.1569,       868,
   39.1771,       830,
   39.1973,       805,
   39.2175,       781,
   39.2377,       660,
   39.2579,       576,
    39.278,       549,
   39.2982,       508,
   39.3184,       505,
   39.3386,       464,
   39.3588,       359,
    39.379,       348,
   39.3992,       331,
   39.4194,       327,
   39.4396,       316,
   39.4598,       262,
     39.48,       285,
   39.5001,       281,
   39.5203,       292,
   39.5405,       262,
   39.5607,       219,
   39.5809,       277,
   39.6011,       222,
   39.6213,       227,
   39.6415,       260,
   39.6617,       258,
   39.6819,       259,
    39.702,       239,
   39.7222,       247,
   39.7424,       261,
   39.7626,       214,
   39.7828,       238,
    39.803,       258,
   39.8232,       255,
   39.8434,       257,
   39.8636,       279,
   39.8838,       277,
    39.904,       249,
   39.9241,       250,
   39.9443,       289,
   39.9645,       265,
   39.9847,       289,
   40.0049,       290,
   40.0251,       328,
   40.0453,       276,
   40.0655,       266,
   40.0857,       287,
   40.1059,       282,
   40.1261,       275,
   40.1462,       274,
   40.1664,       286,
   40.1866,       319,
   40.2068,       353,
    40.227,       340,
   40.2472,       324,
   40.2674,       321,
   40.2876,       254,
   40.3078,       293,
    40.328,       257,
   40.3481,       248,
   40.3683,       242,
   40.3885,       232,
   40.4087,       246,
   40.4289,       248,
   40.4491,       236,
   40.4693,       236,
   40.4895,       223,
   40.5097,       235,
   40.5299,       229,
   40.5501,       244,
   40.5702,       205,
   40.5904,       221,
   40.6106,       197,
   40.6308,       177,
    40.651,       209,
   40.6712,       199,
   40.6914,       198,
   40.7116,       203,
   40.7318,       204,
    40.752,       209,
   40.7721,       215,
   40.7923,       181,
   40.8125,       192,
   40.8327,       187,
   40.8529,       191,
   40.8731,       196,
   40.8933,       158,
   40.9135,       166,
   40.9337,       178,
   40.9539,       135,
   40.9741,       163,
   40.9942,       173,
   41.0144,       163,
   41.0346,       143,
   41.0548,       172,
    41.075,       152,
   41.0952,       151,
   41.1154,       160,
   41.1356,       158,
   41.1558,       158,
    41.176,       158,
   41.1962,       161,
   41.2163,       182,
   41.2365,       165,
   41.2567,       152,
   41.2769,       162,
   41.2971,       167,
   41.3173,       175,
   41.3375,       154,
   41.3577,       200,
   41.3779,       171,
   41.3981,       191,
   41.4182,       198,
   41.4384,       185,
   41.4586,       189,
   41.4788,       193,
    41.499,       175,
   41.5192,       161,
   41.5394,       152,
   41.5596,       180,
   41.5798,       154,
      41.6,       133,
   41.6202,       163,
   41.6403,       152,
   41.6605,       168,
   41.6807,       145,
   41.7009,       169,
   41.7211,       169,
   41.7413,       194,
   41.7615,       166,
   41.7817,       171,
   41.8019,       170,
   41.8221,       198,
   41.8422,       157,
   41.8624,       153,
   41.8826,       167,
   41.9028,       184,
    41.923,       157,
   41.9432,       148,
   41.9634,       174,
   41.9836,       151,
   42.0038,       139,
    42.024,       155,
   42.0442,       136,
   42.0643,       166,
   42.0845,       158,
   42.1047,       153,
   42.1249,       156,
   42.1451,       161,
   42.1653,       151,
   42.1855,       135,
   42.2057,       144,
   42.2259,       154,
   42.2461,       156,
   42.2663,       155,
   42.2864,       162,
   42.3066,       165,
   42.3268,       165,
    42.347,       178,
   42.3672,       150,
   42.3874,       186,
   42.4076,       193,
   42.4278,       183,
    42.448,       166,
   42.4682,       185,
   42.4883,       204,
   42.5085,       167,
   42.5287,       169,
   42.5489,       192,
   42.5691,       183,
   42.5893,       210,
   42.6095,       208,
   42.6297,       184,
   42.6499,       204,
   42.6701,       173,
   42.6903,       215,
   42.7104,       199,
   42.7306,       170,
   42.7508,       191,
    42.771,       176,
   42.7912,       175,
   42.8114,       167,
   42.8316,       161,
   42.8518,       190,
    42.872,       192,
   42.8922,       189,
   42.9123,       198,
   42.9325,       185,
   42.9527,       168,
   42.9729,       206,
   42.9931,       187,
   43.0133,       174,
   43.0335,       165,
   43.0537,       171,
   43.0739,       175,
   43.0941,       177,
   43.1143,       185,
   43.1344,       210,
   43.1546,       222,
   43.1748,       193,
    43.195,       226,
   43.2152,       212,
   43.2354,       197,
   43.2556,       226,
   43.2758,       227,
    43.296,       203,
   43.3162,       204,
   43.3364,       193,
   43.3565,       185,
   43.3767,       179,
   43.3969,       167,
   43.4171,       201,
   43.4373,       200,
   43.4575,       176,
   43.4777,       173,
   43.4979,       176,
   43.5181,       166,
   43.5383,       169,
   43.5584,       176,
   43.5786,       180,
   43.5988,       164,
    43.619,       170,
   43.6392,       182,
   43.6594,       187,
   43.6796,       155,
   43.6998,       167,
     43.72,       182,
   43.7402,       179,
   43.7604,       175,
   43.7805,       177,
   43.8007,       183,
   43.8209,       171,
   43.8411,       194,
   43.8613,       171,
   43.8815,       186,
   43.9017,       191,
   43.9219,       161,
   43.9421,       202,
   43.9623,       187,
   43.9824,       176,
   44.0026,       156,
   44.0228,       172,
    44.043,       186,
   44.0632,       178,
   44.0834,       178,
   44.1036,       181,
   44.1238,       208,
    44.144,       207,
   44.1642,       231,
   44.1844,       216,
   44.2045,       243,
   44.2247,       255,
   44.2449,       252,
   44.2651,       277,
   44.2853,       263,
   44.3055,       301,
   44.3257,       281,
   44.3459,       297,
   44.3661,       307,
   44.3863,       314,
   44.4065,       315,
   44.4266,       345,
   44.4468,       371,
    44.467,       435,
   44.4872,       467,
   44.5074,       533,
   44.5276,       517,
   44.5478,       618,
    44.568,       619,
   44.5882,       656,
   44.6084,       751,
   44.6285,       992,
   44.6487,      1375,
   44.6689,      2570,
   44.6891,      5683,
   44.7093,     13160,
   44.7295,     23557,
   44.7497,     23830,
   44.7699,     14790,
   44.7901,      6871,
   44.8103,      5790,
   44.8305,      9830,
   44.8506,     13991,
   44.8708,     14222,
    44.891,      8061,
   44.9112,      3215,
   44.9314,      1592,
   44.9516,      1064,
   44.9718,       809,
    44.992,       708,
   45.0122,       658,
   45.0324,       558,
   45.0525,       514,
   45.0727,       506,
   45.0929,       455,
   45.1131,       400,
   45.1333,       401,
   45.1535,       337,
   45.1737,       348,
   45.1939,       334,
   45.2141,       307,
   45.2343,       309,
   45.2545,       309,
   45.2746,       271,
   45.2948,       296,
    45.315,       271,
   45.3352,       279,
   45.3554,       265,
   45.3756,       262,
   45.3958,       244,
    45.416,       226,
   45.4362,       236,
   45.4564,       239,
   45.4766,       218,
   45.4967,       220,
   45.5169,       227,
   45.5371,       214,
   45.5573,       194,
   45.5775,       207,
   45.5977,       193,
   45.6179,       198,
   45.6381,       194,
   45.6583,       201,
   45.6785,       167,
   45.6986,       161,
   45.7188,       172,
    45.739,       161,
   45.7592,       150,
   45.7794,       181,
   45.7996,       156,
   45.8198,       143,
     45.84,       159,
   45.8602,       171,
   45.8804,       162,
   45.9006,       158,
   45.9207,       149,
   45.9409,       140,
   45.9611,       136,
   45.9813,       144,
   46.0015,       148,
   46.0217,       162,
   46.0419,       130,
   46.0621,       127,
   46.0823,       127,
   46.1025,       146,
   46.1226,       144,
   46.1428,       149,
    46.163,       145,
   46.1832,       152,
   46.2034,       133,
   46.2236,       148,
   46.2438,       143,
    46.264,       138,
   46.2842,       138,
   46.3044,       133,
   46.3246,       112,
   46.3447,       127,
   46.3649,       113,
   46.3851,       134,
   46.4053,       128,
   46.4255,       121,
   46.4457,       144,
   46.4659,       110,
   46.4861,       133,
   46.5063,       133,
   46.5265,       129,
   46.5467,       128,
   46.5668,       135,
    46.587,       125,
   46.6072,       145,
   46.6274,       159,
   46.6476,       129,
   46.6678,       121,
    46.688,       139,
   46.7082,       120,
   46.7284,       132,
   46.7486,       123,
   46.7687,       118,
   46.7889,       107,
   46.8091,       136,
   46.8293,       116,
   46.8495,       118,
   46.8697,        98,
   46.8899,       113,
   46.9101,        93,
   46.9303,       114,
   46.9505,       116,
   46.9707,       104,
   46.9908,        96,
    47.011,       104,
   47.0312,       106,
   47.0514,       123,
   47.0716,       133,
   47.0918,       120,
    47.112,       117,
   47.1322,       134,
   47.1524,       114,
   47.1726,       122,
   47.1927,       107,
   47.2129,       125,
   47.2331,       116,
   47.2533,       109,
   47.2735,       134,
   47.2937,       116,
   47.3139,       119,
   47.3341,       133,
   47.3543,       116,
   47.3745,       120,
   47.3947,       142,
   47.4148,       143,
    47.435,       148,
   47.4552,       134,
   47.4754,       118,
   47.4956,       115,
   47.5158,       132,
    47.536,       124,
   47.5562,       125,
   47.5764,       134,
   47.5966,       107,
   47.6167,       106,
   47.6369,       120,
   47.6571,       131,
   47.6773,       128,
   47.6975,       136,
   47.7177,       131,
   47.7379,       129,
   47.7581,       120,
   47.7783,       116,
   47.7985,       123,
   47.8187,       137,
   47.8388,       134,
    47.859,       144,
   47.8792,       122,
   47.8994,       111,
   47.9196,       110,
   47.9398,       142,
     47.96,       133,
   47.9802,       124,
   48.0004,       126,
   48.0206,       121,
   48.0408,       111,
   48.0609,       121,
   48.0811,       113,
   48.1013,       134,
   48.1215,       126,
   48.1417,       121,
   48.1619,       127,
   48.1821,       112,
   48.2023,       116,
   48.2225,       112,
   48.2427,       106,
   48.2628,        86,
    48.283,       116,
   48.3032,        95,
   48.3234,       108,
   48.3436,       108,
   48.3638,       109,
    48.384,       128,
   48.4042,       116,
   48.4244,       112,
   48.4446,       120,
   48.4648,       123,
   48.4849,       128,
   48.5051,       111,
   48.5253,       102,
   48.5455,       114,
   48.5657,       114,
   48.5859,       116,
   48.6061,       111,
   48.6263,       124,
   48.6465,       123,
   48.6667,       105,
   48.6868,       110,
    48.707,       115,
   48.7272,       115,
   48.7474,       118,
   48.7676,       110,
   48.7878,       118,
    48.808,       106,
   48.8282,       101,
   48.8484,        94,
   48.8686,       101,
   48.8888,        93,
   48.9089,       113,
   48.9291,       115,
   48.9493,       102,
   48.9695,       127,
   48.9897,       127,
   49.0099,        97,
   49.0301,       103,
   49.0503,       123,
   49.0705,       109,
   49.0907,        93,
   49.1109,       121,
    49.131,       124,
   49.1512,       125,
   49.1714,       116,
   49.1916,       103,
   49.2118,       108,
    49.232,        95,
   49.2522,       120,
   49.2724,        97,
   49.2926,       104,
   49.3128,       105,
   49.3329,       102,
   49.3531,        91,
   49.3733,        76,
   49.3935,        94,
   49.4137,       111,
   49.4339,       106,
   49.4541,       100,
   49.4743,       104,
   49.4945,        94,
   49.5147,        96,
   49.5349,       106,
    49.555,        90,
   49.5752,       107,
   49.5954,       117,
   49.6156,       104,
   49.6358,       117,
    49.656,       105,
   49.6762,       124,
   49.6964,       125,
   49.7166,       111,
   49.7368,       118,
   49.7569,       122,
   49.7771,       119,
   49.7973,        96,
   49.8175,       113,
   49.8377,       101,
   49.8579,       146,
   49.8781,       123,
   49.8983,       142,
   49.9185,       121,
   49.9387,       136,
   49.9589,       110,
    49.979,       122,
   49.9992,       118,
   50.0194,       133,
   50.0396,        96,
   50.0598,       135,
     50.08,       112,
   50.1002,       125,
   50.1204,       115,
   50.1406,       128,
   50.1608,       124,
    50.181,       153,
   50.2011,       140,
   50.2213,       186,
   50.2415,       166,
   50.2617,       158,
   50.2819,       166,
   50.3021,       163,
   50.3223,       163,
   50.3425,       157,
   50.3627,       143,
   50.3829,       159,
    50.403,       155,
   50.4232,       190,
   50.4434,       186,
   50.4636,       193,
   50.4838,       203,
    50.504,       231,
   50.5242,       203,
   50.5444,       205,
   50.5646,       238,
   50.5848,       254,
    50.605,       299,
   50.6251,       357,
   50.6453,       509,
   50.6655,      1023,
   50.6857,      2006,
   50.7059,      3196,
   50.7261,      3144,
   50.7463,      1786,
   50.7665,       821,
   50.7867,       638,
   50.8069,       755,
    50.827,      1234,
   50.8472,      1588,
   50.8674,      1225,
   50.8876,       717,
   50.9078,       378,
    50.928,       226,
   50.9482,       213,
   50.9684,       174,
   50.9886,       130,
   51.0088,       154,
    51.029,       143,
   51.0491,       126,
   51.0693,       121,
   51.0895,       118,
   51.1097,       115,
   51.1299,       107,
   51.1501,        93,
   51.1703,       119,
   51.1905,       113,
   51.2107,       100,
   51.2309,       107,
   51.2511,       110,
   51.2712,        87,
   51.2914,       103,
   51.3116,        97,
   51.3318,        90,
    51.352,        94,
   51.3722,        92,
   51.3924,        93,
   51.4126,       120,
   51.4328,       108,
    51.453,       105,
   51.4731,        94,
   51.4933,        91,
   51.5135,       101,
   51.5337,        82,
   51.5539,       104,
   51.5741,       103,
   51.5943,       100,
   51.6145,        98,
   51.6347,        87,
   51.6549,        77,
   51.6751,        96,
   51.6952,        79,
   51.7154,        82,
   51.7356,        88,
   51.7558,        78,
    51.776,        89,
   51.7962,        92,
   51.8164,       104,
   51.8366,        88,
   51.8568,       101,
    51.877,        86,
   51.8971,        95,
   51.9173,        86,
   51.9375,        84,
   51.9577,        85,
   51.9779,        88,
   51.9981,       104,
   52.0183,        94,
   52.0385,        97,
   52.0587,        88,
   52.0789,        91,
   52.0991,        89,
   52.1192,       100,
   52.1394,        84,
   52.1596,       101,
   52.1798,        92,
      52.2,       101,
   52.2202,        87,
   52.2404,        91,
   52.2606,       103,
   52.2808,        94,
    52.301,        97,
   52.3212,       107,
   52.3413,        99,
   52.3615,       102,
   52.3817,        78,
   52.4019,        95,
   52.4221,       104,
   52.4423,        81,
   52.4625,        91,
   52.4827,        86,
   52.5029,        95,
   52.5231,       108,
   52.5432,        99,
   52.5634,        97,
   52.5836,        97,
   52.6038,        99,
    52.624,        82,
   52.6442,        94,
   52.6644,       110,
   52.6846,       119,
   52.7048,       104,
    52.725,       108,
   52.7452,       108,
   52.7653,        99,
   52.7855,        98,
   52.8057,        88,
   52.8259,       100,
   52.8461,        94,
   52.8663,        92,
   52.8865,        77,
   52.9067,        88,
   52.9269,        90,
   52.9471,       102,
   52.9672,        82,
   52.9874,       103,
   53.0076,        91,
   53.0278,        96,
    53.048,        88,
   53.0682,        96,
   53.0884,        98,
   53.1086,        92,
   53.1288,        97,
    53.149,        85,
   53.1692,        78,
   53.1893,        84,
   53.2095,        74,
   53.2297,        90,
   53.2499,        87,
   53.2701,        78,
   53.2903,        93,
   53.3105,        72,
   53.3307,        88,
   53.3509,        79,
   53.3711,        82,
   53.3913,        94,
   53.4114,        86,
   53.4316,        88,
   53.4518,        80,
    53.472,        97,
   53.4922,        87,
   53.5124,        94,
   53.5326,        73,
   53.5528,        96,
    53.573,        94,
   53.5932,        93,
   53.6133,        99,
   53.6335,        86,
   53.6537,        89,
   53.6739,        83,
   53.6941,       106,
   53.7143,        83,
   53.7345,        78,
   53.7547,        74,
   53.7749,        80,
   53.7951,       100,
   53.8153,        91,
   53.8354,        94,
   53.8556,        88,
   53.8758,        84,
    53.896,        72,
   53.9162,        93,
   53.9364,        85,
   53.9566,        76,
   53.9768,        94,
    53.997,        86,
   54.0172,        70,
   54.0373,        78,
   54.0575,        75,
   54.0777,        84,
   54.0979,        78,
   54.1181,        76,
   54.1383,        83,
   54.1585,        78,
   54.1787,        60,
   54.1989,        80,
   54.2191,        64,
   54.2393,        66,
   54.2594,        62,
   54.2796,        82,
   54.2998,        80,
     54.32,        79,
   54.3402,        78,
   54.3604,        76,
   54.3806,        77,
   54.4008,        81,
    54.421,        60,
   54.4412,        78,
   54.4614,        79,
   54.4815,        82,
   54.5017,        74,
   54.5219,        60,
   54.5421,        84,
   54.5623,        78,
   54.5825,        91,
   54.6027,        85,
   54.6229,        90,
   54.6431,        74,
   54.6633,        89,
   54.6834,       100,
   54.7036,        77,
   54.7238,        92,
    54.744,       108,
   54.7642,        92,
   54.7844,        86,
   54.8046,        94,
   54.8248,        86,
    54.845,       103,
   54.8652,        86,
   54.8854,        93,
   54.9055,        86,
   54.9257,        75,
   54.9459,       100,
   54.9661,        90,
   54.9863,        80,
   55.0065,        95,
   55.0267,        99,
   55.0469,       101,
   55.0671,       105,
   55.0873,        90,
   55.1074,        90,
   55.1276,       103,
   55.1478,       107,
    55.168,        88,
   55.1882,        98,
   55.2084,        89,
   55.2286,        92,
   55.2488,        92,
    55.269,        94,
   55.2892,        91,
   55.3094,        83,
   55.3295,        80,
   55.3497,        91,
   55.3699,        88,
   55.3901,        86,
   55.4103,        94,
   55.4305,        94,
   55.4507,        93,
   55.4709,        82,
   55.4911,        70,
   55.5113,        84,
   55.5314,        83,
   55.5516,        84,
   55.5718,        74,
    55.592,        85,
   55.6122,        69,
   55.6324,        76,
   55.6526,        73,
   55.6728,        88,
    55.693,        78,
   55.7132,        78,
   55.7334,        99,
   55.7535,        74,
   55.7737,        95,
   55.7939,        81,
   55.8141,        87,
   55.8343,        95,
   55.8545,        85,
   55.8747,        73,
   55.8949,        93,
   55.9151,        77,
   55.9353,        89,
   55.9555,        85,
   55.9756,        85,
   55.9958,        80,
    56.016,        83,
   56.0362,        83,
   56.0564,        91,
   56.0766,        92,
   56.0968,        89,
    56.117,        90,
   56.1372,        97,
   56.1574,        82,
   56.1775,        96,
   56.1977,        86,
   56.2179,        81,
   56.2381,        81,
   56.2583,       104,
   56.2785,        94,
   56.2987,        85,
   56.3189,       102,
   56.3391,        87,
   56.3593,       103,
   56.3795,       134,
   56.3996,        92,
   56.4198,       110,
     56.44,       108,
   56.4602,       102,
   56.4804,       111,
   56.5006,       107,
   56.5208,       123,
    56.541,       135,
   56.5612,       160,
   56.5814,       141,
   56.6015,       188,
   56.6217,       153,
   56.6419,       173,
   56.6621,       168,
   56.6823,       203,
   56.7025,       225,
   56.7227,       294,
   56.7429,       392,
   56.7631,       584,
   56.7833,      1133,
   56.8035,      2294,
   56.8236,      4206,
   56.8438,      5710,
    56.864,      4552,
   56.8842,      2379,
   56.9044,      1242,
   56.9246,       893,
   56.9448,      1065,
    56.965,      1817,
   56.9852,      2911,
   57.0054,      3134,
   57.0256,      2160,
   57.0457,       997,
   57.0659,       498,
   57.0861,       306,
   57.1063,       277,
   57.1265,       207,
   57.1467,       178,
   57.1669,       190,
   57.1871,       177,
   57.2073,       158,
   57.2275,       144,
   57.2476,       138,
   57.2678,       136,
    57.288,       148,
   57.3082,       140,
   57.3284,       144,
   57.3486,       118,
   57.3688,       121,
    57.389,       113,
   57.4092,       117,
   57.4294,       114,
   57.4496,        91,
   57.4697,       106,
   57.4899,       123,
   57.5101,       103,
   57.5303,       112,
   57.5505,        87,
   57.5707,       105,
   57.5909,        95,
   57.6111,       105,
   57.6313,       103,
   57.6515,        88,
   57.6716,        84,
   57.6918,        98,
    57.712,        95,
   57.7322,        96,
   57.7524,        91,
   57.7726,        84,
   57.7928,       109,
    57.813,        96,
   57.8332,        92,
   57.8534,       101,
   57.8736,        95,
   57.8937,        86,
   57.9139,        99,
   57.9341,        92,
   57.9543,        86,
   57.9745,        91,
   57.9947,        87,
   58.0149,        83,
   58.0351,        91,
   58.0553,        94,
   58.0755,        79,
   58.0957,        94,
   58.1158,        81,
    58.136,        78,
   58.1562,        72,
   58.1764,        94,
   58.1966,        89,
   58.2168,        88,
    58.237,       101,
   58.2572,        77,
   58.2774,        92,
   58.2976,        93,
   58.3177,        82,
   58.3379,        93,
   58.3581,        79,
   58.3783,        88,
   58.3985,        71,
   58.4187,        91,
   58.4389,        95,
   58.4591,        70,
   58.4793,        93,
   58.4995,        82,
   58.5197,        77,
   58.5398,        86,
     58.56,        85,
   58.5802,        89,
   58.6004,        77,
   58.6206,        78,
   58.6408,       101,
    58.661,        79,
   58.6812,        88,
   58.7014,        85,
   58.7216,        80,
   58.7417,        75,
   58.7619,        71,
   58.7821,        73,
   58.8023,        70,
   58.8225,        78,
   58.8427,        82,
   58.8629,        59,
   58.8831,        65,
   58.9033,        87,
   58.9235,        95,
   58.9437,        72,
   58.9638,        76,
    58.984,        72,
   59.0042,        77,
   59.0244,        73,
   59.0446,        85,
   59.0648,        93,
    59.085,        70,
   59.1052,        72,
   59.1254,        66,
   59.1456,        64,
   59.1658,        97,
   59.1859,        87,
   59.2061,        78,
   59.2263,        66,
   59.2465,        83,
   59.2667,        69,
   59.2869,        78,
   59.3071,        82,
   59.3273,        82,
   59.3475,        95,
   59.3677,        86,
   59.3878,        84,
    59.408,        83,
   59.4282,        83,
   59.4484,        85,
   59.4686,       104,
   59.4888,        84,
    59.509,        90,
   59.5292,        86,
   59.5494,        70,
   59.5696,        91,
   59.5898,        96,
   59.6099,        89,
   59.6301,        84,
   59.6503,        72,
   59.6705,        74,
   59.6907,        81,
   59.7109,        85,
   59.7311,        79,
   59.7513,        81,
   59.7715,        96,
   59.7917,        76,
   59.8118,        64,
    59.832,        91,
   59.8522,        66,
   59.8724,        70,
   59.8926,        69,
   59.9128,        94,
    59.933,        80,
   59.9532,        89,
   59.9734,        65,
   59.9936,        83,
   60.0138,        69,
   60.0339,        74,
   60.0541,        65,
   60.0743,        77,
   60.0945,        79,
   60.1147,        93,
   60.1349,        75,
   60.1551,        66,
   60.1753,        88,
   60.1955,        82,
   60.2157,        78,
   60.2359,        79,
    60.256,        73,
   60.2762,        84,
   60.2964,        78,
   60.3166,        60,
   60.3368,        89,
    60.357,        85,
   60.3772,        68,
   60.3974,        92,
   60.4176,        89,
   60.4378,        96,
   60.4579,        92,
   60.4781,        95,
   60.4983,       133,
   60.5185,       113,
   60.5387,        95,
   60.5589,        90,
   60.5791,        98,
   60.5993,        97,
   60.6195,        97,
   60.6397,        94,
   60.6599,        94,
     60.68,        90,
   60.7002,        99,
   60.7204,        99,
   60.7406,        85,
   60.7608,        93,
    60.781,        76,
   60.8012,        70,
   60.8214,        61,
   60.8416,        71,
   60.8618,        72,
   60.8819,        72,
   60.9021,        85,
   60.9223,        82,
   60.9425,        95,
   60.9627,        80,
   60.9829,        92,
   61.0031,        81,
   61.0233,        72,
   61.0435,        67,
   61.0637,        64,
   61.0839,        85,
    61.104,        78,
   61.1242,        70,
   61.1444,        65,
   61.1646,        64,
   61.1848,        75,
    61.205,        83,
   61.2252,        73,
   61.2454,        69,
   61.2656,        71,
   61.2858,        89,
    61.306,        76,
   61.3261,        60,
   61.3463,        65,
   61.3665,        72,
   61.3867,        87,
   61.4069,        82,
   61.4271,        73,
   61.4473,        80,
   61.4675,        62,
   61.4877,        86,
   61.5079,        75,
    61.528,        92,
   61.5482,        79,
   61.5684,        91,
   61.5886,        78,
   61.6088,        73,
    61.629,        61,
   61.6492,        65,
   61.6694,        81,
   61.6896,        64,
   61.7098,        66,
     61.73,        64,
   61.7501,        80,
   61.7703,        78,
   61.7905,        84,
   61.8107,        86,
   61.8309,        76,
   61.8511,        60,
   61.8713,        75,
   61.8915,        71,
   61.9117,        77,
   61.9319,        69,
    61.952,        84,
   61.9722,        76,
   61.9924,        77,
   62.0126,        75,
   62.0328,        76,
    62.053,        74,
   62.0732,        83,
   62.0934,        72,
   62.1136,        74,
   62.1338,        89,
    62.154,        82,
   62.1741,        85,
   62.1943,        82,
   62.2145,        67,
   62.2347,        78,
   62.2549,        70,
   62.2751,        75,
   62.2953,        72,
   62.3155,        70,
   62.3357,        84,
   62.3559,        75,
   62.3761,        67,
   62.3962,        85,
   62.4164,        67,
   62.4366,        87,
   62.4568,        83,
    62.477,        70,
   62.4972,        80,
   62.5174,        68,
   62.5376,        80,
   62.5578,        70,
    62.578,        75,
   62.5981,        72,
   62.6183,        77,
   62.6385,        76,
   62.6587,        79,
   62.6789,        86,
   62.6991,        64,
   62.7193,        66,
   62.7395,        84,
   62.7597,        59,
   62.7799,        75,
   62.8001,        81,
   62.8202,        70,
   62.8404,        73,
   62.8606,        66,
   62.8808,        56,
    62.901,        75,
   62.9212,        66,
   62.9414,        63,
   62.9616,        77,
   62.9818,        64,
    63.002,        70,
   63.0221,        83,
   63.0423,        76,
   63.0625,        64,
   63.0827,        79,
   63.1029,        73,
   63.1231,       100,
   63.1433,       127,
   63.1635,       110,
   63.1837,       113,
   63.2039,        83,
   63.2241,        75,
   63.2442,        73,
   63.2644,        73,
   63.2846,        75,
   63.3048,        82,
    63.325,       107,
   63.3452,        97,
   63.3654,        94,
   63.3856,        90,
   63.4058,        73,
    63.426,        80,
   63.4462,        90,
   63.4663,        82,
   63.4865,        77,
   63.5067,        86,
   63.5269,        80,
   63.5471,        75,
   63.5673,        73,
   63.5875,        66,
   63.6077,        76,
   63.6279,        67,
   63.6481,        70,
   63.6682,        80,
   63.6884,        69,
   63.7086,        68,
   63.7288,        63,
    63.749,        72,
   63.7692,        85,
   63.7894,        78,
   63.8096,        78,
   63.8298,        59,
     63.85,        70,
   63.8702,        85,
   63.8903,        59,
   63.9105,        56,
   63.9307,        64,
   63.9509,        87,
   63.9711,        72,
   63.9913,        76,
   64.0115,        81,
   64.0317,        70,
   64.0519,        81,
   64.0721,        68,
   64.0922,        50,
   64.1124,        59,
   64.1326,        67,
   64.1528,        67,
    64.173,        56,
   64.1932,        74,
   64.2134,        86,
   64.2336,        84,
   64.2538,        61,
    64.274,        63,
   64.2942,        58,
   64.3143,        65,
   64.3345,        46,
   64.3547,        69,
   64.3749,        66,
   64.3951,        57,
   64.4153,        77,
   64.4355,        84,
   64.4557,        61,
   64.4759,        67,
   64.4961,        79,
   64.5162,        65,
   64.5364,        75,
   64.5566,        70,
   64.5768,        92,
    64.597,        72,
   64.6172,        66,
   64.6374,        63,
   64.6576,        61,
   64.6778,        63,
    64.698,        69,
   64.7182,        88,
   64.7383,        69,
   64.7585,        57,
   64.7787,        73,
   64.7989,        63,
   64.8191,        71,
   64.8393,        68,
   64.8595,        72,
   64.8797,        60,
   64.8999,        68,
   64.9201,        67,
   64.9403,        69,
   64.9604,        76,
   64.9806,        60,
   65.0008,        69,
    65.021,        69,
   65.0412,        81,
   65.0614,        83,
   65.0816,        67,
   65.1018,        68,
    65.122,        52,
   65.1422,        82,
   65.1623,        65,
   65.1825,        70,
   65.2027,        69,
   65.2229,        68,
   65.2431,        87,
   65.2633,        63,
   65.2835,        65,
   65.3037,        63,
   65.3239,        67,
   65.3441,        57,
   65.3643,        58,
   65.3844,        61,
   65.4046,        63,
   65.4248,        55,
    65.445,        74,
   65.4652,        70,
   65.4854,        60,
   65.5056,        78,
   65.5258,        55,
    65.546,        60,
   65.5662,        77,
   65.5863,        71,
   65.6065,        72,
   65.6267,        76,
   65.6469,        71,
   65.6671,        59,
   65.6873,        72,
   65.7075,        70,
   65.7277,        85,
   65.7479,        64,
   65.7681,        66,
   65.7883,        71,
   65.8084,        73,
   65.8286,        62,
   65.8488,        74,
    65.869,        74,
   65.8892,        59,
   65.9094,        55,
   65.9296,        75,
   65.9498,        79,
     65.97,        74,
   65.9902,        64,
   66.0104,        63,
   66.0305,        72,
   66.0507,        70,
   66.0709,        75,
   66.0911,        85,
   66.1113,        63,
   66.1315,        78,
   66.1517,        72,
   66.1719,        64,
   66.1921,        68,
   66.2123,        58,
   66.2324,        63,
   66.2526,        52,
   66.2728,        61,
    66.293,        59,
   66.3132,        74,
   66.3334,        65,
   66.3536,        77,
   66.3738,        77,
    66.394,        75,
   66.4142,        73,
   66.4344,        62,
   66.4545,        61,
   66.4747,        71,
   66.4949,        65,
   66.5151,        72,
   66.5353,        58,
   66.5555,        58,
   66.5757,        71,
   66.5959,        79,
   66.6161,        78,
   66.6363,        62,
   66.6564,        55,
   66.6766,        57,
   66.6968,        53,
    66.717,        72,
   66.7372,        79,
   66.7574,        59,
   66.7776,        61,
   66.7978,        75,
    66.818,        68,
   66.8382,        54,
   66.8584,        58,
   66.8785,        61,
   66.8987,        77,
   66.9189,        75,
   66.9391,        71,
   66.9593,        68,
   66.9795,        68,
   66.9997,        79,
   67.0199,        77,
   67.0401,        72,
   67.0603,        72,
   67.0805,        67,
   67.1006,        62,
   67.1208,        80,
    67.141,        88,
   67.1612,        60,
   67.1814,        58,
   67.2016,        75,
   67.2218,        73,
    67.242,        73,
   67.2622,        71,
   67.2824,        64,
   67.3025,        77,
   67.3227,        75,
   67.3429,        60,
   67.3631,        72,
   67.3833,        55,
   67.4035,        84,
   67.4237,        79,
   67.4439,        75,
   67.4641,        69,
   67.4843,        92,
   67.5045,        76,
   67.5246,        70,
   67.5448,        70,
    67.565,        52,
   67.5852,        76,
   67.6054,        74,
   67.6256,        59,
   67.6458,        74,
    67.666,        51,
   67.6862,        66,
   67.7064,        68,
   67.7265,        69,
   67.7467,        69,
   67.7669,        66,
   67.7871,        73,
   67.8073,        62,
   67.8275,        69,
   67.8477,        54,
   67.8679,        68,
   67.8881,        65,
   67.9083,        88,
   67.9285,        69,
   67.9486,        72,
   67.9688,        87,
    67.989,        88,
   68.0092,       102,
   68.0294,       105,
   68.0496,        99,
   68.0698,        77,
     68.09,        81,
   68.1102,        72,
   68.1304,        74,
   68.1506,        70,
   68.1707,        59,
   68.1909,        67,
   68.2111,        72,
   68.2313,        57,
   68.2515,        67,
   68.2717,        69,
   68.2919,        75,
   68.3121,        81,
   68.3323,        66,
   68.3525,        78,
   68.3726,        81,
   68.3928,        74,
    68.413,        70,
   68.4332,        73,
   68.4534,        74,
   68.4736,        78,
   68.4938,        79,
    68.514,        85,
   68.5342,        65,
   68.5544,        87,
   68.5746,        73,
   68.5947,        72,
   68.6149,        68,
   68.6351,        65,
   68.6553,        85,
   68.6755,        64,
   68.6957,        86,
   68.7159,        74,
   68.7361,        70,
   68.7563,        69,
   68.7765,        76,
   68.7966,        90,
   68.8168,        73,
    68.837,        93,
   68.8572,        77,
   68.8774,        77,
   68.8976,        92,
   68.9178,        77,
    68.938,        74,
   68.9582,        95,
   68.9784,       100,
   68.9986,        72,
   69.0187,        68,
   69.0389,        88,
   69.0591,        85,
   69.0793,        84,
   69.0995,        76,
   69.1197,       107,
   69.1399,        83,
   69.1601,        94,
   69.1803,       101,
   69.2005,       111,
   69.2207,       107,
   69.2408,       117,
    69.261,       102,
   69.2812,       127,
   69.3014,       109,
   69.3216,       110,
   69.3418,       112,
    69.362,       131,
   69.3822,       141,
   69.4024,       132,
   69.4226,       136,
   69.4427,       153,
   69.4629,       158,
   69.4831,       157,
   69.5033,       170,
   69.5235,       176,
   69.5437,       230,
   69.5639,       256,
   69.5841,       357,
   69.6043,       459,
   69.6245,       758,
   69.6447,      1293,
   69.6648,      2251,
    69.685,      2760,
   69.7052,      2566,
   69.7254,      1444,
   69.7456,       752,
   69.7658,       437,
    69.786,       334,
   69.8062,       330,
   69.8264,       472,
   69.8466,       730,
   69.8667,      1084,
   69.8869,      1156,
   69.9071,      1067,
   69.9273,       602,
   69.9475,       395,
   69.9677,       244,
   69.9879,       173,
   70.0081,       149,
   70.0283,       114,
   70.0485,       108,
   70.0687,       110,
   70.0888,       116,
    70.109,        94,
   70.1292,        88,
   70.1494,        93,
   70.1696,        98,
   70.1898,        94,
     70.21,       105,
   70.2302,        81,
   70.2504,        95,
   70.2706,        96,
   70.2908,        79,
   70.3109,        92,
   70.3311,        91,
   70.3513,        86,
   70.3715,        69,
   70.3917,        82,
   70.4119,        78,
   70.4321,        76,
   70.4523,        80,
   70.4725,        74,
   70.4927,        82,
   70.5128,        78,
    70.533,        78,
   70.5532,        74,
   70.5734,        81,
   70.5936,        95,
   70.6138,        68,
    70.634,        70,
   70.6542,        84,
   70.6744,        74,
   70.6946,        81,
   70.7148,        73,
   70.7349,        95,
   70.7551,        89,
   70.7753,        67,
   70.7955,        79,
   70.8157,        70,
   70.8359,        71,
   70.8561,        94,
   70.8763,        78,
   70.8965,        98,
   70.9167,        70,
   70.9368,        81,
    70.957,        63,
   70.9772,        74,
   70.9974,        79,
   71.0176,        82,
   71.0378,        70,
    71.058,        83,
   71.0782,        56,
   71.0984,        69,
   71.1186,        70,
   71.1388,        72,
   71.1589,        76,
   71.1791,        90,
   71.1993,        67,
   71.2195,        76,
   71.2397,        74,
   71.2599,        80,
   71.2801,        80,
   71.3003,        82,
   71.3205,        79,
   71.3407,        91,
   71.3609,        74,
    71.381,        79,
   71.4012,        75,
   71.4214,        64,
   71.4416,        75,
   71.4618,        54,
    71.482,        58,
   71.5022,        89,
   71.5224,        71,
   71.5426,        64,
   71.5628,        63,
   71.5829,        67,
   71.6031,        75,
   71.6233,        66,
   71.6435,        89,
   71.6637,        85,
   71.6839,        62,
   71.7041,        74,
   71.7243,        78,
   71.7445,        87,
   71.7647,        69,
   71.7849,        64,
    71.805,        54,
   71.8252,        86,
   71.8454,        61,
   71.8656,        62,
   71.8858,        62,
    71.906,        77,
   71.9262,        85,
   71.9464,        95,
   71.9666,        79,
   71.9868,        83,
   72.0069,        66,
   72.0271,        78,
   72.0473,        69,
   72.0675,        74,
   72.0877,        86,
   72.1079,        88,
   72.1281,        76,
   72.1483,        87,
   72.1685,        90,
   72.1887,        67,
   72.2089,        80,
    72.229,        67,
   72.2492,        94,
   72.2694,        75,
   72.2896,        74,
   72.3098,        65,
     72.33,        73,
   72.3502,        75,
   72.3704,        71,
   72.3906,        63,
   72.4108,        67,
   72.4309,        61,
   72.4511,        63,
   72.4713,        74,
   72.4915,        74,
   72.5117,        62,
   72.5319,        76,
   72.5521,        51,
   72.5723,        77,
   72.5925,        77,
   72.6127,        71,
   72.6329,        73,
    72.653,        59,
   72.6732,        77,
   72.6934,        58,
   72.7136,        79,
   72.7338,        74,
    72.754,        85,
   72.7742,        82,
   72.7944,        86,
   72.8146,        76,
   72.8348,        75,
    72.855,        67,
   72.8751,        54,
   72.8953,        72,
   72.9155,        72,
   72.9357,        82,
   72.9559,        56,
   72.9761,        94,
   72.9963,        78,
   73.0165,        83,
   73.0367,        78,
   73.0569,        79,
    73.077,        85,
   73.0972,        76,
   73.1174,       100,
   73.1376,        73,
   73.1578,        60,
    73.178,        66,
   73.1982,        95,
   73.2184,        81,
   73.2386,        66,
   73.2588,        80,
    73.279,        90,
   73.2991,        93,
   73.3193,        66,
   73.3395,        75,
   73.3597,        80,
   73.3799,        86,
   73.4001,        87,
   73.4203,        95,
   73.4405,        72,
   73.4607,        84,
   73.4809,        75,
    73.501,        89,
   73.5212,        87,
   73.5414,        85,
   73.5616,        81,
   73.5818,        80,
    73.602,        90,
   73.6222,        92,
   73.6424,       106,
   73.6626,        76,
   73.6828,        83,
    73.703,        85,
   73.7231,        89,
   73.7433,        92,
   73.7635,        91,
   73.7837,        91,
   73.8039,        79,
   73.8241,        99,
   73.8443,       104,
   73.8645,        95,
   73.8847,       109,
   73.9049,       103,
   73.9251,        83,
   73.9452,        84,
   73.9654,        92,
   73.9856,        80,
   74.0058,       110,
    74.026,       105,
   74.0462,       111,
   74.0664,        84,
   74.0866,        92,
   74.1068,        93,
    74.127,        90,
   74.1471,        87,
   74.1673,        75,
   74.1875,        93,
   74.2077,        84,
   74.2279,        94,
   74.2481,       122,
   74.2683,       101,
   74.2885,        80,
   74.3087,       100,
   74.3289,        96,
   74.3491,        84,
   74.3692,        84,
   74.3894,        97,
   74.4096,        85,
   74.4298,        95,
     74.45,        93,
   74.4702,        95,
   74.4904,        95,
   74.5106,        98,
   74.5308,        82,
    74.551,        99,
   74.5711,        81,
   74.5913,        89,
   74.6115,       102,
   74.6317,        90,
   74.6519,        94,
   74.6721,        87,
   74.6923,        81,
   74.7125,        66,
   74.7327,        98,
   74.7529,        86,
   74.7731,        85,
   74.7932,       120,
   74.8134,        94,
   74.8336,        96,
   74.8538,       115,
    74.874,        88,
   74.8942,        93,
   74.9144,       112,
   74.9346,        95,
   74.9548,       103,
    74.975,        94,
   74.9952,        97,
   75.0153,        91,
   75.0355,        97,
   75.0557,        89,
   75.0759,       101,
   75.0961,       108,
   75.1163,        95,
   75.1365,        93,
   75.1567,       123,
   75.1769,       103,
   75.1971,       108,
   75.2172,        98,
   75.2374,       101,
   75.2576,        92,
   75.2778,       103,
    75.298,        99,
   75.3182,       108,
   75.3384,       105,
   75.3586,       110,
   75.3788,       104,
    75.399,       111,
   75.4192,        88,
   75.4393,       127,
   75.4595,       110,
   75.4797,       126,
   75.4999,       113,
   75.5201,       101,
   75.5403,       114,
   75.5605,       124,
   75.5807,       129,
   75.6009,       142,
   75.6211,       120,
   75.6412,       123,
   75.6614,       112,
   75.6816,       129,
   75.7018,       133,
    75.722,       127,
   75.7422,       127,
   75.7624,       131,
   75.7826,       130,
   75.8028,       152,
    75.823,       142,
   75.8432,       142,
   75.8633,       137,
   75.8835,       145,
   75.9037,       179,
   75.9239,       147,
   75.9441,       152,
   75.9643,       172,
   75.9845,       167,
   76.0047,       187,
   76.0249,       203,
   76.0451,       233,
   76.0653,       246,
   76.0854,       267,
   76.1056,       287,
   76.1258,       310,
    76.146,       285,
   76.1662,       313,
   76.1864,       298,
   76.2066,       295,
   76.2268,       371,
    76.247,       391,
   76.2672,       466,
   76.2873,       425,
   76.3075,       463,
   76.3277,       494,
   76.3479,       620,
   76.3681,       750,
   76.3883,      1126,
   76.4085,      1467,
   76.4287,      2428,
   76.4489,      4156,
   76.4691,      6957,
   76.4893,      9089,
   76.5094,      8410,
   76.5296,      5467,
   76.5498,      2927,
     76.57,      1509,
   76.5902,      1062,
   76.6104,       900,
   76.6306,      1009,
   76.6508,      1386,
    76.671,      2081,
   76.6912,      3128,
   76.7113,      4033,
   76.7315,      3707,
   76.7517,      2656,
   76.7719,      1506,
   76.7921,       883,
   76.8123,       533,
   76.8325,       419,
   76.8527,       316,
   76.8729,       263,
   76.8931,       245,
   76.9133,       246,
   76.9334,       217,
   76.9536,       211,
   76.9738,       210,
    76.994,       191,
   77.0142,       169,
   77.0344,       189,
   77.0546,       176,
   77.0748,       151,
    77.095,       146,
   77.1152,       142,
   77.1354,       140,
   77.1555,       148,
   77.1757,       134,
   77.1959,       152,
   77.2161,       133,
   77.2363,       119,
   77.2565,       120,
   77.2767,       110,
   77.2969,       110,
   77.3171,       133,
   77.3373,       133,
   77.3574,       104,
   77.3776,       112,
   77.3978,       115,
    77.418,       103,
   77.4382,       121,
   77.4584,       128,
   77.4786,       105,
   77.4988,       130,
    77.519,       118,
   77.5392,       121,
   77.5594,       117,
   77.5795,       107,
   77.5997,       122,
   77.6199,       113,
   77.6401,       114,
   77.6603,       101,
   77.6805,       117,
   77.7007,        92,
   77.7209,       119,
   77.7411,       102,
   77.7613,       122,
   77.7814,       107,
   77.8016,        97,
   77.8218,        94,
    77.842,       100,
   77.8622,        84,
   77.8824,       105,
   77.9026,        94,
   77.9228,        99,
    77.943,        98,
   77.9632,        99,
   77.9834,       110,
   78.0035,        96,
   78.0237,       108,
   78.0439,        87,
   78.0641,        98,
   78.0843,       111,
   78.1045,        93,
   78.1247,        94,
   78.1449,        99,
   78.1651,       102,
   78.1853,       103,
   78.2055,       121,
   78.2256,       102,
   78.2458,        92,
    78.266,       117,
   78.2862,        86,
   78.3064,        96,
   78.3266,        94,
   78.3468,        88,
    78.367,       109,
   78.3872,        93,
   78.4074,       116,
   78.4275,        90,
   78.4477,        90,
   78.4679,       106,
   78.4881,       103,
   78.5083,        83,
   78.5285,        95,
   78.5487,        70,
   78.5689,        89,
   78.5891,        93,
   78.6093,        78,
   78.6295,        90,
   78.6496,        91,
   78.6698,        89,
     78.69,       106,
   78.7102,        93,
   78.7304,        94,
   78.7506,       103,
   78.7708,        90,
    78.791,        87,
   78.8112,        91,
   78.8314,        96,
   78.8515,        97,
   78.8717,        81,
   78.8919,        89,
   78.9121,        89,
   78.9323,        94,
   78.9525,        76,
   78.9727,        77,
   78.9929,        95,
   79.0131,        90,
   79.0333,        98,
   79.0535,        79,
   79.0736,        89,
   79.0938,        74,
    79.114,        89,
   79.1342,        90,
   79.1544,        79,
   79.1746,        69,
   79.1948,        75,
    79.215,        90,
   79.2352,        85,
   79.2554,        82,
   79.2756,       103,
   79.2957,        77,
   79.3159,       108,
   79.3361,        94,
   79.3563,        77,
   79.3765,        86,
   79.3967,        82,
   79.4169,        98,
   79.4371,        79,
   79.4573,        72,
   79.4775,        90,
   79.4976,        94,
   79.5178,        78,
    79.538,        92,
   79.5582,        70,
   79.5784,        71,
   79.5986,        80,
   79.6188,        94,
    79.639,        68,
   79.6592,        89,
   79.6794,        92,
   79.6996,        89,
   79.7197,        85,
   79.7399,        91,
   79.7601,        76,
   79.7803,        65,
   79.8005,        90,
   79.8207,        68,
   79.8409,        93,
   79.8611,        78,
   79.8813,        80,
   79.9015,        82,
   79.9216,        92,
   79.9418,        95,
    79.962,        87,
   79.9822,        85,
   80.0024,        76,
   80.0226,        83,
   80.0428,        95,
    80.063,        80,
   80.0832,        85,
   80.1034,        68,
   80.1236,        77,
   80.1437,        61,
   80.1639,       104,
   80.1841,        94,
   80.2043,        70,
   80.2245,        77,
   80.2447,        94,
   80.2649,        96,
   80.2851,        73,
   80.3053,        88,
   80.3255,        83,
   80.3456,       104,
   80.3658,        77,
    80.386,        80,
   80.4062,        74,
   80.4264,       106,
   80.4466,        85,
   80.4668,        77,
    80.487,        93,
   80.5072,        87,
   80.5274,        95,
   80.5476,        89,
   80.5677,        92,
   80.5879,        81,
   80.6081,        75,
   80.6283,        79,
   80.6485,       106,
   80.6687,        82,
   80.6889,        80,
   80.7091,        87,
   80.7293,        84,
   80.7495,        87,
   80.7697,        71,
   80.7898,        81,
     80.81,        83,
   80.8302,        91,
   80.8504,        94,
   80.8706,        99,
   80.8908,        84,
    80.911,        82,
   80.9312,        89,
   80.9514,        95,
   80.9716,        93,
   80.9917,        78,
   81.0119,        86,
   81.0321,        85,
   81.0523,        87,
   81.0725,        83,
   81.0927,        78,
   81.1129,        80,
   81.1331,        88,
   81.1533,        87,
   81.1735,        66,
   81.1937,        88,
   81.2138,        88,
    81.234,        82,
   81.2542,        91,
   81.2744,        83,
   81.2946,        89,
   81.3148,        85,
    81.335,        86,
   81.3552,        94,
   81.3754,        72,
   81.3956,        78,
   81.4157,        81,
   81.4359,        81,
   81.4561,        92,
   81.4763,        79,
   81.4965,        79,
   81.5167,        88,
   81.5369,        77,
   81.5571,        84,
   81.5773,        85,
   81.5975,        74,
   81.6177,        91,
   81.6378,        84,
    81.658,        99,
   81.6782,       104,
   81.6984,        67,
   81.7186,        83,
   81.7388,        77,
    81.759,        83,
   81.7792,        78,
   81.7994,        66,
   81.8196,        71,
   81.8398,        76,
   81.8599,        82,
   81.8801,        75,
   81.9003,       105,
   81.9205,        83,
   81.9407,        87,
   81.9609,        91,
   81.9811,        76,
   82.0013,        75,
   82.0215,        88,
   82.0417,        80,
   82.0618,        66,
    82.082,        93,
   82.1022,        89,
   82.1224,        75,
   82.1426,        81,
   82.1628,        69,
    82.183,        95,
   82.2032,        76,
   82.2234,        95,
   82.2436,        93,
   82.2638,        96,
   82.2839,        91,
   82.3041,        75,
   82.3243,        79,
   82.3445,        78,
   82.3647,        73,
   82.3849,        85,
   82.4051,        74,
   82.4253,        91,
   82.4455,        95,
   82.4657,        91,
   82.4858,        84,
    82.506,        83,
   82.5262,       105,
   82.5464,        82,
   82.5666,        91,
   82.5868,        86,
    82.607,        94,
   82.6272,        87,
   82.6474,        82,
   82.6676,        95,
   82.6878,        84,
   82.7079,        84,
   82.7281,       103,
   82.7483,        96,
   82.7685,        91,
   82.7887,        94,
   82.8089,        99,
   82.8291,        97,
   82.8493,        98,
   82.8695,        95,
   82.8897,        94,
   82.9099,        95,
     82.93,       121,
   82.9502,       107,
   82.9704,        92,
   82.9906,        91,
   83.0108,       105,
    83.031,       115,
   83.0512,       112,
   83.0714,       109,
   83.0916,       130,
   83.1118,       109,
   83.1319,       137,
   83.1521,       142,
   83.1723,       139,
   83.1925,       138,
   83.2127,       141,
   83.2329,       140,
   83.2531,       158,
   83.2733,       123,
   83.2935,       144,
   83.3137,       135,
   83.3339,       156,
    83.354,       139,
   83.3742,       144,
   83.3944,       153,
   83.4146,       165,
   83.4348,       194,
    83.455,       189,
   83.4752,       180,
   83.4954,       280,
   83.5156,       310,
   83.5358,       442,
   83.5559,       566,
   83.5761,      1008,
   83.5963,      1613,
   83.6165,      2229,
   83.6367,      2453,
   83.6569,      2101,
   83.6771,      1311,
   83.6973,       797,
   83.7175,       483,
   83.7377,       331,
   83.7579,       272,
    83.778,       245,
   83.7982,       303,
   83.8184,       423,
   83.8386,       597,
   83.8588,       857,
    83.879,      1136,
   83.8992,      1308,
   83.9194,      1054,
   83.9396,       673,
   83.9598,       382,
     83.98,       288,
   84.0001,       173,
   84.0203,       171,
   84.0405,       132,
   84.0607,       135,
   84.0809,       134,
   84.1011,       105,
   84.1213,       111,
   84.1415,        99,
   84.1617,       111,
   84.1819,        99,
    84.202,       108,
   84.2222,        94,
   84.2424,        82,
   84.2626,       103,
   84.2828,        84,
    84.303,        76,
   84.3232,       107,
   84.3434,        92,
   84.3636,        99,
   84.3838,        96,
    84.404,        85,
   84.4241,        85,
   84.4443,        91,
   84.4645,        96,
   84.4847,        94,
   84.5049,        86,
   84.5251,        99,
   84.5453,        92,
   84.5655,        80,
   84.5857,        81,
   84.6059,        97,
    84.626,        72,
   84.6462,        88,
   84.6664,        78,
   84.6866,        78,
   84.7068,        95,
    84.727,        90,
   84.7472,        73,
   84.7674,       108,
   84.7876,        94,
   84.8078,        78,
    84.828,        80,
   84.8481,        87,
   84.8683,        82,
   84.8885,        94,
   84.9087,       101,
   84.9289,       108,
   84.9491,        93,
   84.9693,        90,
   84.9895,        89,
   85.0097,        83,
   85.0299,        76,
   85.0501,        89,
   85.0702,        80,
   85.0904,        77,
   85.1106,        86,
   85.1308,        76,
    85.151,        85,
   85.1712,        87,
   85.1914,        78,
   85.2116,        89,
   85.2318,        91,
    85.252,        88,
   85.2721,        77,
   85.2923,        95,
   85.3125,        71,
   85.3327,        81,
   85.3529,        76,
   85.3731,        72,
   85.3933,        82,
   85.4135,        78,
   85.4337,        84,
   85.4539,        85,
   85.4741,        80,
   85.4942,        62,
   85.5144,        65,
   85.5346,        84,
   85.5548,        73,
    85.575,        62,
   85.5952,        89,
   85.6154,        67,
   85.6356,        72,
   85.6558,        86,
    85.676,        87,
   85.6961,        63,
   85.7163,        86,
   85.7365,        76,
   85.7567,        75,
   85.7769,        87,
   85.7971,        76,
   85.8173,        64,
   85.8375,        87,
   85.8577,        89,
   85.8779,        72,
   85.8981,       102,
   85.9182,        73,
   85.9384,        74,
   85.9586,        71,
   85.9788,        68,
    85.999,        92,
   86.0192,        67,
   86.0394,        74,
   86.0596,        73,
   86.0798,        79,
      86.1,        75,
   86.1202,        80,
   86.1403,        74,
   86.1605,        71,
   86.1807,        71,
   86.2009,        63,
   86.2211,        73,
   86.2413,        63,
   86.2615,        61,
   86.2817,        80,
   86.3019,        74,
   86.3221,        51,
   86.3422,        70,
   86.3624,        59,
   86.3826,        74,
   86.4028,        75,
    86.423,        70,
   86.4432,        77,
   86.4634,        85,
   86.4836,        75,
   86.5038,        72,
    86.524,        85,
   86.5442,        71,
   86.5643,        69,
   86.5845,        72,
   86.6047,        72,
   86.6249,        83,
   86.6451,        62,
   86.6653,        60,
   86.6855,        76,
   86.7057,        70,
   86.7259,        58,
   86.7461,        61,
   86.7662,        82,
   86.7864,        73,
   86.8066,        71,
   86.8268,        84,
    86.847,        64,
   86.8672,        71,
   86.8874,        74,
   86.9076,        61,
   86.9278,        70,
    86.948,        63,
   86.9682,        71,
   86.9883,        78,
   87.0085,        67,
   87.0287,        66,
   87.0489,        62,
   87.0691,        64,
   87.0893,        80,
   87.1095,        81,
   87.1297,        56,
   87.1499,        61,
   87.1701,        71,
   87.1903,        78,
   87.2104,        83,
   87.2306,        65,
   87.2508,        75,
    87.271,        81,
   87.2912,        77,
   87.3114,        90,
   87.3316,        76,
   87.3518,        85,
    87.372,        66,
   87.3922,        74,
   87.4123,        57,
   87.4325,        78,
   87.4527,        69,
   87.4729,        71,
   87.4931,        58,
   87.5133,        66,
   87.5335,        74,
   87.5537,        68,
   87.5739,        78,
   87.5941,        67,
   87.6143,        72,
   87.6344,        56,
   87.6546,        73,
   87.6748,        63,
    87.695,        65,
   87.7152,        64,
   87.7354,        86,
   87.7556,        82,
   87.7758,        64,
    87.796,        70,
   87.8162,        76,
   87.8363,        70,
   87.8565,        58,
   87.8767,        80,
   87.8969,        60,
   87.9171,        68,
   87.9373,        84,
   87.9575,        73,
   87.9777,        61,
   87.9979,        81,
   88.0181,        56,
   88.0383,        67,
   88.0584,        69,
   88.0786,        66,
   88.0988,        74,
    88.119,        63,
   88.1392,        72,
   88.1594,        78,
   88.1796,        65,
   88.1998,        79,
     88.22,        60,
   88.2402,        88,
   88.2604,        80,
   88.2805,        70,
   88.3007,        74,
   88.3209,        64,
   88.3411,        75,
   88.3613,        78,
   88.3815,        67,
   88.4017,        82,
   88.4219,        66,
   88.4421,        70,
   88.4623,        79,
   88.4824,        67,
   88.5026,        90,
   88.5228,        77,
    88.543,        94,
   88.5632,        83,
   88.5834,        67,
   88.6036,        68,
   88.6238,        62,
    88.644,        63,
   88.6642,        51,
   88.6844,        74,
   88.7045,        82,
   88.7247,        70,
   88.7449,        73,
   88.7651,        80,
   88.7853,        87,
   88.8055,        92,
   88.8257,        60,
   88.8459,        79,
   88.8661,        68,
   88.8863,        66,
   88.9064,        79,
   88.9266,        88,
   88.9468,        75,
    88.967,        75,
   88.9872,        76,
   89.0074,        83,
   89.0276,        68,
   89.0478,        77,
    89.068,        74,
   89.0882,        92,
   89.1084,        62,
   89.1285,        62,
   89.1487,        77,
   89.1689,        78,
   89.1891,        74,
   89.2093,        71,
   89.2295,        67,
   89.2497,        75,
   89.2699,        56,
   89.2901,        60,
   89.3103,        65,
   89.3304,        67,
   89.3506,        63,
   89.3708,        64,
    89.391,        59,
   89.4112,        56,
   89.4314,        82,
   89.4516,        92,
   89.4718,        72,
    89.492,        67,
   89.5122,        63,
   89.5324,        77,
   89.5525,        78,
   89.5727,        79,
   89.5929,        81,
   89.6131,        63,
   89.6333,        72,
   89.6535,        70,
   89.6737,        68,
   89.6939,        91,
   89.7141,        66,
   89.7343,        71,
   89.7545,        86,
   89.7746,        54,
   89.7948,        71,
    89.815,        76,
   89.8352,        66,
   89.8554,        64,
   89.8756,        72,
   89.8958,        75,
    89.916,        84,
   89.9362,        83,
   89.9564,        67,
   89.9765,        84,
   89.9967,        75,
   90.0169,        88,
   90.0371,        73,
   90.0573,        68,
   90.0775,        73,
   90.0977,        66,
   90.1179,        76,
   90.1381,        80,
   90.1583,        62,
   90.1785,        69,
   90.1986,        74,
   90.2188,        65,
    90.239,        82,
   90.2592,        79,
   90.2794,        68,
   90.2996,        84,
   90.3198,        85,
     90.34,        73,
   90.3602,        75,
   90.3804,        80,
   90.4005,        96,
   90.4207,        87,
   90.4409,        84,
   90.4611,        92,
   90.4813,        84,
   90.5015,        72,
   90.5217,        86,
   90.5419,        81,
   90.5621,        70,
   90.5823,        81,
   90.6025,        67,
   90.6226,        78,
   90.6428,        86,
    90.663,       106,
   90.6832,        83,
   90.7034,        97,
   90.7236,        92,
   90.7438,        92,
    90.764,        95,
   90.7842,        85,
   90.8044,        93,
   90.8246,        84,
   90.8447,        90,
   90.8649,        92,
   90.8851,        81,
   90.9053,        96,
   90.9255,        92,
   90.9457,       101,
   90.9659,        97,
   90.9861,       113,
   91.0063,       101,
   91.0265,       107,
   91.0466,       136,
   91.0668,       147,
    91.087,       156,
   91.1072,       220,
   91.1274,       341,
   91.1476,       521,
   91.1678,       729,
    91.188,       991,
   91.2082,      1140,
   91.2284,       924,
   91.2486,       628,
   91.2687,       427,
   91.2889,       293,
   91.3091,       233,
   91.3293,       180,
   91.3495,       163,
   91.3697,       149,
   91.3899,       205,
   91.4101,       254,
   91.4303,       355,
   91.4505,       508,
   91.4706,       692,
   91.4908,       785,
    91.511,       783,
   91.5312,       604,
   91.5514,       352,
   91.5716,       218,
   91.5918,       167,
    91.612,       158,
   91.6322,       120,
   91.6524,       120,
   91.6726,       100,
   91.6927,        99,
   91.7129,       106,
   91.7331,       106,
   91.7533,        90,
   91.7735,        88,
   91.7937,        72,
   91.8139,        86,
   91.8341,        89,
   91.8543,        79,
   91.8745,        92,
   91.8947,        79,
   91.9148,        74,
    91.935,        81,
   91.9552,        73,
   91.9754,        82,
   91.9956,        74,
   92.0158,        62,
    92.036,        78,
   92.0562,        77,
   92.0764,        87,
   92.0966,        60,
   92.1167,        98,
   92.1369,        79,
   92.1571,        74,
   92.1773,        81,
   92.1975,        70,
   92.2177,        68,
   92.2379,        87,
   92.2581,        81,
   92.2783,        80,
   92.2985,        64,
   92.3187,        73,
   92.3388,        77,
    92.359,        71,
   92.3792,        78,
   92.3994,        82,
   92.4196,        71,
   92.4398,        82,
     92.46,        59,
   92.4802,        70,
   92.5004,        79,
   92.5206,        65,
   92.5407,        61,
   92.5609,        72,
   92.5811,        67,
   92.6013,        68,
   92.6215,        64,
   92.6417,        70,
   92.6619,        66,
   92.6821,        66,
   92.7023,        71,
   92.7225,        74,
   92.7427,        76,
   92.7628,        64,
    92.783,        68,
   92.8032,        71,
   92.8234,        71,
   92.8436,        77,
   92.8638,        63,
    92.884,        62,
   92.9042,        65,
   92.9244,        64,
   92.9446,        70,
   92.9648,        76,
   92.9849,        64,
   93.0051,        74,
   93.0253,        65,
   93.0455,        82,
   93.0657,        57,
   93.0859,        68,
   93.1061,        71,
   93.1263,        64,
   93.1465,        68,
   93.1667,        60,
   93.1868,        57,
    93.207,        54,
   93.2272,        67,
   93.2474,        65,
   93.2676,        55,
   93.2878,        56,
    93.308,        65,
   93.3282,        58,
   93.3484,        72,
   93.3686,        65,
   93.3888,        66,
   93.4089,        71,
   93.4291,        68,
   93.4493,        67,
   93.4695,        58,
   93.4897,        68,
   93.5099,        57,
   93.5301,        70,
   93.5503,        67,
   93.5705,        61,
   93.5907,        53,
   93.6108,        55,
    93.631,        60,
   93.6512,        54,
   93.6714,        65,
   93.6916,        63,
   93.7118,        68,
    93.732,        73,
   93.7522,        80,
   93.7724,        56,
   93.7926,        63,
   93.8128,        59,
   93.8329,        56,
   93.8531,        72,
   93.8733,        82,
   93.8935,        70,
   93.9137,        56,
   93.9339,        76,
   93.9541,        62,
   93.9743,        75,
   93.9945,        70,
   94.0147,        57,
   94.0349,        65,
    94.055,        54,
   94.0752,        72,
   94.0954,        66,
   94.1156,        69,
   94.1358,        67,
    94.156,        53,
   94.1762,        49,
   94.1964,        72,
   94.2166,        64,
   94.2368,        64,
   94.2569,        55,
   94.2771,        53,
   94.2973,        70,
   94.3175,        65,
   94.3377,        59,
   94.3579,        77,
   94.3781,        70,
   94.3983,        75,
   94.4185,        79,
   94.4387,        72,
   94.4589,        74,
    94.479,        59,
   94.4992,        64,
   94.5194,        48,
   94.5396,        70,
   94.5598,        53,
     94.58,        53,
   94.6002,        52,
   94.6204,        61,
   94.6406,        64,
   94.6608,        67,
   94.6809,        72,
   94.7011,        62,
   94.7213,        58,
   94.7415,        63,
   94.7617,        75,
   94.7819,        57,
   94.8021,        64,
   94.8223,        64,
   94.8425,        76,
   94.8627,        57,
   94.8829,        77,
    94.903,        63,
   94.9232,        58,
   94.9434,        56,
   94.9636,        68,
   94.9838,        77,
    95.004,        63,
   95.0242,        66,
   95.0444,        64,
   95.0646,        61,
   95.0848,        52,
    95.105,        61,
   95.1251,        53,
   95.1453,        55,
   95.1655,        74,
   95.1857,        68,
   95.2059,        61,
   95.2261,        69,
   95.2463,        58,
   95.2665,        77,
   95.2867,        66,
   95.3069,        58,
    95.327,        73,
   95.3472,        56,
   95.3674,        47,
   95.3876,        60,
   95.4078,        63,
    95.428,        54,
   95.4482,        54,
   95.4684,        61,
   95.4886,        64,
   95.5088,        67,
    95.529,        49,
   95.5491,        61,
   95.5693,        67,
   95.5895,        66,
   95.6097,        74,
   95.6299,        53,
   95.6501,        69,
   95.6703,        60,
   95.6905,        67,
   95.7107,        43,
   95.7309,        57,
    95.751,        64,
   95.7712,        51,
   95.7914,        49,
   95.8116,        65,
   95.8318,        53,
    95.852,        61,
   95.8722,        67,
   95.8924,        50,
   95.9126,        68,
   95.9328,        64,
    95.953,        58,
   95.9731,        53,
   95.9933,        50,
   96.0135,        65,
   96.0337,        64,
   96.0539,        52,
   96.0741,        73,
   96.0943,        70,
   96.1145,        53,
   96.1347,        57,
   96.1549,        59,
   96.1751,        70,
   96.1952,        63,
   96.2154,        67,
   96.2356,        59,
   96.2558,        47,
    96.276,        58,
   96.2962,        63,
   96.3164,        63,
   96.3366,        54,
   96.3568,        70,
    96.377,        45,
   96.3971,        68,
   96.4173,        75,
   96.4375,        53,
   96.4577,        55,
   96.4779,        61,
   96.4981,        67,
   96.5183,        50,
   96.5385,        70,
   96.5587,        76,
   96.5789,        68,
   96.5991,        56,
   96.6192,        66,
   96.6394,        54,
   96.6596,        80,
   96.6798,        60,
      96.7,        68,
   96.7202,        64,
   96.7404,        60,
   96.7606,        52,
   96.7808,        74,
    96.801,        71,
   96.8211,        87,
   96.8413,        66,
   96.8615,        61,
   96.8817,        52,
   96.9019,        67,
   96.9221,        61,
   96.9423,        67,
   96.9625,        60,
   96.9827,        64,
   97.0029,        62,
   97.0231,        61,
   97.0432,        52,
   97.0634,        67,
   97.0836,        53,
   97.1038,        68,
    97.124,        56,
   97.1442,        78,
   97.1644,        51,
   97.1846,        62,
   97.2048,        70,
    97.225,        61,
   97.2451,        62,
   97.2653,        57,
   97.2855,        61,
   97.3057,        55,
   97.3259,        53,
   97.3461,        55,
   97.3663,        63,
   97.3865,        49,
   97.4067,        57,
   97.4269,        69,
   97.4471,        52,
   97.4672,        47,
   97.4874,        61,
   97.5076,        61,
   97.5278,        63,
    97.548,        52,
   97.5682,        62,
   97.5884,        51,
   97.6086,        64,
   97.6288,        72,
    97.649,        60,
   97.6692,        67,
   97.6893,        64,
   97.7095,        69,
   97.7297,        67,
   97.7499,        56,
   97.7701,        51,
   97.7903,        54,
   97.8105,        52,
   97.8307,        60,
   97.8509,        54,
   97.8711,        73,
   97.8912,        61,
   97.9114,        69,
   97.9316,        53,
   97.9518,        63,
    97.972,        65,
   97.9922,        49,
   98.0124,        63,
   98.0326,        53,
   98.0528,        61,
    98.073,        55,
   98.0932,        49,
   98.1133,        61,
   98.1335,        70,
   98.1537,        74,
   98.1739,        61,
   98.1941,        68,
   98.2143,        70,
   98.2345,        77,
   98.2547,        66,
   98.2749,        52,
   98.2951,        65,
   98.3152,        54,
   98.3354,        56,
   98.3556,        57,
   98.3758,        68,
    98.396,        63,
   98.4162,        67,
   98.4364,        57,
   98.4566,        61,
   98.4768,        61,
    98.497,        60,
   98.5172,        47,
   98.5373,        55,
   98.5575,        49,
   98.5777,        49,
   98.5979,        55,
   98.6181,        72,
   98.6383,        57,
   98.6585,        56,
   98.6787,        65,
   98.6989,        68,
   98.7191,        63,
   98.7393,        64,
   98.7594,        52,
   98.7796,        55,
   98.7998,        58,
     98.82,        65,
   98.8402,        53,
   98.8604,        69,
   98.8806,        65,
   98.9008,        71,
    98.921,        56,
   98.9412,        64,
   98.9613,        60,
   98.9815,        52,
   99.0017,        70,
   99.0219,        51,
   99.0421,        68,
   99.0623,        58,
   99.0825,        52,
   99.1027,        61,
   99.1229,        72,
   99.1431,        67,
   99.1633,        68,
   99.1834,        56,
   99.2036,        63,
   99.2238,        85,
    99.244,        60,
   99.2642,        65,
   99.2844,        69,
   99.3046,        72,
   99.3248,        75,
    99.345,        78,
   99.3652,        67,
   99.3853,        65,
   99.4055,        78,
   99.4257,        58,
   99.4459,        68,
   99.4661,        61,
   99.4863,        66,
   99.5065,        64,
   99.5267,        61,
   99.5469,        62,
   99.5671,        60,
   99.5873,        44,
   99.6074,        61,
   99.6276,        76,
   99.6478,        49,
    99.668,        80,
   99.6882,        74,
   99.7084,        68,
   99.7286,        61,
   99.7488,        61,
    99.769,        56,
   99.7892,        72,
   99.8094,        58,
   99.8295,        56,
   99.8497,        56,
   99.8699,        60,
   99.8901,        56,
   99.9103,        55,
   99.9305,        62,
   99.9507,        54,
   99.9709,        51,
   99.9911,        57,
   100.011,        63,
   100.031,        63,
   100.052,        68,
   100.072,        71,
   100.092,        62,
   100.112,        57,
   100.132,        61,
   100.153,        77,
   100.173,        57,
   100.193,        58,
   100.213,        56,
   100.233,        62,
   100.254,        55,
   100.274,        62,
   100.294,        63,
   100.314,        62,
   100.334,        51,
   100.354,        52,
   100.375,        60,
   100.395,        53,
   100.415,        58,
   100.435,        57,
   100.455,        70,
   100.476,        56,
   100.496,        61,
   100.516,        66,
   100.536,        55,
   100.556,        60,
   100.577,        66,
   100.597,        64,
   100.617,        60,
   100.637,        58,
   100.657,        55,
   100.678,        45,
   100.698,        61,
   100.718,        57,
   100.738,        64,
   100.758,        66,
   100.778,        56,
   100.799,        73,
   100.819,        59,
   100.839,        64,
   100.859,        58,
   100.879,        57,
     100.9,        63,
    100.92,        62,
    100.94,        57,
    100.96,        60,
    100.98,        47,
   101.001,        72,
   101.021,        54,
   101.041,        50,
   101.061,        55,
   101.081,        79,
   101.102,        58,
   101.122,        68,
   101.142,        69,
   101.162,        59,
   101.182,        53,
   101.202,        70,
   101.223,        59,
   101.243,        65,
   101.263,        68,
   101.283,        59,
   101.303,        58,
   101.324,        65,
   101.344,        74,
   101.364,        66,
   101.384,        55,
   101.404,        65,
   101.425,        57,
   101.445,        71,
   101.465,        61,
   101.485,        63,
   101.505,        78,
   101.526,        61,
   101.546,        57,
   101.566,        60,
   101.586,        62,
   101.606,        55,
   101.627,        52,
   101.647,        57,
   101.667,        65,
   101.687,        66,
   101.707,        50,
   101.727,        70,
   101.748,        53,
   101.768,        60,
   101.788,        66,
   101.808,        57,
   101.828,        59,
   101.849,        65,
   101.869,        67,
   101.889,        72,
   101.909,        52,
   101.929,        58,
    101.95,        63,
    101.97,        57,
    101.99,        52,
    102.01,        50,
    102.03,        53,
   102.051,        62,
   102.071,        64,
   102.091,        68,
   102.111,        63,
   102.131,        60,
   102.151,        66,
   102.172,        58,
   102.192,        59,
   102.212,        61,
   102.232,        62,
   102.252,        53,
   102.273,        61,
   102.293,        60,
   102.313,        69,
   102.333,        65,
   102.353,        52,
   102.374,        47,
   102.394,        51,
   102.414,        67,
   102.434,        56,
   102.454,        58,
   102.475,        64,
   102.495,        60,
   102.515,        48,
   102.535,        70,
   102.555,        62,
   102.575,        69,
   102.596,        56,
   102.616,        57,
   102.636,        79,
   102.656,        60,
   102.676,        60,
   102.697,        63,
   102.717,        56,
   102.737,        68,
   102.757,        74,
   102.777,        55,
   102.798,        56,
   102.818,        51,
   102.838,        58,
   102.858,        69,
   102.878,        59,
   102.899,        72,
   102.919,        58,
   102.939,        64,
   102.959,        50,
   102.979,        61,
   102.999,        74,
    103.02,        45,
    103.04,        69,
    103.06,        62,
    103.08,        54,
     103.1,        51,
   103.121,        65,
   103.141,        52,
   103.161,        60,
   103.181,        46,
   103.201,        65,
   103.222,        62,
   103.242,        64,
   103.262,        59,
   103.282,        51,
   103.302,        62,
   103.323,        58,
   103.343,        63,
   103.363,        56,
   103.383,        61,
   103.403,        64,
   103.423,        56,
   103.444,        59,
   103.464,        63,
   103.484,        68,
   103.504,        51,
   103.524,        50,
   103.545,        56,
   103.565,        55,
   103.585,        42,
   103.605,        72,
   103.625,        57,
   103.646,        67,
   103.666,        58,
   103.686,        57,
   103.706,        49,
   103.726,        53,
   103.747,        55,
   103.767,        57,
   103.787,        60,
   103.807,        56,
   103.827,        56,
   103.847,        70,
   103.868,        75,
   103.888,        66,
   103.908,        62,
   103.928,        46,
   103.948,        67,
   103.969,        61,
   103.989,        54,
   104.009,        53,
   104.029,        68,
   104.049,        62,
    104.07,        58,
    104.09,        59,
    104.11,        54,
    104.13,        56,
    104.15,        62,
   104.171,        63,
   104.191,        78,
   104.211,        56,
   104.231,        69,
   104.251,        56,
   104.271,        70,
   104.292,        57,
   104.312,        60,
   104.332,        57,
   104.352,        59,
   104.372,        56,
   104.393,        54,
   104.413,        54,
   104.433,        72,
   104.453,        65,
   104.473,        56,
   104.494,        64,
   104.514,        62,
   104.534,        59,
   104.554,        71,
   104.574,        61,
   104.595,        63,
   104.615,        75,
   104.635,        65,
   104.655,        53,
   104.675,        55,
   104.695,        45,
   104.716,        54,
   104.736,        69,
   104.756,        76,
   104.776,        63,
   104.796,        67,
   104.817,        62,
   104.837,        58,
   104.857,        51,
   104.877,        69,
   104.897,        54,
   104.918,        62,
   104.938,        68,
   104.958,        48,
   104.978,        66,
   104.998,        52,
   105.019,        67,
   105.039,        57,
   105.059,        43,
   105.079,        54,
   105.099,        53,
   105.119,        67,
    105.14,        71,
    105.16,        67,
    105.18,        57,
     105.2,        60,
    105.22,        68,
   105.241,        67,
   105.261,        51,
   105.281,        62,
   105.301,        50,
   105.321,        62,
   105.342,        52,
   105.362,        61,
   105.382,        49,
   105.402,        44,
   105.422,        56,
   105.443,        55,
   105.463,        68,
   105.483,        54,
   105.503,        55,
   105.523,        54,
   105.543,        60,
   105.564,        69,
   105.584,        60,
   105.604,        82,
   105.624,        50,
   105.644,        56,
   105.665,        56,
   105.685,        63,
   105.705,        61,
   105.725,        62,
   105.745,        66,
   105.766,        63,
   105.786,        54,
   105.806,        57,
   105.826,        52,
   105.846,        45,
   105.867,        52,
   105.887,        56,
   105.907,        51,
   105.927,        69,
   105.947,        64,
   105.967,        54,
   105.988,        64,
   106.008,        70,
   106.028,        60,
   106.048,        67,
   106.068,        60,
   106.089,        63,
   106.109,        52,
   106.129,        60,
   106.149,        60,
   106.169,        54,
    106.19,        63,
    106.21,        60,
    106.23,        66,
    106.25,        54,
    106.27,        61,
   106.291,        64,
   106.311,        53,
   106.331,        64,
   106.351,        60,
   106.371,        50,
   106.391,        62,
   106.412,        64,
   106.432,        62,
   106.452,        59,
   106.472,        57,
   106.492,        51,
   106.513,        68,
   106.533,        45,
   106.553,        51,
   106.573,        48,
   106.593,        45,
   106.614,        52,
   106.634,        61,
   106.654,        47,
   106.674,        48,
   106.694,        50,
   106.715,        63,
   106.735,        54,
   106.755,        60,
   106.775,        55,
   106.795,        62,
   106.815,        60,
   106.836,        49,
   106.856,        56,
   106.876,        62,
   106.896,        64,
   106.916,        55,
   106.937,        51,
   106.957,        60,
   106.977,        52,
   106.997,        56,
   107.017,        49,
   107.038,        52,
   107.058,        43,
   107.078,        49,
   107.098,        54,
   107.118,        64,
   107.139,        51,
   107.159,        53,
   107.179,        53,
   107.199,        64,
   107.219,        49,
   107.239,        73,
    107.26,        60,
    107.28,        48,
     107.3,        67,
    107.32,        44,
    107.34,        63,
   107.361,        66,
   107.381,        47,
   107.401,        53,
   107.421,        50,
   107.441,        59,
   107.462,        73,
   107.482,        54,
   107.502,        52,
   107.522,        52,
   107.542,        49,
   107.563,        57,
   107.583,        76,
   107.603,        45,
   107.623,        71,
   107.643,        53,
   107.663,        59,
   107.684,        52,
   107.704,        63,
   107.724,        56,
   107.744,        59,
   107.764,        59,
   107.785,        75,
   107.805,        76,
   107.825,        64,
   107.845,        62,
   107.865,        53,
   107.886,        81,
   107.906,        61,
   107.926,        49,
   107.946,        60,
   107.966,        70,
   107.987,        61,
   108.007,        65,
   108.027,        48,
   108.047,        61,
   108.067,        54,
   108.087,        61,
   108.108,        62,
   108.128,        67,
   108.148,        82,
   108.168,        83,
   108.188,        64,
   108.209,        74,
   108.229,        60,
   108.249,        57,
   108.269,        73,
   108.289,        53,
    108.31,        66,
    108.33,        65,
    108.35,        56,
    108.37,        63,
    108.39,        48,
   108.411,        71,
   108.431,        60,
   108.451,        53,
   108.471,        61,
   108.491,        65,
   108.511,        71,
   108.532,        68,
   108.552,        66,
   108.572,        58,
   108.592,        70,
   108.612,        65,
   108.633,        59,
   108.653,        47,
   108.673,        57,
   108.693,        54,
   108.713,        54,
   108.734,        55,
   108.754,        59,
   108.774,        72,
   108.794,        59,
   108.814,        64,
   108.835,        64,
   108.855,        67,
   108.875,        57,
   108.895,        65,
   108.915,        62,
   108.935,        61,
   108.956,        42,
   108.976,        53,
   108.996,        53,
   109.016,        62,
   109.036,        57,
   109.057,        67,
   109.077,        76,
   109.097,        52,
   109.117,        50,
   109.137,        59,
   109.158,        54,
   109.178,        54,
   109.198,        48,
   109.218,        60,
   109.238,        58,
   109.259,        58,
   109.279,        52,
   109.299,        66,
   109.319,        57,
   109.339,        51,
   109.359,        65,
    109.38,        55,
     109.4,        61,
    109.42,        61,
    109.44,        56,
    109.46,        54,
   109.481,        58,
   109.501,        64,
   109.521,        53,
   109.541,        55,
   109.561,        69,
   109.582,        58,
   109.602,        50,
   109.622,        51,
   109.642,        53,
   109.662,        54,
   109.683,        59,
   109.703,        71,
   109.723,        59,
   109.743,        56,
   109.763,        75,
   109.783,        67,
   109.804,        58,
   109.824,        67,
   109.844,        57,
   109.864,        65,
   109.884,        60,
   109.905,        77,
   109.925,        54,
   109.945,        59,
   109.965,        68,
   109.985,        59,
   110.006,        54,
   110.026,        49,
   110.046,        50,
   110.066,        53,
   110.086,        59,
   110.107,        65,
   110.127,        50,
   110.147,        47,
   110.167,        64,
   110.187,        80,
   110.207,        63,
   110.228,        68,
   110.248,        53,
   110.268,        58,
   110.288,        58,
   110.308,        61,
   110.329,        55,
   110.349,        60,
   110.369,        59,
   110.389,        71,
   110.409,        58,
    110.43,        61,
    110.45,        69,
    110.47,        75,
    110.49,        53,
    110.51,        55,
   110.531,        56,
   110.551,        61,
   110.571,        54,
   110.591,        58,
   110.611,        65,
   110.631,        57,
   110.652,        52,
   110.672,        53,
   110.692,        48,
   110.712,        67,
   110.732,        55,
   110.753,        53,
   110.773,        59,
   110.793,        68,
   110.813,        62,
   110.833,        51,
   110.854,        52,
   110.874,        60,
   110.894,        59,
   110.914,        49,
   110.934,        62,
   110.955,        62,
   110.975,        53,
   110.995,        58,
   111.015,        53,
   111.035,        52,
   111.055,        56,
   111.076,        61,
   111.096,        56,
   111.116,        56,
   111.136,        51,
   111.156,        57,
   111.177,        64,
   111.197,        65,
   111.217,        59,
   111.237,        61,
   111.257,        61,
   111.278,        59,
   111.298,        57,
   111.318,        63,
   111.338,        58,
   111.358,        67,
   111.379,        52,
   111.399,        58,
   111.419,        67,
   111.439,        59,
   111.459,        55,
   111.479,        58,
     111.5,        60,
    111.52,        49,
    111.54,        62,
    111.56,        57,
    111.58,        52,
   111.601,        46,
   111.621,        54,
   111.641,        65,
   111.661,        61,
   111.681,        56,
   111.702,        52,
   111.722,        56,
   111.742,        68,
   111.762,        68,
   111.782,        57,
   111.803,        48,
   111.823,        65,
   111.843,        60,
   111.863,        51,
   111.883,        77,
   111.903,        61,
   111.924,        70,
   111.944,        58,
   111.964,        61,
   111.984,        50,
   112.004,        58,
   112.025,        70,
   112.045,        45,
   112.065,        52,
   112.085,        57,
   112.105,        59,
   112.126,        60,
   112.146,        65,
   112.166,        54,
   112.186,        66,
   112.206,        68,
   112.227,        58,
   112.247,        43,
   112.267,        57,
   112.287,        61,
   112.307,        66,
   112.327,        66,
   112.348,        65,
   112.368,        72,
   112.388,        62,
   112.408,        65,
   112.428,        72,
   112.449,        62,
   112.469,        74,
   112.489,        63,
   112.509,        59,
   112.529,        63,
    112.55,        64,
    112.57,        62,
    112.59,        65,
    112.61,        76,
    112.63,        56,
   112.651,        56,
   112.671,        66,
   112.691,        57,
   112.711,        52,
   112.731,        57,
   112.752,        46,
   112.772,        54,
   112.792,        62,
   112.812,        55,
   112.832,        67,
   112.852,        63,
   112.873,        56,
   112.893,        58,
   112.913,        54,
   112.933,        58,
   112.953,        55,
   112.974,        48,
   112.994,        64,
   113.014,        61,
   113.034,        61,
   113.054,        56,
   113.075,        48,
   113.095,        79,
   113.115,        62,
   113.135,        59,
   113.155,        59,
   113.176,        58,
   113.196,        45,
   113.216,        62,
   113.236,        47,
   113.256,        54,
   113.276,        58,
   113.297,        55,
   113.317,        60,
   113.337,        46,
   113.357,        67,
   113.377,        62,
   113.398,        57,
   113.418,        59,
   113.438,        57,
   113.458,        56,
   113.478,        61,
   113.499,        70,
   113.519,        53,
   113.539,        62,
   113.559,        65,
   113.579,        62,
     113.6,        51,
    113.62,        65,
    113.64,        73,
    113.66,        63,
    113.68,        73,
     113.7,        63,
   113.721,        65,
   113.741,        59,
   113.761,        59,
   113.781,        66,
   113.801,        68,
   113.822,        54,
   113.842,        55,
   113.862,        65,
   113.882,        63,
   113.902,        61,
   113.923,        67,
   113.943,        56,
   113.963,        61,
   113.983,        72,
   114.003,        61,
   114.024,        54,
   114.044,        62,
   114.064,        62,
   114.084,        62,
   114.104,        62,
   114.124,        64,
   114.145,        70,
   114.165,        65,
   114.185,        66,
   114.205,        69,
   114.225,        57,
   114.246,        78,
   114.266,        58,
   114.286,        59,
   114.306,        58,
   114.326,        60,
   114.347,        58,
   114.367,        64,
   114.387,        60,
   114.407,        65,
   114.427,        52,
   114.448,        74,
   114.468,        55,
   114.488,        53,
   114.508,        56,
   114.528,        56,
   114.548,        66,
   114.569,        59,
   114.589,        77,
   114.609,        61,
   114.629,        59,
   114.649,        71,
    114.67,        57,
    114.69,        67,
    114.71,        67,
    114.73,        57,
    114.75,        58,
   114.771,        57,
   114.791,        78,
   114.811,        59,
   114.831,        58,
   114.851,        64,
   114.872,        53,
   114.892,        70,
   114.912,        53,
   114.932,        59,
   114.952,        61,
   114.972,        57,
   114.993,        54,
   115.013,        56,
   115.033,        64,
   115.053,        67,
   115.073,        53,
   115.094,        62,
   115.114,        56,
   115.134,        70,
   115.154,        68,
   115.174,        51,
   115.195,        60,
   115.215,        56,
   115.235,        67,
   115.255,        70,
   115.275,        56,
   115.296,        69,
   115.316,        61,
   115.336,        65,
   115.356,        59,
   115.376,        76,
   115.396,        63,
   115.417,        66,
   115.437,        60,
   115.457,        60,
   115.477,        56,
   115.497,        56,
   115.518,        62,
   115.538,        64,
   115.558,        53,
   115.578,        71,
   115.598,        67,
   115.619,        59,
   115.639,        62,
   115.659,        65,
   115.679,        51,
   115.699,        59,
    115.72,        54,
    115.74,        76,
    115.76,        66,
    115.78,        68,
     115.8,        64,
    115.82,        59,
   115.841,        65,
   115.861,        62,
   115.881,        69,
   115.901,        62,
   115.921,        79,
   115.942,        54,
   115.962,        57,
   115.982,        71,
   116.002,        58,
   116.022,        63,
   116.043,        54,
   116.063,        55,
   116.083,        64,
   116.103,        56,
   116.123,        55,
   116.144,        56,
   116.164,        59,
   116.184,        59,
   116.204,        55,
   116.224,        45,
   116.244,        65,
   116.265,        59,
   116.285,        52,
   116.305,        53,
   116.325,        58,
   116.345,        70,
   116.366,        68,
   116.386,        51,
   116.406,        44,
   116.426,        58,
   116.446,        63,
   116.467,        62,
   116.487,        66,
   116.507,        61,
   116.527,        65,
   116.547,        61,
   116.568,        71,
   116.588,        65,
   116.608,        67,
   116.628,        78,
   116.648,        59,
   116.668,        55,
   116.689,        74,
   116.709,        67,
   116.729,        68,
   116.749,        66,
   116.769,        55,
    116.79,        56,
    116.81,        57,
    116.83,        66,
    116.85,        59,
    116.87,        62,
   116.891,        61,
   116.911,        70,
   116.931,        62,
   116.951,        53,
   116.971,        51,
   116.992,        65,
   117.012,        64,
   117.032,        61,
   117.052,        74,
   117.072,        64,
   117.092,        67,
   117.113,        53,
   117.133,        64,
   117.153,        62,
   117.173,        67,
   117.193,        66,
   117.214,        68,
   117.234,        62,
   117.254,        59,
   117.274,        70,
   117.294,        53,
   117.315,        67,
   117.335,        64,
   117.355,        54,
   117.375,        76,
   117.395,        69,
   117.416,        67,
   117.436,        67,
   117.456,        60,
   117.476,        65,
   117.496,        64,
   117.516,        62,
   117.537,        59,
   117.557,        66,
   117.577,        70,
   117.597,        69,
   117.617,        53,
   117.638,        78,
   117.658,        70,
   117.678,        70,
   117.698,        63,
   117.718,        72,
   117.739,        74,
   117.759,        82,
   117.779,        74,
   117.799,        81,
   117.819,        84,
    117.84,        87,
    117.86,        65,
    117.88,        84,
     117.9,        89,
    117.92,        88,
    117.94,        80,
   117.961,        96,
   117.981,        74,
   118.001,       117,
   118.021,       133,
   118.041,       172,
   118.062,       207,
   118.082,       244,
   118.102,       277,
   118.122,       263,
   118.142,       246,
   118.163,       176,
   118.183,       114,
   118.203,       107,
   118.223,        95,
   118.243,        87,
   118.264,        90,
   118.284,        80,
   118.304,        71,
   118.324,        83,
   118.344,        71,
   118.364,        77,
   118.385,        70,
   118.405,        90,
   118.425,        74,
   118.445,        81,
   118.465,        86,
   118.486,        95,
   118.506,       104,
   118.526,       116,
   118.546,       111,
   118.566,       134,
   118.587,       161,
   118.607,       138,
   118.627,       118,
   118.647,       101,
   118.667,        99,
   118.688,        78,
   118.708,        86,
   118.728,        70,
   118.748,        73,
   118.768,        58,
   118.788,        67,
   118.809,        73,
   118.829,        68,
   118.849,        70,
   118.869,        72,
   118.889,        68,
    118.91,        77,
    118.93,        75,
    118.95,        73,
    118.97,        78,
    118.99,        69,
   119.011,        59,
   119.031,        67,
   119.051,        60,
   119.071,        77,
   119.091,        55,
   119.112,        58,
   119.132,        71,
   119.152,        59,
   119.172,        64,
   119.192,        61,
   119.212,        74,
   119.233,        66,
   119.253,        72,
   119.273,        62,
   119.293,        75,
   119.313,        62,
   119.334,        72,
   119.354,        63,
   119.374,        78,
   119.394,        83,
   119.414,        63,
   119.435,        72,
   119.455,        59,
   119.475,        61,
   119.495,        75,
   119.515,        46,
   119.536,        72,
   119.556,        68,
   119.576,        70,
   119.596,        60,
   119.616,        71,
   119.636,        60,
   119.657,        69,
   119.677,        61,
   119.697,        72,
   119.717,        73,
   119.737,        59,
   119.758,        72,
   119.778,        54,
   119.798,        64,
   119.818,        84,
   119.838,        77,
   119.859,        67,
   119.879,        65,
   119.899,        85,
   119.919,        69,
   119.939,        64,
    119.96,        75,
    119.98,        76,
       120,        60,
