;RAW4.00
[RawHeader]
Date=04/22/2026
EstimatedTotalTime=573.235
FurtherDQLReading=0
HardwareIndicator=65519
MeasuredTotalTime=573.235
MeasurementFlag=1
NumberOfMeasuredRanges=1
NumberOfRanges=1
Time=15:12:13

[VarInfo]
Type=USER
Flags=0
Value=Lab Manager

[VarInfo]
Type=SAMPLEID
Flags=0
Value=Commander Sample ID

[VarInfo]
Type=COMMENT
Flags=0
Value=

[VarInfo]
Type=UTF
Flags=0
Value=

[VarInfo]
Type=CREATOR
Flags=0
Value=BrmlToV4Converter

[VarInfo]
Type=CREATOR_VERSION
Flags=0
Value=6.5.0.0

[HardwareConfiguration]
AbsorptionFactor=9999
ActivateAbsorber=0
Alpha1=1.5406
Alpha2=1.54439
AlphaAverage=1.54184
AlphaRatio=0.5
Analyzer=0
Anode=Cu
AntiScatteringSlit=9999
BeamOpticsFlags=0
Beta=1.39222
BetaRelativeIntensity=0
DeactivateAbsorber=0
DetectorSlit=9999
DivergenceSlit=9999
GoniometerControl=0
GoniometerDiameter=282
GoniometerModel=256
GoniometerStage=7
Monochromator=0
NearSampleSlit=9999
PrimarySollerSlit=9999
SampleChanger=0
SecondSollerSlit=9999
SynchronousAxis=0
ThinFilmAttachment=9999
WaveUnit=A

[RangeHeader]
ActuallyUsedLambda=1.54184
AdditionalDetectorMask=257
DataRecordLength=4
DelayTime=0
DisplayPlaneNumber=0
EstimatedScanTime=573
ExtraParametersMask=0
GeneratorCurrent=10
GeneratorVoltage=30
Increment=0.0201906
Increment3=0
NumberOfCompletedData=5449
NumberOfCounts=1
NumberOfDetectors=0
NumberOfDrives=3
NumberOfEncoderDrives=0
NumberOfMeasuredData=5449
NumberOfVaryingParameters=0
RangeStartTime=0
RotationSpeed=0
ScanMode=1
ScanType=Locked Coupled
SimulatedMeasConditions=0
SlitChangerIn=0
SmootingWidth=0
Start=10.0017
Steps=5449
SynchronousRotation=0
Time=16.5

[VarInfo]
Type=PSD_DISCRIM
Flags=0
Value=0.11;0.25

[PSD]
ActualTwoTheta=9999
FirstUsedChannel=0
FixedPSD=0
PSDOpening=4.99716
PSDType=5

[Drive]
DriveFlags=1
DriveName=2Theta
DriveNumber=2
DriveOffset=0
OffsetIndex=0
OscillationAmplitude=0
OscillationSpeed=0
StartPosition=10.0017

[Drive]
DriveFlags=1
DriveName=Theta
DriveNumber=1
DriveOffset=0
OffsetIndex=0
OscillationAmplitude=0
OscillationSpeed=0
StartPosition=5.00087

[Drive]
DriveFlags=1
DriveName=Phi
DriveNumber=3
DriveOffset=0
OffsetIndex=0
OscillationAmplitude=0
OscillationSpeed=0
StartPosition=359.986

[Data]
     Angle,       PSD,
   10.0017,       217,
   10.0219,       194,
   10.0421,       185,
   10.0623,       209,
   10.0825,       207,
   10.1027,       209,
   10.1229,       215,
   10.1431,       224,
   10.1633,       237,
   10.1834,       181,
   10.2036,       229,
   10.2238,       226,
    10.244,       242,
   10.2642,       217,
   10.2844,       202,
   10.3046,       261,
   10.3248,       249,
    10.345,       244,
   10.3652,       257,
   10.3854,       307,
   10.4055,       310,
   10.4257,       334,
   10.4459,       324,
   10.4661,       385,
   10.4863,       397,
   10.5065,       535,
   10.5267,       785,
   10.5469,      1169,
   10.5671,      1552,
   10.5873,      1534,
   10.6075,      1628,
   10.6276,      1654,
   10.6478,      1847,
    10.668,      2066,
   10.6882,      1534,
   10.7084,      1110,
   10.7286,       956,
   10.7488,      1018,
    10.769,      1068,
   10.7892,      1406,
   10.8094,      1947,
   10.8295,      4420,
   10.8497,     14938,
   10.8699,     39286,
   10.8901,     43927,
   10.9103,     25960,
   10.9305,      8777,
   10.9507,      2028,
   10.9709,       864,
   10.9911,       633,
   11.0113,       597,
   11.0315,       553,
   11.0516,       572,
   11.0718,       544,
    11.092,       494,
   11.1122,       529,
   11.1324,       543,
   11.1526,       530,
   11.1728,       512,
    11.193,       468,
   11.2132,       470,
   11.2334,       471,
   11.2535,       383,
   11.2737,       377,
   11.2939,       332,
   11.3141,       339,
   11.3343,       307,
   11.3545,       318,
   11.3747,       302,
   11.3949,       279,
   11.4151,       303,
   11.4353,       322,
   11.4555,       285,
   11.4756,       297,
   11.4958,       318,
    11.516,       282,
   11.5362,       297,
   11.5564,       267,
   11.5766,       303,
   11.5968,       319,
    11.617,       278,
   11.6372,       289,
   11.6574,       306,
   11.6776,       299,
   11.6977,       281,
   11.7179,       304,
   11.7381,       299,
   11.7583,       263,
   11.7785,       277,
   11.7987,       265,
   11.8189,       291,
   11.8391,       262,
   11.8593,       263,
   11.8795,       286,
   11.8996,       245,
   11.9198,       259,
     11.94,       259,
   11.9602,       280,
   11.9804,       246,
   12.0006,       238,
   12.0208,       282,
    12.041,       267,
   12.0612,       280,
   12.0814,       236,
   12.1016,       272,
   12.1217,       295,
   12.1419,       233,
   12.1621,       228,
   12.1823,       237,
   12.2025,       233,
   12.2227,       253,
   12.2429,       241,
   12.2631,       226,
   12.2833,       228,
   12.3035,       241,
   12.3236,       241,
   12.3438,       232,
    12.364,       242,
   12.3842,       232,
   12.4044,       223,
   12.4246,       282,
   12.4448,       223,
    12.465,       231,
   12.4852,       253,
   12.5054,       262,
   12.5256,       236,
   12.5457,       275,
   12.5659,       237,
   12.5861,       223,
   12.6063,       215,
   12.6265,       213,
   12.6467,       220,
   12.6669,       266,
   12.6871,       210,
   12.7073,       227,
   12.7275,       205,
   12.7477,       202,
   12.7678,       244,
    12.788,       209,
   12.8082,       223,
   12.8284,       216,
   12.8486,       218,
   12.8688,       205,
    12.889,       212,
   12.9092,       220,
   12.9294,       230,
   12.9496,       222,
   12.9697,       236,
   12.9899,       228,
   13.0101,       223,
   13.0303,       216,
   13.0505,       227,
   13.0707,       213,
   13.0909,       198,
   13.1111,       221,
   13.1313,       206,
   13.1515,       248,
   13.1717,       206,
   13.1918,       227,
    13.212,       211,
   13.2322,       218,
   13.2524,       221,
   13.2726,       216,
   13.2928,       207,
    13.313,       219,
   13.3332,       243,
   13.3534,       220,
   13.3736,       237,
   13.3937,       202,
   13.4139,       222,
   13.4341,       206,
   13.4543,       235,
   13.4745,       225,
   13.4947,       224,
   13.5149,       195,
   13.5351,       213,
   13.5553,       204,
   13.5755,       246,
   13.5957,       226,
   13.6158,       212,
    13.636,       214,
   13.6562,       232,
   13.6764,       219,
   13.6966,       217,
   13.7168,       219,
    13.737,       241,
   13.7572,       195,
   13.7774,       183,
   13.7976,       239,
   13.8177,       210,
   13.8379,       215,
   13.8581,       218,
   13.8783,       180,
   13.8985,       213,
   13.9187,       239,
   13.9389,       233,
   13.9591,       188,
   13.9793,       204,
   13.9995,       191,
   14.0197,       197,
   14.0398,       210,
     14.06,       221,
   14.0802,       226,
   14.1004,       210,
   14.1206,       196,
   14.1408,       201,
    14.161,       189,
   14.1812,       217,
   14.2014,       210,
   14.2216,       202,
   14.2418,       197,
   14.2619,       210,
   14.2821,       203,
   14.3023,       220,
   14.3225,       211,
   14.3427,       211,
   14.3629,       232,
   14.3831,       216,
   14.4033,       196,
   14.4235,       219,
   14.4437,       192,
   14.4638,       216,
    14.484,       189,
   14.5042,       213,
   14.5244,       206,
   14.5446,       203,
   14.5648,       187,
    14.585,       219,
   14.6052,       195,
   14.6254,       216,
   14.6456,       213,
   14.6658,       207,
   14.6859,       214,
   14.7061,       216,
   14.7263,       219,
   14.7465,       235,
   14.7667,       272,
   14.7869,       300,
   14.8071,       283,
   14.8273,       198,
   14.8475,       189,
   14.8677,       225,
   14.8878,       235,
    14.908,       197,
   14.9282,       195,
   14.9484,       244,
   14.9686,       200,
   14.9888,       207,
    15.009,       201,
   15.0292,       202,
   15.0494,       193,
   15.0696,       183,
   15.0898,       215,
   15.1099,       179,
   15.1301,       179,
   15.1503,       195,
   15.1705,       160,
   15.1907,       158,
   15.2109,       208,
   15.2311,       182,
   15.2513,       215,
   15.2715,       200,
   15.2917,       196,
   15.3119,       179,
    15.332,       211,
   15.3522,       202,
   15.3724,       218,
   15.3926,       192,
   15.4128,       189,
    15.433,       174,
   15.4532,       194,
   15.4734,       181,
   15.4936,       196,
   15.5138,       182,
   15.5339,       215,
   15.5541,       205,
   15.5743,       174,
   15.5945,       211,
   15.6147,       207,
   15.6349,       204,
   15.6551,       218,
   15.6753,       208,
   15.6955,       209,
   15.7157,       191,
   15.7359,       204,
    15.756,       203,
   15.7762,       187,
   15.7964,       226,
   15.8166,       307,
   15.8368,       299,
    15.857,       364,
   15.8772,       398,
   15.8974,       385,
   15.9176,       417,
   15.9378,       464,
   15.9579,       443,
   15.9781,       497,
   15.9983,       525,
   16.0185,       519,
   16.0387,       706,
   16.0589,       815,
   16.0791,       848,
   16.0993,      1011,
   16.1195,      1017,
   16.1397,      1153,
   16.1599,      1265,
     16.18,      1059,
   16.2002,       985,
   16.2204,       827,
   16.2406,       808,
   16.2608,       902,
    16.281,      1218,
   16.3012,      1710,
   16.3214,      3137,
   16.3416,      9952,
   16.3618,     30571,
    16.382,     42027,
   16.4021,     27984,
   16.4223,     22086,
   16.4425,      9052,
   16.4627,      2353,
   16.4829,      1043,
   16.5031,       726,
   16.5233,       567,
   16.5435,       576,
   16.5637,       577,
   16.5839,       539,
    16.604,       526,
   16.6242,       455,
   16.6444,       506,
   16.6646,       474,
   16.6848,       472,
    16.705,       434,
   16.7252,       440,
   16.7454,       419,
   16.7656,       367,
   16.7858,       307,
    16.806,       294,
   16.8261,       295,
   16.8463,       312,
   16.8665,       275,
   16.8867,       274,
   16.9069,       322,
   16.9271,       277,
   16.9473,       263,
   16.9675,       261,
   16.9877,       285,
   17.0079,       311,
    17.028,       315,
   17.0482,       363,
   17.0684,       347,
   17.0886,       370,
   17.1088,       312,
    17.129,       330,
   17.1492,       291,
   17.1694,       277,
   17.1896,       252,
   17.2098,       239,
     17.23,       242,
   17.2501,       258,
   17.2703,       257,
   17.2905,       233,
   17.3107,       271,
   17.3309,       245,
   17.3511,       245,
   17.3713,       258,
   17.3915,       237,
   17.4117,       233,
   17.4319,       268,
   17.4521,       238,
   17.4722,       253,
   17.4924,       235,
   17.5126,       237,
   17.5328,       262,
    17.553,       258,
   17.5732,       242,
   17.5934,       233,
   17.6136,       225,
   17.6338,       253,
    17.654,       278,
   17.6741,       302,
   17.6943,       307,
   17.7145,       332,
   17.7347,       286,
   17.7549,       275,
   17.7751,       256,
   17.7953,       227,
   17.8155,       229,
   17.8357,       204,
   17.8559,       234,
   17.8761,       210,
   17.8962,       216,
   17.9164,       213,
   17.9366,       208,
   17.9568,       211,
    17.977,       238,
   17.9972,       186,
   18.0174,       213,
   18.0376,       208,
   18.0578,       205,
    18.078,       223,
   18.0981,       179,
   18.1183,       196,
   18.1385,       207,
   18.1587,       202,
   18.1789,       218,
   18.1991,       217,
   18.2193,       180,
   18.2395,       203,
   18.2597,       220,
   18.2799,       187,
   18.3001,       206,
   18.3202,       201,
   18.3404,       212,
   18.3606,       196,
   18.3808,       208,
    18.401,       197,
   18.4212,       194,
   18.4414,       183,
   18.4616,       191,
   18.4818,       211,
    18.502,       225,
   18.5222,       197,
   18.5423,       217,
   18.5625,       208,
   18.5827,       198,
   18.6029,       194,
   18.6231,       191,
   18.6433,       204,
   18.6635,       175,
   18.6837,       217,
   18.7039,       189,
   18.7241,       224,
   18.7442,       189,
   18.7644,       186,
   18.7846,       231,
   18.8048,       178,
    18.825,       188,
   18.8452,       210,
   18.8654,       196,
   18.8856,       171,
   18.9058,       166,
    18.926,       165,
   18.9462,       161,
   18.9663,       187,
   18.9865,       163,
   19.0067,       182,
   19.0269,       194,
   19.0471,       170,
   19.0673,       176,
   19.0875,       177,
   19.1077,       176,
   19.1279,       196,
   19.1481,       186,
   19.1682,       193,
   19.1884,       197,
   19.2086,       185,
   19.2288,       170,
    19.249,       180,
   19.2692,       182,
   19.2894,       183,
   19.3096,       162,
   19.3298,       195,
     19.35,       198,
   19.3702,       165,
   19.3903,       182,
   19.4105,       166,
   19.4307,       179,
   19.4509,       174,
   19.4711,       150,
   19.4913,       182,
   19.5115,       165,
   19.5317,       155,
   19.5519,       187,
   19.5721,       152,
   19.5923,       174,
   19.6124,       160,
   19.6326,       183,
   19.6528,       189,
    19.673,       189,
   19.6932,       158,
   19.7134,       169,
   19.7336,       192,
   19.7538,       171,
    19.774,       180,
   19.7942,       172,
   19.8143,       169,
   19.8345,       163,
   19.8547,       179,
   19.8749,       200,
   19.8951,       181,
   19.9153,       200,
   19.9355,       170,
   19.9557,       175,
   19.9759,       160,
   19.9961,       154,
   20.0163,       157,
   20.0364,       175,
   20.0566,       143,
   20.0768,       151,
    20.097,       170,
   20.1172,       175,
   20.1374,       158,
   20.1576,       161,
   20.1778,       176,
    20.198,       174,
   20.2182,       149,
   20.2383,       185,
   20.2585,       160,
   20.2787,       153,
   20.2989,       183,
   20.3191,       144,
   20.3393,       174,
   20.3595,       163,
   20.3797,       159,
   20.3999,       145,
   20.4201,       160,
   20.4403,       138,
   20.4604,       166,
   20.4806,       146,
   20.5008,       141,
    20.521,       158,
   20.5412,       131,
   20.5614,       190,
   20.5816,       162,
   20.6018,       165,
    20.622,       132,
   20.6422,       179,
   20.6624,       166,
   20.6825,       155,
   20.7027,       141,
   20.7229,       184,
   20.7431,       168,
   20.7633,       155,
   20.7835,       190,
   20.8037,       149,
   20.8239,       139,
   20.8441,       159,
   20.8643,       163,
   20.8844,       167,
   20.9046,       162,
   20.9248,       140,
    20.945,       161,
   20.9652,       139,
   20.9854,       157,
   21.0056,       158,
   21.0258,       152,
    21.046,       154,
   21.0662,       151,
   21.0864,       134,
   21.1065,       128,
   21.1267,       124,
   21.1469,       143,
   21.1671,       155,
   21.1873,       187,
   21.2075,       136,
   21.2277,       152,
   21.2479,       187,
   21.2681,       164,
   21.2883,       172,
   21.3084,       152,
   21.3286,       150,
   21.3488,       168,
    21.369,       148,
   21.3892,       146,
   21.4094,       193,
   21.4296,       167,
   21.4498,       186,
     21.47,       181,
   21.4902,       178,
   21.5104,       190,
   21.5305,       199,
   21.5507,       184,
   21.5709,       214,
   21.5911,       210,
   21.6113,       184,
   21.6315,       212,
   21.6517,       222,
   21.6719,       255,
   21.6921,       263,
   21.7123,       211,
   21.7325,       253,
   21.7526,       234,
   21.7728,       220,
    21.793,       259,
   21.8132,       320,
   21.8334,       364,
   21.8536,       536,
   21.8738,      1513,
    21.894,      4027,
   21.9142,      5604,
   21.9344,      3656,
   21.9545,      2848,
   21.9747,      2700,
   21.9949,      1205,
   22.0151,       430,
   22.0353,       243,
   22.0555,       216,
   22.0757,       206,
   22.0959,       176,
   22.1161,       160,
   22.1363,       178,
   22.1565,       187,
   22.1766,       159,
   22.1968,       197,
    22.217,       173,
   22.2372,       191,
   22.2574,       152,
   22.2776,       157,
   22.2978,       159,
    22.318,       160,
   22.3382,       162,
   22.3584,       146,
   22.3785,       147,
   22.3987,       123,
   22.4189,       152,
   22.4391,       152,
   22.4593,       138,
   22.4795,       131,
   22.4997,       170,
   22.5199,       159,
   22.5401,       142,
   22.5603,       148,
   22.5805,       128,
   22.6006,       122,
   22.6208,       148,
    22.641,       136,
   22.6612,       149,
   22.6814,       135,
   22.7016,       148,
   22.7218,       132,
    22.742,       138,
   22.7622,       141,
   22.7824,       148,
   22.8025,       141,
   22.8227,       134,
   22.8429,       149,
   22.8631,       137,
   22.8833,       140,
   22.9035,       136,
   22.9237,       134,
   22.9439,       135,
   22.9641,       135,
   22.9843,       159,
   23.0045,       146,
   23.0246,       139,
   23.0448,       149,
    23.065,       147,
   23.0852,       133,
   23.1054,       146,
   23.1256,       137,
   23.1458,       147,
    23.166,       137,
   23.1862,       136,
   23.2064,       119,
   23.2266,       133,
   23.2467,       136,
   23.2669,       121,
   23.2871,       124,
   23.3073,       135,
   23.3275,       122,
   23.3477,       150,
   23.3679,       133,
   23.3881,       136,
   23.4083,       127,
   23.4285,       150,
   23.4486,       141,
   23.4688,       135,
    23.489,       128,
   23.5092,       153,
   23.5294,       131,
   23.5496,       137,
   23.5698,       154,
     23.59,       137,
   23.6102,       119,
   23.6304,       131,
   23.6506,       149,
   23.6707,       129,
   23.6909,       130,
   23.7111,       129,
   23.7313,       138,
   23.7515,       157,
   23.7717,       124,
   23.7919,       120,
   23.8121,       130,
   23.8323,       119,
   23.8525,       104,
   23.8726,       110,
   23.8928,       101,
    23.913,       126,
   23.9332,       139,
   23.9534,       130,
   23.9736,       127,
   23.9938,       110,
    24.014,       108,
   24.0342,       105,
   24.0544,       125,
   24.0746,       136,
   24.0947,       143,
   24.1149,       133,
   24.1351,       117,
   24.1553,       135,
   24.1755,       113,
   24.1957,       127,
   24.2159,        97,
   24.2361,       111,
   24.2563,       107,
   24.2765,       133,
   24.2967,       112,
   24.3168,       116,
    24.337,       124,
   24.3572,       129,
   24.3774,       110,
   24.3976,       114,
   24.4178,       112,
    24.438,       132,
   24.4582,       126,
   24.4784,       143,
   24.4986,       118,
   24.5187,       122,
   24.5389,       122,
   24.5591,       114,
   24.5793,       109,
   24.5995,       119,
   24.6197,       103,
   24.6399,       108,
   24.6601,       124,
   24.6803,       104,
   24.7005,       115,
   24.7207,       130,
   24.7408,       129,
    24.761,       159,
   24.7812,       220,
   24.8014,       275,
   24.8216,       203,
   24.8418,       137,
    24.862,       125,
   24.8822,       115,
   24.9024,       108,
   24.9226,       103,
   24.9427,       122,
   24.9629,       118,
   24.9831,       118,
   25.0033,       117,
   25.0235,       108,
   25.0437,        96,
   25.0639,       106,
   25.0841,        98,
   25.1043,       127,
   25.1245,        97,
   25.1447,       111,
   25.1648,       109,
    25.185,       120,
   25.2052,       103,
   25.2254,       109,
   25.2456,       113,
   25.2658,        93,
    25.286,       119,
   25.3062,       100,
   25.3264,       108,
   25.3466,       113,
   25.3668,       102,
   25.3869,       110,
   25.4071,       122,
   25.4273,       114,
   25.4475,       105,
   25.4677,       110,
   25.4879,        90,
   25.5081,        96,
   25.5283,       103,
   25.5485,       110,
   25.5687,       112,
   25.5888,       111,
    25.609,        92,
   25.6292,       108,
   25.6494,       109,
   25.6696,       106,
   25.6898,       120,
     25.71,       107,
   25.7302,       107,
   25.7504,       104,
   25.7706,        94,
   25.7908,       112,
   25.8109,       107,
   25.8311,       104,
   25.8513,        94,
   25.8715,       119,
   25.8917,       105,
   25.9119,       102,
   25.9321,       114,
   25.9523,       109,
   25.9725,       111,
   25.9927,        97,
   26.0128,        97,
    26.033,       104,
   26.0532,        79,
   26.0734,       109,
   26.0936,       100,
   26.1138,       119,
    26.134,       121,
   26.1542,       105,
   26.1744,       100,
   26.1946,       104,
   26.2148,        97,
   26.2349,       116,
   26.2551,       113,
   26.2753,       124,
   26.2955,       122,
   26.3157,       114,
   26.3359,       114,
   26.3561,        94,
   26.3763,       100,
   26.3965,       115,
   26.4167,       128,
   26.4369,       126,
    26.457,       102,
   26.4772,       130,
   26.4974,       124,
   26.5176,       111,
   26.5378,       176,
    26.558,       215,
   26.5782,       202,
   26.5984,       209,
   26.6186,       212,
   26.6388,       266,
   26.6589,       247,
   26.6791,       237,
   26.6993,       213,
   26.7195,       217,
   26.7397,       260,
   26.7599,       232,
   26.7801,       235,
   26.8003,       232,
   26.8205,       241,
   26.8407,       254,
   26.8609,       241,
    26.881,       235,
   26.9012,       246,
   26.9214,       292,
   26.9416,       234,
   26.9618,       290,
    26.982,       326,
   27.0022,       369,
   27.0224,       395,
   27.0426,       432,
   27.0628,       443,
   27.0829,       509,
   27.1031,       533,
   27.1233,       490,
   27.1435,       487,
   27.1637,       519,
   27.1839,       600,
   27.2041,       630,
   27.2243,       666,
   27.2445,       723,
   27.2647,       803,
   27.2849,       896,
    27.305,       831,
   27.3252,       995,
   27.3454,      1160,
   27.3656,      1361,
   27.3858,      1656,
    27.406,      1995,
   27.4262,      2987,
   27.4464,      7391,
   27.4666,     22213,
   27.4868,     49979,
    27.507,     56699,
   27.5271,     30655,
   27.5473,     23924,
   27.5675,     30969,
   27.5877,     21114,
   27.6079,      7002,
   27.6281,      2459,
   27.6483,      1383,
   27.6685,      1015,
   27.6887,       790,
   27.7089,       721,
    27.729,       683,
   27.7492,       616,
   27.7694,       594,
   27.7896,       598,
   27.8098,       558,
     27.83,       518,
   27.8502,       471,
   27.8704,       435,
   27.8906,       367,
   27.9108,       358,
    27.931,       329,
   27.9511,       290,
   27.9713,       265,
   27.9915,       332,
   28.0117,       265,
   28.0319,       254,
   28.0521,       257,
   28.0723,       229,
   28.0925,       246,
   28.1127,       245,
   28.1329,       244,
    28.153,       247,
   28.1732,       236,
   28.1934,       227,
   28.2136,       222,
   28.2338,       206,
    28.254,       251,
   28.2742,       227,
   28.2944,       207,
   28.3146,       192,
   28.3348,       187,
    28.355,       235,
   28.3751,       219,
   28.3953,       196,
   28.4155,       214,
   28.4357,       212,
   28.4559,       203,
   28.4761,       200,
   28.4963,       226,
   28.5165,       232,
   28.5367,       210,
   28.5569,       206,
   28.5771,       190,
   28.5972,       206,
   28.6174,       230,
   28.6376,       194,
   28.6578,       186,
    28.678,       177,
   28.6982,       204,
   28.7184,       219,
   28.7386,       216,
   28.7588,       211,
    28.779,       188,
   28.7991,       187,
   28.8193,       180,
   28.8395,       201,
   28.8597,       172,
   28.8799,       200,
   28.9001,       224,
   28.9203,       211,
   28.9405,       204,
   28.9607,       220,
   28.9809,       197,
   29.0011,       208,
   29.0212,       198,
   29.0414,       205,
   29.0616,       205,
   29.0818,       191,
    29.102,       201,
   29.1222,       187,
   29.1424,       201,
   29.1626,       182,
   29.1828,       178,
    29.203,       196,
   29.2231,       172,
   29.2433,       198,
   29.2635,       194,
   29.2837,       193,
   29.3039,       183,
   29.3241,       180,
   29.3443,       177,
   29.3645,       170,
   29.3847,       148,
   29.4049,       181,
   29.4251,       174,
   29.4452,       167,
   29.4654,       187,
   29.4856,       122,
   29.5058,       169,
    29.526,       166,
   29.5462,       155,
   29.5664,       143,
   29.5866,       173,
   29.6068,       146,
    29.627,       157,
   29.6472,       199,
   29.6673,       161,
   29.6875,       183,
   29.7077,       180,
   29.7279,       180,
   29.7481,       183,
   29.7683,       167,
   29.7885,       188,
   29.8087,       226,
   29.8289,       259,
   29.8491,       358,
   29.8692,       474,
   29.8894,       403,
   29.9096,       291,
   29.9298,       197,
     29.95,       193,
   29.9702,       168,
   29.9904,       144,
   30.0106,       190,
   30.0308,       172,
    30.051,       158,
   30.0712,       183,
   30.0913,       169,
   30.1115,       175,
   30.1317,       168,
   30.1519,       176,
   30.1721,       172,
   30.1923,       195,
   30.2125,       229,
   30.2327,       250,
   30.2529,       279,
   30.2731,       333,
   30.2932,       331,
   30.3134,       264,
   30.3336,       287,
   30.3538,       264,
    30.374,       218,
   30.3942,       172,
   30.4144,       162,
   30.4346,       159,
   30.4548,       178,
    30.475,       135,
   30.4952,       138,
   30.5153,       173,
   30.5355,       170,
   30.5557,       160,
   30.5759,       166,
   30.5961,       155,
   30.6163,       150,
   30.6365,       163,
   30.6567,       149,
   30.6769,       161,
   30.6971,       130,
   30.7172,       145,
   30.7374,       131,
   30.7576,       132,
   30.7778,       142,
    30.798,       143,
   30.8182,       141,
   30.8384,       147,
   30.8586,       139,
   30.8788,       120,
    30.899,       122,
   30.9192,       155,
   30.9393,       120,
   30.9595,       156,
   30.9797,       136,
   30.9999,       157,
   31.0201,       174,
   31.0403,       189,
   31.0605,       220,
   31.0807,       200,
   31.1009,       152,
   31.1211,       163,
   31.1413,       162,
   31.1614,       153,
   31.1816,       120,
   31.2018,       131,
    31.222,       140,
   31.2422,       126,
   31.2624,       136,
   31.2826,       137,
   31.3028,       150,
    31.323,       117,
   31.3432,       127,
   31.3633,       142,
   31.3835,       153,
   31.4037,       126,
   31.4239,       135,
   31.4441,       130,
   31.4643,       141,
   31.4845,       122,
   31.5047,       149,
   31.5249,       133,
   31.5451,       136,
   31.5653,       113,
   31.5854,       121,
   31.6056,       146,
   31.6258,       153,
    31.646,       150,
   31.6662,       139,
   31.6864,       150,
   31.7066,       115,
   31.7268,       139,
    31.747,       138,
   31.7672,       148,
   31.7873,       150,
   31.8075,       129,
   31.8277,       135,
   31.8479,       155,
   31.8681,       155,
   31.8883,       145,
   31.9085,       141,
   31.9287,       159,
   31.9489,       168,
   31.9691,       216,
   31.9893,       280,
   32.0094,       327,
   32.0296,       395,
   32.0498,       449,
     32.07,       422,
   32.0902,       416,
   32.1104,       398,
   32.1306,       416,
   32.1508,       396,
    32.171,       414,
   32.1912,       391,
   32.2114,       392,
   32.2315,       395,
   32.2517,       393,
   32.2719,       386,
   32.2921,       391,
   32.3123,       440,
   32.3325,       415,
   32.3527,       463,
   32.3729,       443,
   32.3931,       413,
   32.4133,       430,
   32.4334,       435,
   32.4536,       438,
   32.4738,       437,
    32.494,       475,
   32.5142,       436,
   32.5344,       419,
   32.5546,       469,
   32.5748,       519,
    32.595,       473,
   32.6152,       564,
   32.6354,       608,
   32.6555,       700,
   32.6757,       756,
   32.6959,       858,
   32.7161,       879,
   32.7363,       955,
   32.7565,      1054,
   32.7767,      1064,
   32.7969,      1146,
   32.8171,      1114,
   32.8373,      1163,
   32.8574,      1270,
   32.8776,      1327,
   32.8978,      1392,
    32.918,      1481,
   32.9382,      1692,
   32.9584,      1944,
   32.9786,      2370,
   32.9988,      2817,
    33.019,      3226,
   33.0392,      3483,
   33.0594,      4185,
   33.0795,      6855,
   33.0997,     15266,
   33.1199,     42617,
   33.1401,     98958,
   33.1603,    129587,
   33.1805,     80939,
   33.2007,     39801,
   33.2209,     49436,
   33.2411,     66307,
   33.2613,     48243,
   33.2815,     17893,
   33.3016,      6242,
   33.3218,      3310,
    33.342,      2341,
   33.3622,      1934,
   33.3824,      1706,
   33.4026,      1491,
   33.4228,      1425,
    33.443,      1279,
   33.4632,      1204,
   33.4834,      1249,
   33.5035,      1054,
   33.5237,       959,
   33.5439,       899,
   33.5641,       823,
   33.5843,       728,
   33.6045,       661,
   33.6247,       579,
   33.6449,       573,
   33.6651,       485,
   33.6853,       511,
   33.7055,       440,
   33.7256,       512,
   33.7458,       477,
    33.766,       482,
   33.7862,       474,
   33.8064,       463,
   33.8266,       398,
   33.8468,       425,
    33.867,       402,
   33.8872,       433,
   33.9074,       411,
   33.9275,       381,
   33.9477,       394,
   33.9679,       382,
   33.9881,       343,
   34.0083,       374,
   34.0285,       380,
   34.0487,       394,
   34.0689,       388,
   34.0891,       381,
   34.1093,       410,
   34.1295,       411,
   34.1496,       425,
   34.1698,       444,
     34.19,       497,
   34.2102,       534,
   34.2304,       495,
   34.2506,       406,
   34.2708,       427,
    34.291,       415,
   34.3112,       377,
   34.3314,       375,
   34.3516,       360,
   34.3717,       371,
   34.3919,       322,
   34.4121,       348,
   34.4323,       320,
   34.4525,       297,
   34.4727,       328,
   34.4929,       294,
   34.5131,       279,
   34.5333,       297,
   34.5535,       302,
   34.5736,       323,
   34.5938,       327,
    34.614,       316,
   34.6342,       296,
   34.6544,       306,
   34.6746,       326,
   34.6948,       331,
    34.715,       268,
   34.7352,       307,
   34.7554,       273,
   34.7756,       312,
   34.7957,       316,
   34.8159,       303,
   34.8361,       323,
   34.8563,       275,
   34.8765,       304,
   34.8967,       256,
   34.9169,       287,
   34.9371,       284,
   34.9573,       337,
   34.9775,       371,
   34.9976,       539,
   35.0178,       538,
    35.038,       433,
   35.0582,       386,
   35.0784,       394,
   35.0986,       486,
   35.1188,       425,
    35.139,       370,
   35.1592,       362,
   35.1794,       429,
   35.1996,       411,
   35.2197,       321,
   35.2399,       345,
   35.2601,       304,
   35.2803,       300,
   35.3005,       272,
   35.3207,       281,
   35.3409,       274,
   35.3611,       246,
   35.3813,       249,
   35.4015,       252,
   35.4217,       250,
   35.4418,       256,
    35.462,       249,
   35.4822,       239,
   35.5024,       254,
   35.5226,       242,
   35.5428,       222,
    35.563,       236,
   35.5832,       250,
   35.6034,       238,
   35.6236,       241,
   35.6437,       204,
   35.6639,       261,
   35.6841,       212,
   35.7043,       244,
   35.7245,       258,
   35.7447,       225,
   35.7649,       229,
   35.7851,       218,
   35.8053,       248,
   35.8255,       216,
   35.8457,       259,
   35.8658,       218,
    35.886,       215,
   35.9062,       241,
   35.9264,       222,
   35.9466,       218,
   35.9668,       232,
    35.987,       218,
   36.0072,       221,
   36.0274,       223,
   36.0476,       231,
   36.0677,       224,
   36.0879,       208,
   36.1081,       225,
   36.1283,       222,
   36.1485,       210,
   36.1687,       214,
   36.1889,       224,
   36.2091,       204,
   36.2293,       221,
   36.2495,       232,
   36.2697,       214,
   36.2898,       218,
     36.31,       226,
   36.3302,       209,
   36.3504,       216,
   36.3706,       192,
   36.3908,       232,
    36.411,       225,
   36.4312,       272,
   36.4514,       213,
   36.4716,       228,
   36.4918,       233,
   36.5119,       228,
   36.5321,       221,
   36.5523,       194,
   36.5725,       229,
   36.5927,       207,
   36.6129,       194,
   36.6331,       213,
   36.6533,       212,
   36.6735,       216,
   36.6937,       172,
   36.7138,       199,
    36.734,       194,
   36.7542,       209,
   36.7744,       202,
   36.7946,       206,
   36.8148,       201,
    36.835,       216,
   36.8552,       208,
   36.8754,       213,
   36.8956,       186,
   36.9158,       233,
   36.9359,       229,
   36.9561,       217,
   36.9763,       230,
   36.9965,       221,
   37.0167,       217,
   37.0369,       265,
   37.0571,       244,
   37.0773,       226,
   37.0975,       250,
   37.1177,       201,
   37.1378,       219,
    37.158,       208,
   37.1782,       215,
   37.1984,       211,
   37.2186,       187,
   37.2388,       183,
    37.259,       181,
   37.2792,       208,
   37.2994,       184,
   37.3196,       216,
   37.3398,       201,
   37.3599,       194,
   37.3801,       203,
   37.4003,       218,
   37.4205,       207,
   37.4407,       208,
   37.4609,       190,
   37.4811,       241,
   37.5013,       252,
   37.5215,       287,
   37.5417,       344,
   37.5619,       374,
    37.582,       402,
   37.6022,       378,
   37.6224,       422,
   37.6426,       374,
   37.6628,       369,
    37.683,       373,
   37.7032,       351,
   37.7234,       331,
   37.7436,       410,
   37.7638,       386,
   37.7839,       357,
   37.8041,       413,
   37.8243,       346,
   37.8445,       362,
   37.8647,       368,
   37.8849,       387,
   37.9051,       403,
   37.9253,       406,
   37.9455,       400,
   37.9657,       424,
   37.9859,       376,
    38.006,       412,
   38.0262,       398,
   38.0464,       395,
   38.0666,       386,
   38.0868,       391,
    38.107,       429,
   38.1272,       426,
   38.1474,       410,
   38.1676,       420,
   38.1878,       394,
   38.2079,       446,
   38.2281,       418,
   38.2483,       407,
   38.2685,       437,
   38.2887,       395,
   38.3089,       439,
   38.3291,       443,
   38.3493,       469,
   38.3695,       575,
   38.3897,       578,
   38.4099,       662,
     38.43,       733,
   38.4502,       797,
   38.4704,       842,
   38.4906,       954,
   38.5108,      1018,
    38.531,       959,
   38.5512,      1049,
   38.5714,      1100,
   38.5916,      1049,
   38.6118,      1154,
   38.6319,      1222,
   38.6521,      1310,
   38.6723,      1566,
   38.6925,      1866,
   38.7127,      2212,
   38.7329,      2352,
   38.7531,      2481,
   38.7733,      2643,
   38.7935,      3304,
   38.8137,      4977,
   38.8339,      9779,
    38.854,     23931,
   38.8742,     60199,
   38.8944,     98159,
   38.9146,     86329,
   38.9348,     40984,
    38.955,     22875,
   38.9752,     33873,
   38.9954,     50918,
   39.0156,     44013,
   39.0358,     19830,
    39.056,      7421,
   39.0761,      3384,
   39.0963,      2263,
   39.1165,      1852,
   39.1367,      1604,
   39.1569,      1463,
   39.1771,      1290,
   39.1973,      1192,
   39.2175,      1135,
   39.2377,      1051,
   39.2579,       924,
    39.278,       825,
   39.2982,       726,
   39.3184,       722,
   39.3386,       635,
   39.3588,       566,
    39.379,       581,
   39.3992,       542,
   39.4194,       506,
   39.4396,       489,
   39.4598,       466,
     39.48,       488,
   39.5001,       415,
   39.5203,       385,
   39.5405,       429,
   39.5607,       398,
   39.5809,       445,
   39.6011,       359,
   39.6213,       380,
   39.6415,       364,
   39.6617,       329,
   39.6819,       380,
    39.702,       384,
   39.7222,       371,
   39.7424,       329,
   39.7626,       339,
   39.7828,       344,
    39.803,       346,
   39.8232,       362,
   39.8434,       359,
   39.8636,       359,
   39.8838,       312,
    39.904,       292,
   39.9241,       293,
   39.9443,       359,
   39.9645,       316,
   39.9847,       333,
   40.0049,       323,
   40.0251,       292,
   40.0453,       299,
   40.0655,       276,
   40.0857,       315,
   40.1059,       293,
   40.1261,       305,
   40.1462,       319,
   40.1664,       329,
   40.1866,       319,
   40.2068,       334,
    40.227,       372,
   40.2472,       374,
   40.2674,       317,
   40.2876,       265,
   40.3078,       316,
    40.328,       272,
   40.3481,       284,
   40.3683,       276,
   40.3885,       287,
   40.4087,       272,
   40.4289,       279,
   40.4491,       265,
   40.4693,       269,
   40.4895,       254,
   40.5097,       249,
   40.5299,       256,
   40.5501,       256,
   40.5702,       225,
   40.5904,       239,
   40.6106,       240,
   40.6308,       241,
    40.651,       241,
   40.6712,       234,
   40.6914,       234,
   40.7116,       247,
   40.7318,       259,
    40.752,       250,
   40.7721,       254,
   40.7923,       260,
   40.8125,       240,
   40.8327,       241,
   40.8529,       234,
   40.8731,       213,
   40.8933,       222,
   40.9135,       231,
   40.9337,       237,
   40.9539,       204,
   40.9741,       227,
   40.9942,       250,
   41.0144,       247,
   41.0346,       256,
   41.0548,       231,
    41.075,       221,
   41.0952,       228,
   41.1154,       277,
   41.1356,       272,
   41.1558,       206,
    41.176,       247,
   41.1962,       232,
   41.2163,       263,
   41.2365,       281,
   41.2567,       247,
   41.2769,       253,
   41.2971,       252,
   41.3173,       259,
   41.3375,       226,
   41.3577,       244,
   41.3779,       246,
   41.3981,       249,
   41.4182,       229,
   41.4384,       237,
   41.4586,       246,
   41.4788,       269,
    41.499,       253,
   41.5192,       227,
   41.5394,       208,
   41.5596,       226,
   41.5798,       241,
      41.6,       201,
   41.6202,       205,
   41.6403,       209,
   41.6605,       233,
   41.6807,       231,
   41.7009,       196,
   41.7211,       215,
   41.7413,       207,
   41.7615,       239,
   41.7817,       235,
   41.8019,       222,
   41.8221,       232,
   41.8422,       234,
   41.8624,       239,
   41.8826,       237,
   41.9028,       250,
    41.923,       234,
   41.9432,       236,
   41.9634,       229,
   41.9836,       196,
   42.0038,       238,
    42.024,       214,
   42.0442,       219,
   42.0643,       207,
   42.0845,       231,
   42.1047,       210,
   42.1249,       200,
   42.1451,       212,
   42.1653,       201,
   42.1855,       189,
   42.2057,       216,
   42.2259,       224,
   42.2461,       203,
   42.2663,       227,
   42.2864,       203,
   42.3066,       196,
   42.3268,       206,
    42.347,       205,
   42.3672,       201,
   42.3874,       188,
   42.4076,       218,
   42.4278,       214,
    42.448,       189,
   42.4682,       186,
   42.4883,       194,
   42.5085,       207,
   42.5287,       218,
   42.5489,       181,
   42.5691,       207,
   42.5893,       210,
   42.6095,       196,
   42.6297,       183,
   42.6499,       189,
   42.6701,       209,
   42.6903,       187,
   42.7104,       185,
   42.7306,       185,
   42.7508,       186,
    42.771,       193,
   42.7912,       202,
   42.8114,       183,
   42.8316,       195,
   42.8518,       189,
    42.872,       186,
   42.8922,       178,
   42.9123,       196,
   42.9325,       195,
   42.9527,       185,
   42.9729,       160,
   42.9931,       181,
   43.0133,       179,
   43.0335,       177,
   43.0537,       210,
   43.0739,       178,
   43.0941,       198,
   43.1143,       187,
   43.1344,       242,
   43.1546,       248,
   43.1748,       239,
    43.195,       276,
   43.2152,       252,
   43.2354,       256,
   43.2556,       245,
   43.2758,       259,
    43.296,       232,
   43.3162,       269,
   43.3364,       268,
   43.3565,       246,
   43.3767,       265,
   43.3969,       236,
   43.4171,       257,
   43.4373,       265,
   43.4575,       237,
   43.4777,       268,
   43.4979,       238,
   43.5181,       266,
   43.5383,       259,
   43.5584,       281,
   43.5786,       241,
   43.5988,       243,
    43.619,       230,
   43.6392,       235,
   43.6594,       232,
   43.6796,       268,
   43.6998,       241,
     43.72,       231,
   43.7402,       236,
   43.7604,       249,
   43.7805,       264,
   43.8007,       275,
   43.8209,       269,
   43.8411,       216,
   43.8613,       225,
   43.8815,       272,
   43.9017,       235,
   43.9219,       230,
   43.9421,       263,
   43.9623,       270,
   43.9824,       268,
   44.0026,       258,
   44.0228,       267,
    44.043,       275,
   44.0632,       258,
   44.0834,       246,
   44.1036,       283,
   44.1238,       274,
    44.144,       282,
   44.1642,       290,
   44.1844,       300,
   44.2045,       320,
   44.2247,       332,
   44.2449,       381,
   44.2651,       404,
   44.2853,       412,
   44.3055,       435,
   44.3257,       464,
   44.3459,       471,
   44.3661,       483,
   44.3863,       511,
   44.4065,       533,
   44.4266,       557,
   44.4468,       601,
    44.467,       673,
   44.4872,       707,
   44.5074,       863,
   44.5276,       961,
   44.5478,      1017,
    44.568,      1074,
   44.5882,      1023,
   44.6084,      1087,
   44.6285,      1350,
   44.6487,      1927,
   44.6689,      3140,
   44.6891,      6564,
   44.7093,     15532,
   44.7295,     32304,
   44.7497,     41060,
   44.7699,     28959,
   44.7901,     11902,
   44.8103,      7267,
   44.8305,     10698,
   44.8506,     17999,
   44.8708,     20490,
    44.891,     12904,
   44.9112,      5292,
   44.9314,      2172,
   44.9516,      1249,
   44.9718,      1034,
    44.992,       855,
   45.0122,       738,
   45.0324,       692,
   45.0525,       585,
   45.0727,       584,
   45.0929,       578,
   45.1131,       535,
   45.1333,       421,
   45.1535,       433,
   45.1737,       374,
   45.1939,       375,
   45.2141,       374,
   45.2343,       321,
   45.2545,       268,
   45.2746,       322,
   45.2948,       285,
    45.315,       259,
   45.3352,       247,
   45.3554,       249,
   45.3756,       236,
   45.3958,       273,
    45.416,       257,
   45.4362,       272,
   45.4564,       270,
   45.4766,       246,
   45.4967,       260,
   45.5169,       291,
   45.5371,       259,
   45.5573,       226,
   45.5775,       231,
   45.5977,       228,
   45.6179,       230,
   45.6381,       239,
   45.6583,       235,
   45.6785,       203,
   45.6986,       201,
   45.7188,       191,
    45.739,       195,
   45.7592,       181,
   45.7794,       215,
   45.7996,       194,
   45.8198,       215,
     45.84,       193,
   45.8602,       219,
   45.8804,       210,
   45.9006,       199,
   45.9207,       205,
   45.9409,       186,
   45.9611,       206,
   45.9813,       188,
   46.0015,       179,
   46.0217,       183,
   46.0419,       191,
   46.0621,       176,
   46.0823,       192,
   46.1025,       178,
   46.1226,       161,
   46.1428,       204,
    46.163,       212,
   46.1832,       187,
   46.2034,       182,
   46.2236,       170,
   46.2438,       187,
    46.264,       186,
   46.2842,       192,
   46.3044,       159,
   46.3246,       178,
   46.3447,       190,
   46.3649,       191,
   46.3851,       156,
   46.4053,       180,
   46.4255,       174,
   46.4457,       165,
   46.4659,       195,
   46.4861,       185,
   46.5063,       160,
   46.5265,       179,
   46.5467,       168,
   46.5668,       183,
    46.587,       162,
   46.6072,       149,
   46.6274,       159,
   46.6476,       162,
   46.6678,       163,
    46.688,       169,
   46.7082,       132,
   46.7284,       150,
   46.7486,       174,
   46.7687,       158,
   46.7889,       158,
   46.8091,       150,
   46.8293,       152,
   46.8495,       161,
   46.8697,       153,
   46.8899,       134,
   46.9101,       153,
   46.9303,       150,
   46.9505,       166,
   46.9707,       151,
   46.9908,       153,
    47.011,       157,
   47.0312,       153,
   47.0514,       139,
   47.0716,       151,
   47.0918,       154,
    47.112,       142,
   47.1322,       158,
   47.1524,       165,
   47.1726,       132,
   47.1927,       161,
   47.2129,       154,
   47.2331,       156,
   47.2533,       133,
   47.2735,       141,
   47.2937,       144,
   47.3139,       138,
   47.3341,       130,
   47.3543,       164,
   47.3745,       148,
   47.3947,       146,
   47.4148,       133,
    47.435,       119,
   47.4552,       144,
   47.4754,       129,
   47.4956,       147,
   47.5158,       145,
    47.536,       136,
   47.5562,       149,
   47.5764,       120,
   47.5966,       156,
   47.6167,       163,
   47.6369,       146,
   47.6571,       133,
   47.6773,       153,
   47.6975,       136,
   47.7177,       149,
   47.7379,       151,
   47.7581,       135,
   47.7783,       143,
   47.7985,       151,
   47.8187,       141,
   47.8388,       142,
    47.859,       140,
   47.8792,       127,
   47.8994,       143,
   47.9196,       145,
   47.9398,       120,
     47.96,       122,
   47.9802,       144,
   48.0004,       138,
   48.0206,       146,
   48.0408,       138,
   48.0609,       135,
   48.0811,       135,
   48.1013,       134,
   48.1215,       133,
   48.1417,       143,
   48.1619,       120,
   48.1821,       135,
   48.2023,       132,
   48.2225,       125,
   48.2427,       132,
   48.2628,       113,
    48.283,       128,
   48.3032,       116,
   48.3234,       110,
   48.3436,       145,
   48.3638,       150,
    48.384,       142,
   48.4042,       148,
   48.4244,       137,
   48.4446,       142,
   48.4648,       153,
   48.4849,       134,
   48.5051,       144,
   48.5253,       159,
   48.5455,       129,
   48.5657,       144,
   48.5859,       151,
   48.6061,       157,
   48.6263,       146,
   48.6465,       154,
   48.6667,       152,
   48.6868,       157,
    48.707,       154,
   48.7272,       144,
   48.7474,       162,
   48.7676,       132,
   48.7878,       149,
    48.808,       142,
   48.8282,       153,
   48.8484,       145,
   48.8686,       150,
   48.8888,       142,
   48.9089,       138,
   48.9291,       132,
   48.9493,       140,
   48.9695,       135,
   48.9897,       156,
   49.0099,       149,
   49.0301,       137,
   49.0503,       142,
   49.0705,       145,
   49.0907,       141,
   49.1109,       155,
    49.131,       141,
   49.1512,       146,
   49.1714,       147,
   49.1916,       148,
   49.2118,       145,
    49.232,       149,
   49.2522,       120,
   49.2724,       129,
   49.2926,       142,
   49.3128,       137,
   49.3329,       146,
   49.3531,       139,
   49.3733,       109,
   49.3935,       135,
   49.4137,       136,
   49.4339,       139,
   49.4541,       114,
   49.4743,       145,
   49.4945,       139,
   49.5147,       149,
   49.5349,       139,
    49.555,       146,
   49.5752,       124,
   49.5954,       136,
   49.6156,       136,
   49.6358,       136,
    49.656,       127,
   49.6762,       135,
   49.6964,       134,
   49.7166,       131,
   49.7368,       136,
   49.7569,       129,
   49.7771,       125,
   49.7973,       124,
   49.8175,       133,
   49.8377,       165,
   49.8579,       125,
   49.8781,       138,
   49.8983,       136,
   49.9185,       129,
   49.9387,       138,
   49.9589,       121,
    49.979,       135,
   49.9992,       150,
   50.0194,       132,
   50.0396,       144,
   50.0598,       123,
     50.08,       141,
   50.1002,       131,
   50.1204,       138,
   50.1406,       141,
   50.1608,       127,
    50.181,       133,
   50.2011,       162,
   50.2213,       174,
   50.2415,       192,
   50.2617,       171,
   50.2819,       176,
   50.3021,       173,
   50.3223,       184,
   50.3425,       183,
   50.3627,       200,
   50.3829,       183,
    50.403,       181,
   50.4232,       181,
   50.4434,       190,
   50.4636,       215,
   50.4838,       222,
    50.504,       198,
   50.5242,       236,
   50.5444,       233,
   50.5646,       226,
   50.5848,       246,
    50.605,       327,
   50.6251,       380,
   50.6453,       598,
   50.6655,      1077,
   50.6857,      2274,
   50.7059,      4067,
   50.7261,      4843,
   50.7463,      3460,
   50.7665,      1552,
   50.7867,       933,
   50.8069,      1027,
    50.827,      1636,
   50.8472,      2309,
   50.8674,      2332,
   50.8876,      1518,
   50.9078,       706,
    50.928,       439,
   50.9482,       288,
   50.9684,       239,
   50.9886,       196,
   51.0088,       200,
    51.029,       189,
   51.0491,       182,
   51.0693,       171,
   51.0895,       154,
   51.1097,       142,
   51.1299,       137,
   51.1501,       135,
   51.1703,       141,
   51.1905,       136,
   51.2107,       152,
   51.2309,       133,
   51.2511,       134,
   51.2712,       132,
   51.2914,       123,
   51.3116,       143,
   51.3318,       107,
    51.352,       114,
   51.3722,       118,
   51.3924,       105,
   51.4126,       116,
   51.4328,       115,
    51.453,       113,
   51.4731,       109,
   51.4933,       112,
   51.5135,       107,
   51.5337,       110,
   51.5539,       121,
   51.5741,        98,
   51.5943,       106,
   51.6145,       119,
   51.6347,       120,
   51.6549,       119,
   51.6751,       109,
   51.6952,       123,
   51.7154,       110,
   51.7356,       110,
   51.7558,       111,
    51.776,       116,
   51.7962,       100,
   51.8164,       104,
   51.8366,       102,
   51.8568,        98,
    51.877,       116,
   51.8971,       112,
   51.9173,       120,
   51.9375,       113,
   51.9577,       112,
   51.9779,       103,
   51.9981,       102,
   52.0183,       118,
   52.0385,        95,
   52.0587,       118,
   52.0789,       114,
   52.0991,       102,
   52.1192,       117,
   52.1394,       111,
   52.1596,       111,
   52.1798,       111,
      52.2,        99,
   52.2202,       121,
   52.2404,       109,
   52.2606,       104,
   52.2808,       101,
    52.301,       100,
   52.3212,       100,
   52.3413,       112,
   52.3615,        98,
   52.3817,       104,
   52.4019,        84,
   52.4221,        81,
   52.4423,        87,
   52.4625,       115,
   52.4827,       118,
   52.5029,       110,
   52.5231,       108,
   52.5432,        93,
   52.5634,       120,
   52.5836,       100,
   52.6038,       116,
    52.624,       100,
   52.6442,       121,
   52.6644,       106,
   52.6846,       111,
   52.7048,        95,
    52.725,       102,
   52.7452,       110,
   52.7653,        98,
   52.7855,       103,
   52.8057,       125,
   52.8259,        93,
   52.8461,       102,
   52.8663,       104,
   52.8865,       108,
   52.9067,        79,
   52.9269,        99,
   52.9471,       105,
   52.9672,        88,
   52.9874,        88,
   53.0076,        93,
   53.0278,       101,
    53.048,       112,
   53.0682,        95,
   53.0884,       104,
   53.1086,        90,
   53.1288,       107,
    53.149,       102,
   53.1692,       104,
   53.1893,        95,
   53.2095,        98,
   53.2297,        86,
   53.2499,       108,
   53.2701,       101,
   53.2903,       105,
   53.3105,        97,
   53.3307,        86,
   53.3509,        86,
   53.3711,        91,
   53.3913,       111,
   53.4114,        91,
   53.4316,       106,
   53.4518,        98,
    53.472,       109,
   53.4922,       111,
   53.5124,       100,
   53.5326,        97,
   53.5528,        96,
    53.573,        95,
   53.5932,        91,
   53.6133,       114,
   53.6335,       114,
   53.6537,        97,
   53.6739,       114,
   53.6941,       102,
   53.7143,        96,
   53.7345,        98,
   53.7547,        89,
   53.7749,        96,
   53.7951,       100,
   53.8153,        96,
   53.8354,        94,
   53.8556,        90,
   53.8758,        89,
    53.896,       117,
   53.9162,        94,
   53.9364,       102,
   53.9566,        81,
   53.9768,       100,
    53.997,        99,
   54.0172,       102,
   54.0373,        80,
   54.0575,       116,
   54.0777,        90,
   54.0979,       109,
   54.1181,        99,
   54.1383,        88,
   54.1585,        86,
   54.1787,       104,
   54.1989,        90,
   54.2191,       101,
   54.2393,        93,
   54.2594,        86,
   54.2796,       105,
   54.2998,        80,
     54.32,        79,
   54.3402,        80,
   54.3604,        88,
   54.3806,        84,
   54.4008,        87,
    54.421,        92,
   54.4412,        87,
   54.4614,        89,
   54.4815,        81,
   54.5017,       101,
   54.5219,        86,
   54.5421,        79,
   54.5623,        88,
   54.5825,        78,
   54.6027,        96,
   54.6229,        89,
   54.6431,        80,
   54.6633,        83,
   54.6834,        87,
   54.7036,       110,
   54.7238,        94,
    54.744,        86,
   54.7642,       104,
   54.7844,       101,
   54.8046,       105,
   54.8248,       102,
    54.845,        95,
   54.8652,        92,
   54.8854,        93,
   54.9055,        86,
   54.9257,       101,
   54.9459,        89,
   54.9661,        89,
   54.9863,       109,
   55.0065,        94,
   55.0267,       100,
   55.0469,       100,
   55.0671,       105,
   55.0873,        96,
   55.1074,        88,
   55.1276,        90,
   55.1478,       104,
    55.168,        99,
   55.1882,       105,
   55.2084,        94,
   55.2286,        91,
   55.2488,        95,
    55.269,       114,
   55.2892,       104,
   55.3094,        97,
   55.3295,        90,
   55.3497,       101,
   55.3699,       108,
   55.3901,       108,
   55.4103,        81,
   55.4305,        94,
   55.4507,       101,
   55.4709,        88,
   55.4911,        82,
   55.5113,        81,
   55.5314,        97,
   55.5516,        93,
   55.5718,       105,
    55.592,       102,
   55.6122,        91,
   55.6324,        83,
   55.6526,       114,
   55.6728,       111,
    55.693,       106,
   55.7132,       106,
   55.7334,       106,
   55.7535,       101,
   55.7737,        84,
   55.7939,       102,
   55.8141,       104,
   55.8343,        94,
   55.8545,        98,
   55.8747,       110,
   55.8949,       101,
   55.9151,       106,
   55.9353,        95,
   55.9555,        96,
   55.9756,       118,
   55.9958,       106,
    56.016,        91,
   56.0362,       101,
   56.0564,        96,
   56.0766,        95,
   56.0968,       118,
    56.117,       104,
   56.1372,        97,
   56.1574,       122,
   56.1775,       109,
   56.1977,       106,
   56.2179,       106,
   56.2381,        99,
   56.2583,        99,
   56.2785,       129,
   56.2987,       112,
   56.3189,       139,
   56.3391,       117,
   56.3593,       155,
   56.3795,       132,
   56.3996,       144,
   56.4198,       164,
     56.44,       164,
   56.4602,       164,
   56.4804,       184,
   56.5006,       169,
   56.5208,       219,
    56.541,       205,
   56.5612,       230,
   56.5814,       247,
   56.6015,       268,
   56.6217,       242,
   56.6419,       238,
   56.6621,       271,
   56.6823,       272,
   56.7025,       314,
   56.7227,       380,
   56.7429,       490,
   56.7631,       730,
   56.7833,      1287,
   56.8035,      2619,
   56.8236,      5195,
   56.8438,      7701,
    56.864,      6940,
   56.8842,      3807,
   56.9044,      1714,
   56.9246,      1096,
   56.9448,      1170,
    56.965,      2003,
   56.9852,      3313,
   57.0054,      3961,
   57.0256,      3051,
   57.0457,      1613,
   57.0659,       770,
   57.0861,       459,
   57.1063,       300,
   57.1265,       261,
   57.1467,       230,
   57.1669,       232,
   57.1871,       186,
   57.2073,       203,
   57.2275,       178,
   57.2476,       165,
   57.2678,       139,
    57.288,       153,
   57.3082,       151,
   57.3284,       125,
   57.3486,       145,
   57.3688,       117,
    57.389,       129,
   57.4092,       118,
   57.4294,       107,
   57.4496,       128,
   57.4697,       102,
   57.4899,       124,
   57.5101,       131,
   57.5303,       128,
   57.5505,       100,
   57.5707,       121,
   57.5909,       119,
   57.6111,       120,
   57.6313,        86,
   57.6515,        98,
   57.6716,       113,
   57.6918,        96,
    57.712,        90,
   57.7322,        98,
   57.7524,       108,
   57.7726,        90,
   57.7928,       101,
    57.813,       106,
   57.8332,       102,
   57.8534,        99,
   57.8736,        97,
   57.8937,       107,
   57.9139,        92,
   57.9341,       102,
   57.9543,       107,
   57.9745,        94,
   57.9947,       104,
   58.0149,        88,
   58.0351,       105,
   58.0553,        94,
   58.0755,        99,
   58.0957,        89,
   58.1158,        98,
    58.136,        98,
   58.1562,        80,
   58.1764,        94,
   58.1966,       106,
   58.2168,        82,
    58.237,        86,
   58.2572,        92,
   58.2774,        87,
   58.2976,       105,
   58.3177,        90,
   58.3379,       105,
   58.3581,        86,
   58.3783,        80,
   58.3985,        90,
   58.4187,        82,
   58.4389,        98,
   58.4591,        90,
   58.4793,        85,
   58.4995,        81,
   58.5197,        94,
   58.5398,        87,
     58.56,       102,
   58.5802,        76,
   58.6004,        77,
   58.6206,        93,
   58.6408,        78,
    58.661,       101,
   58.6812,        96,
   58.7014,        98,
   58.7216,        88,
   58.7417,        85,
   58.7619,        86,
   58.7821,        83,
   58.8023,        80,
   58.8225,        90,
   58.8427,        73,
   58.8629,        75,
   58.8831,        96,
   58.9033,        77,
   58.9235,        66,
   58.9437,        85,
   58.9638,        79,
    58.984,        87,
   59.0042,        92,
   59.0244,        79,
   59.0446,        82,
   59.0648,        88,
    59.085,        83,
   59.1052,        89,
   59.1254,        65,
   59.1456,        73,
   59.1658,        91,
   59.1859,        88,
   59.2061,        92,
   59.2263,        74,
   59.2465,       113,
   59.2667,        75,
   59.2869,        76,
   59.3071,        79,
   59.3273,        81,
   59.3475,        94,
   59.3677,        93,
   59.3878,       111,
    59.408,       101,
   59.4282,        96,
   59.4484,       114,
   59.4686,        85,
   59.4888,       109,
    59.509,        95,
   59.5292,        72,
   59.5494,        79,
   59.5696,       113,
   59.5898,        96,
   59.6099,        82,
   59.6301,        67,
   59.6503,        78,
   59.6705,        72,
   59.6907,       106,
   59.7109,        76,
   59.7311,        81,
   59.7513,        76,
   59.7715,        75,
   59.7917,        82,
   59.8118,        72,
    59.832,        72,
   59.8522,        86,
   59.8724,        86,
   59.8926,        85,
   59.9128,        83,
    59.933,       100,
   59.9532,        78,
   59.9734,       113,
   59.9936,        96,
   60.0138,        80,
   60.0339,        90,
   60.0541,        78,
   60.0743,       106,
   60.0945,        86,
   60.1147,        89,
   60.1349,        82,
   60.1551,        81,
   60.1753,        96,
   60.1955,        97,
   60.2157,        78,
   60.2359,        98,
    60.256,        78,
   60.2762,        69,
   60.2964,        87,
   60.3166,        88,
   60.3368,        91,
    60.357,       100,
   60.3772,        79,
   60.3974,        80,
   60.4176,       107,
   60.4378,       101,
   60.4579,       116,
   60.4781,       134,
   60.4983,       139,
   60.5185,       109,
   60.5387,       105,
   60.5589,        97,
   60.5791,        92,
   60.5993,        88,
   60.6195,        96,
   60.6397,       125,
   60.6599,       132,
     60.68,       112,
   60.7002,       105,
   60.7204,        99,
   60.7406,        93,
   60.7608,        86,
    60.781,        80,
   60.8012,       100,
   60.8214,        77,
   60.8416,        78,
   60.8618,        90,
   60.8819,        81,
   60.9021,        86,
   60.9223,        71,
   60.9425,        82,
   60.9627,        82,
   60.9829,        69,
   61.0031,        84,
   61.0233,        80,
   61.0435,        77,
   61.0637,        98,
   61.0839,        72,
    61.104,        91,
   61.1242,        89,
   61.1444,        70,
   61.1646,        77,
   61.1848,        75,
    61.205,        85,
   61.2252,        83,
   61.2454,        75,
   61.2656,        84,
   61.2858,        86,
    61.306,        77,
   61.3261,        83,
   61.3463,        90,
   61.3665,        88,
   61.3867,        69,
   61.4069,        71,
   61.4271,        76,
   61.4473,        88,
   61.4675,        73,
   61.4877,        82,
   61.5079,        75,
    61.528,        83,
   61.5482,        86,
   61.5684,        91,
   61.5886,        85,
   61.6088,        69,
    61.629,        70,
   61.6492,        74,
   61.6694,        84,
   61.6896,        68,
   61.7098,        70,
     61.73,        75,
   61.7501,        73,
   61.7703,        99,
   61.7905,        84,
   61.8107,        84,
   61.8309,        71,
   61.8511,        68,
   61.8713,        73,
   61.8915,        77,
   61.9117,        56,
   61.9319,        85,
    61.952,        85,
   61.9722,        84,
   61.9924,        86,
   62.0126,        83,
   62.0328,        91,
    62.053,        85,
   62.0732,        82,
   62.0934,        98,
   62.1136,        85,
   62.1338,        82,
    62.154,        73,
   62.1741,        93,
   62.1943,        93,
   62.2145,        76,
   62.2347,        76,
   62.2549,        85,
   62.2751,        85,
   62.2953,        77,
   62.3155,        77,
   62.3357,        76,
   62.3559,        73,
   62.3761,        85,
   62.3962,        78,
   62.4164,        78,
   62.4366,        67,
   62.4568,        80,
    62.477,        69,
   62.4972,        84,
   62.5174,        75,
   62.5376,        77,
   62.5578,        84,
    62.578,        90,
   62.5981,        75,
   62.6183,        74,
   62.6385,        64,
   62.6587,        88,
   62.6789,        90,
   62.6991,        78,
   62.7193,        66,
   62.7395,        77,
   62.7597,        74,
   62.7799,        79,
   62.8001,        84,
   62.8202,        68,
   62.8404,        75,
   62.8606,        84,
   62.8808,        73,
    62.901,        69,
   62.9212,        87,
   62.9414,        95,
   62.9616,        70,
   62.9818,        78,
    63.002,        66,
   63.0221,        74,
   63.0423,        87,
   63.0625,        79,
   63.0827,        84,
   63.1029,        98,
   63.1231,       126,
   63.1433,       137,
   63.1635,       147,
   63.1837,       152,
   63.2039,        91,
   63.2241,        78,
   63.2442,        85,
   63.2644,        91,
   63.2846,        87,
   63.3048,       103,
    63.325,       118,
   63.3452,       117,
   63.3654,       114,
   63.3856,        72,
   63.4058,        65,
    63.426,        87,
   63.4462,        88,
   63.4663,        64,
   63.4865,       113,
   63.5067,        95,
   63.5269,        80,
   63.5471,        73,
   63.5673,        68,
   63.5875,        71,
   63.6077,        68,
   63.6279,        74,
   63.6481,        85,
   63.6682,        61,
   63.6884,        73,
   63.7086,        79,
   63.7288,        63,
    63.749,        85,
   63.7692,        76,
   63.7894,        66,
   63.8096,        70,
   63.8298,        72,
     63.85,        72,
   63.8702,        82,
   63.8903,        81,
   63.9105,        63,
   63.9307,        74,
   63.9509,        77,
   63.9711,        66,
   63.9913,        77,
   64.0115,        71,
   64.0317,        54,
   64.0519,        75,
   64.0721,        70,
   64.0922,        69,
   64.1124,        68,
   64.1326,        82,
   64.1528,        78,
    64.173,        65,
   64.1932,        70,
   64.2134,        68,
   64.2336,        73,
   64.2538,        69,
    64.274,        64,
   64.2942,        69,
   64.3143,        60,
   64.3345,        88,
   64.3547,        74,
   64.3749,        69,
   64.3951,        71,
   64.4153,        68,
   64.4355,        59,
   64.4557,        72,
   64.4759,        72,
   64.4961,        68,
   64.5162,        76,
   64.5364,        68,
   64.5566,        66,
   64.5768,        72,
    64.597,        71,
   64.6172,        78,
   64.6374,        70,
   64.6576,        82,
   64.6778,        77,
    64.698,        76,
   64.7182,        76,
   64.7383,        76,
   64.7585,        64,
   64.7787,        60,
   64.7989,        70,
   64.8191,        72,
   64.8393,        74,
   64.8595,        63,
   64.8797,        59,
   64.8999,        83,
   64.9201,        75,
   64.9403,        65,
   64.9604,        62,
   64.9806,        83,
   65.0008,        71,
    65.021,        83,
   65.0412,        68,
   65.0614,        59,
   65.0816,        77,
   65.1018,        73,
    65.122,        60,
   65.1422,        76,
   65.1623,        77,
   65.1825,        82,
   65.2027,        70,
   65.2229,        64,
   65.2431,        71,
   65.2633,        73,
   65.2835,        82,
   65.3037,        67,
   65.3239,        79,
   65.3441,        71,
   65.3643,        70,
   65.3844,        72,
   65.4046,        53,
   65.4248,        66,
    65.445,        76,
   65.4652,        65,
   65.4854,        74,
   65.5056,        80,
   65.5258,        64,
    65.546,        61,
   65.5662,        68,
   65.5863,        69,
   65.6065,        75,
   65.6267,        61,
   65.6469,        55,
   65.6671,        76,
   65.6873,        66,
   65.7075,        68,
   65.7277,        68,
   65.7479,        80,
   65.7681,        70,
   65.7883,        71,
   65.8084,        66,
   65.8286,        75,
   65.8488,        89,
    65.869,        79,
   65.8892,        61,
   65.9094,        76,
   65.9296,        72,
   65.9498,        73,
     65.97,        57,
   65.9902,        59,
   66.0104,        64,
   66.0305,        68,
   66.0507,        74,
   66.0709,        77,
   66.0911,        81,
   66.1113,        68,
   66.1315,        85,
   66.1517,        69,
   66.1719,        83,
   66.1921,        70,
   66.2123,        67,
   66.2324,        59,
   66.2526,        57,
   66.2728,        72,
    66.293,        69,
   66.3132,        72,
   66.3334,        61,
   66.3536,        70,
   66.3738,        73,
    66.394,        76,
   66.4142,        62,
   66.4344,        58,
   66.4545,        67,
   66.4747,        68,
   66.4949,        68,
   66.5151,        75,
   66.5353,        67,
   66.5555,        70,
   66.5757,        67,
   66.5959,        61,
   66.6161,        61,
   66.6363,        67,
   66.6564,        66,
   66.6766,        66,
   66.6968,        59,
    66.717,        78,
   66.7372,        70,
   66.7574,        69,
   66.7776,        73,
   66.7978,        55,
    66.818,        65,
   66.8382,        64,
   66.8584,        74,
   66.8785,        63,
   66.8987,        67,
   66.9189,        68,
   66.9391,        61,
   66.9593,        71,
   66.9795,        70,
   66.9997,        71,
   67.0199,        77,
   67.0401,        65,
   67.0603,        88,
   67.0805,        73,
   67.1006,        82,
   67.1208,        75,
    67.141,        79,
   67.1612,        74,
   67.1814,        72,
   67.2016,        77,
   67.2218,        72,
    67.242,        81,
   67.2622,        78,
   67.2824,        77,
   67.3025,        71,
   67.3227,        70,
   67.3429,        84,
   67.3631,        83,
   67.3833,        82,
   67.4035,        66,
   67.4237,        60,
   67.4439,        67,
   67.4641,        73,
   67.4843,        74,
   67.5045,        71,
   67.5246,        75,
   67.5448,        68,
    67.565,        85,
   67.5852,        75,
   67.6054,        73,
   67.6256,        77,
   67.6458,        73,
    67.666,        72,
   67.6862,        75,
   67.7064,        83,
   67.7265,        82,
   67.7467,        78,
   67.7669,        81,
   67.7871,        87,
   67.8073,        83,
   67.8275,        66,
   67.8477,        80,
   67.8679,        66,
   67.8881,        75,
   67.9083,       105,
   67.9285,        72,
   67.9486,        85,
   67.9688,        87,
    67.989,       105,
   68.0092,       113,
   68.0294,       105,
   68.0496,        95,
   68.0698,        90,
     68.09,        70,
   68.1102,        82,
   68.1304,        76,
   68.1506,        82,
   68.1707,        72,
   68.1909,        69,
   68.2111,        89,
   68.2313,        75,
   68.2515,        73,
   68.2717,        88,
   68.2919,        81,
   68.3121,        80,
   68.3323,        81,
   68.3525,        70,
   68.3726,        70,
   68.3928,        85,
    68.413,        94,
   68.4332,        75,
   68.4534,        65,
   68.4736,        79,
   68.4938,        73,
    68.514,        70,
   68.5342,        73,
   68.5544,        89,
   68.5746,        75,
   68.5947,        76,
   68.6149,        76,
   68.6351,        82,
   68.6553,        60,
   68.6755,        88,
   68.6957,        77,
   68.7159,        96,
   68.7361,        88,
   68.7563,        92,
   68.7765,        72,
   68.7966,        71,
   68.8168,        84,
    68.837,        86,
   68.8572,        78,
   68.8774,        95,
   68.8976,        89,
   68.9178,        94,
    68.938,        79,
   68.9582,       101,
   68.9784,       113,
   68.9986,        95,
   69.0187,       107,
   69.0389,        84,
   69.0591,        86,
   69.0793,        96,
   69.0995,        98,
   69.1197,       106,
   69.1399,        96,
   69.1601,        99,
   69.1803,       105,
   69.2005,       114,
   69.2207,       107,
   69.2408,       110,
    69.261,       133,
   69.2812,       126,
   69.3014,       140,
   69.3216,       147,
   69.3418,       165,
    69.362,       166,
   69.3822,       136,
   69.4024,       133,
   69.4226,       144,
   69.4427,       153,
   69.4629,       156,
   69.4831,       154,
   69.5033,       187,
   69.5235,       195,
   69.5437,       212,
   69.5639,       293,
   69.5841,       351,
   69.6043,       522,
   69.6245,       879,
   69.6447,      1563,
   69.6648,      2858,
    69.685,      4049,
   69.7052,      3928,
   69.7254,      2658,
   69.7456,      1390,
   69.7658,       752,
    69.786,       521,
   69.8062,       505,
   69.8264,       631,
   69.8466,      1017,
   69.8667,      1669,
   69.8869,      2076,
   69.9071,      1998,
   69.9273,      1317,
   69.9475,       720,
   69.9677,       412,
   69.9879,       243,
   70.0081,       189,
   70.0283,       188,
   70.0485,       170,
   70.0687,       156,
   70.0888,       137,
    70.109,       103,
   70.1292,       122,
   70.1494,       125,
   70.1696,       114,
   70.1898,       110,
     70.21,       105,
   70.2302,        97,
   70.2504,       105,
   70.2706,       121,
   70.2908,        99,
   70.3109,       106,
   70.3311,       101,
   70.3513,        85,
   70.3715,       113,
   70.3917,       104,
   70.4119,        88,
   70.4321,        86,
   70.4523,        77,
   70.4725,        85,
   70.4927,        78,
   70.5128,        86,
    70.533,        79,
   70.5532,        95,
   70.5734,        74,
   70.5936,        94,
   70.6138,        97,
    70.634,        81,
   70.6542,        91,
   70.6744,        69,
   70.6946,        72,
   70.7148,        92,
   70.7349,        75,
   70.7551,        89,
   70.7753,        76,
   70.7955,       108,
   70.8157,        87,
   70.8359,        74,
   70.8561,        67,
   70.8763,        67,
   70.8965,        97,
   70.9167,        72,
   70.9368,        85,
    70.957,        75,
   70.9772,        90,
   70.9974,        86,
   71.0176,        69,
   71.0378,        83,
    71.058,        84,
   71.0782,        76,
   71.0984,        73,
   71.1186,        79,
   71.1388,        81,
   71.1589,        68,
   71.1791,        69,
   71.1993,        84,
   71.2195,        61,
   71.2397,        81,
   71.2599,        99,
   71.2801,        82,
   71.3003,        74,
   71.3205,        77,
   71.3407,        86,
   71.3609,        62,
    71.381,        63,
   71.4012,        59,
   71.4214,        76,
   71.4416,        68,
   71.4618,        77,
    71.482,        74,
   71.5022,        68,
   71.5224,        73,
   71.5426,        72,
   71.5628,        91,
   71.5829,        78,
   71.6031,        67,
   71.6233,        68,
   71.6435,        83,
   71.6637,        64,
   71.6839,        69,
   71.7041,        82,
   71.7243,        70,
   71.7445,        82,
   71.7647,        70,
   71.7849,        69,
    71.805,        75,
   71.8252,        76,
   71.8454,        65,
   71.8656,        71,
   71.8858,        71,
    71.906,        86,
   71.9262,        77,
   71.9464,        63,
   71.9666,        78,
   71.9868,        67,
   72.0069,        78,
   72.0271,        57,
   72.0473,        73,
   72.0675,        70,
   72.0877,        77,
   72.1079,        66,
   72.1281,        73,
   72.1483,        71,
   72.1685,        82,
   72.1887,        79,
   72.2089,        73,
    72.229,        79,
   72.2492,        67,
   72.2694,        68,
   72.2896,        59,
   72.3098,        53,
     72.33,        69,
   72.3502,        66,
   72.3704,        70,
   72.3906,        85,
   72.4108,        69,
   72.4309,        82,
   72.4511,        73,
   72.4713,        74,
   72.4915,        81,
   72.5117,        70,
   72.5319,        74,
   72.5521,        75,
   72.5723,        62,
   72.5925,        71,
   72.6127,        78,
   72.6329,        66,
    72.653,        71,
   72.6732,        81,
   72.6934,        57,
   72.7136,        78,
   72.7338,        66,
    72.754,        86,
   72.7742,        79,
   72.7944,        64,
   72.8146,        72,
   72.8348,        54,
    72.855,        73,
   72.8751,        72,
   72.8953,        83,
   72.9155,        85,
   72.9357,        77,
   72.9559,        83,
   72.9761,        75,
   72.9963,        76,
   73.0165,        85,
   73.0367,        64,
   73.0569,        74,
    73.077,        76,
   73.0972,        75,
   73.1174,        66,
   73.1376,        74,
   73.1578,        79,
    73.178,        76,
   73.1982,        79,
   73.2184,        85,
   73.2386,        87,
   73.2588,        68,
    73.279,        61,
   73.2991,        68,
   73.3193,        69,
   73.3395,        66,
   73.3597,        89,
   73.3799,        80,
   73.4001,        67,
   73.4203,        70,
   73.4405,       103,
   73.4607,        97,
   73.4809,        94,
    73.501,        95,
   73.5212,        90,
   73.5414,        87,
   73.5616,        96,
   73.5818,       103,
    73.602,        98,
   73.6222,        71,
   73.6424,        97,
   73.6626,        94,
   73.6828,        86,
    73.703,        90,
   73.7231,        94,
   73.7433,        94,
   73.7635,        77,
   73.7837,        92,
   73.8039,       101,
   73.8241,       102,
   73.8443,        93,
   73.8645,        77,
   73.8847,        90,
   73.9049,        94,
   73.9251,       100,
   73.9452,        72,
   73.9654,        86,
   73.9856,        93,
   74.0058,        96,
    74.026,       105,
   74.0462,        98,
   74.0664,       119,
   74.0866,       112,
   74.1068,       100,
    74.127,       114,
   74.1471,        96,
   74.1673,       100,
   74.1875,       112,
   74.2077,       105,
   74.2279,       111,
   74.2481,       102,
   74.2683,       112,
   74.2885,       106,
   74.3087,        89,
   74.3289,       103,
   74.3491,        82,
   74.3692,       112,
   74.3894,       105,
   74.4096,       100,
   74.4298,       106,
     74.45,        81,
   74.4702,        94,
   74.4904,        94,
   74.5106,       103,
   74.5308,        89,
    74.551,        94,
   74.5711,       112,
   74.5913,       104,
   74.6115,        87,
   74.6317,       123,
   74.6519,        85,
   74.6721,       116,
   74.6923,       121,
   74.7125,       104,
   74.7327,       105,
   74.7529,       108,
   74.7731,        95,
   74.7932,       112,
   74.8134,       100,
   74.8336,       108,
   74.8538,       119,
    74.874,       120,
   74.8942,       123,
   74.9144,       136,
   74.9346,       126,
   74.9548,       115,
    74.975,       131,
   74.9952,       119,
   75.0153,       103,
   75.0355,       127,
   75.0557,       110,
   75.0759,       110,
   75.0961,       116,
   75.1163,       112,
   75.1365,       125,
   75.1567,       114,
   75.1769,       132,
   75.1971,       127,
   75.2172,       103,
   75.2374,        98,
   75.2576,       109,
   75.2778,       139,
    75.298,       115,
   75.3182,       125,
   75.3384,       116,
   75.3586,       100,
   75.3788,       112,
    75.399,       115,
   75.4192,       130,
   75.4393,       134,
   75.4595,       142,
   75.4797,       129,
   75.4999,       121,
   75.5201,       142,
   75.5403,       137,
   75.5605,       133,
   75.5807,       155,
   75.6009,       124,
   75.6211,       137,
   75.6412,       139,
   75.6614,       153,
   75.6816,       141,
   75.7018,       130,
    75.722,       148,
   75.7422,       149,
   75.7624,       154,
   75.7826,       131,
   75.8028,       155,
    75.823,       154,
   75.8432,       145,
   75.8633,       160,
   75.8835,       159,
   75.9037,       175,
   75.9239,       162,
   75.9441,       198,
   75.9643,       201,
   75.9845,       230,
   76.0047,       220,
   76.0249,       297,
   76.0451,       290,
   76.0653,       314,
   76.0854,       307,
   76.1056,       340,
   76.1258,       358,
    76.146,       392,
   76.1662,       354,
   76.1864,       393,
   76.2066,       367,
   76.2268,       353,
    76.247,       375,
   76.2672,       433,
   76.2873,       434,
   76.3075,       492,
   76.3277,       579,
   76.3479,       700,
   76.3681,       869,
   76.3883,      1245,
   76.4085,      1764,
   76.4287,      2881,
   76.4489,      5259,
   76.4691,      9231,
   76.4893,     13286,
   76.5094,     13578,
   76.5296,     10169,
   76.5498,      5524,
     76.57,      2886,
   76.5902,      1859,
   76.6104,      1360,
   76.6306,      1432,
   76.6508,      1761,
    76.671,      2869,
   76.6912,      4513,
   76.7113,      6264,
   76.7315,      7059,
   76.7517,      5564,
   76.7719,      3359,
   76.7921,      1786,
   76.8123,      1109,
   76.8325,       778,
   76.8527,       545,
   76.8729,       482,
   76.8931,       383,
   76.9133,       358,
   76.9334,       303,
   76.9536,       292,
   76.9738,       291,
    76.994,       291,
   77.0142,       249,
   77.0344,       247,
   77.0546,       247,
   77.0748,       212,
    77.095,       206,
   77.1152,       195,
   77.1354,       202,
   77.1555,       180,
   77.1757,       186,
   77.1959,       174,
   77.2161,       199,
   77.2363,       160,
   77.2565,       172,
   77.2767,       164,
   77.2969,       190,
   77.3171,       151,
   77.3373,       134,
   77.3574,       168,
   77.3776,       143,
   77.3978,       175,
    77.418,       157,
   77.4382,       139,
   77.4584,       140,
   77.4786,       137,
   77.4988,       134,
    77.519,       138,
   77.5392,       137,
   77.5594,       141,
   77.5795,       127,
   77.5997,       137,
   77.6199,       144,
   77.6401,       118,
   77.6603,       131,
   77.6805,       128,
   77.7007,       125,
   77.7209,       121,
   77.7411,       116,
   77.7613,       118,
   77.7814,       115,
   77.8016,       116,
   77.8218,       132,
    77.842,       118,
   77.8622,       111,
   77.8824,       101,
   77.9026,        99,
   77.9228,       116,
    77.943,       130,
   77.9632,       107,
   77.9834,       126,
   78.0035,       120,
   78.0237,       103,
   78.0439,        94,
   78.0641,       106,
   78.0843,       112,
   78.1045,       104,
   78.1247,       108,
   78.1449,       109,
   78.1651,       113,
   78.1853,       109,
   78.2055,       101,
   78.2256,       103,
   78.2458,        94,
    78.266,       114,
   78.2862,       126,
   78.3064,        99,
   78.3266,       110,
   78.3468,       121,
    78.367,       109,
   78.3872,        98,
   78.4074,        91,
   78.4275,       105,
   78.4477,       100,
   78.4679,       107,
   78.4881,        94,
   78.5083,        88,
   78.5285,        99,
   78.5487,        94,
   78.5689,       111,
   78.5891,        93,
   78.6093,       106,
   78.6295,        98,
   78.6496,        83,
   78.6698,        85,
     78.69,       108,
   78.7102,        75,
   78.7304,        92,
   78.7506,        82,
   78.7708,       104,
    78.791,        91,
   78.8112,       111,
   78.8314,        97,
   78.8515,        95,
   78.8717,        92,
   78.8919,        82,
   78.9121,        88,
   78.9323,       109,
   78.9525,        91,
   78.9727,        94,
   78.9929,        99,
   79.0131,        91,
   79.0333,        88,
   79.0535,        94,
   79.0736,        90,
   79.0938,        92,
    79.114,        66,
   79.1342,        82,
   79.1544,        88,
   79.1746,        90,
   79.1948,        96,
    79.215,        81,
   79.2352,        79,
   79.2554,        93,
   79.2756,        84,
   79.2957,        83,
   79.3159,        83,
   79.3361,        96,
   79.3563,        88,
   79.3765,        98,
   79.3967,        96,
   79.4169,        84,
   79.4371,        91,
   79.4573,        99,
   79.4775,        86,
   79.4976,       102,
   79.5178,        81,
    79.538,        95,
   79.5582,        89,
   79.5784,        98,
   79.5986,        90,
   79.6188,        90,
    79.639,        94,
   79.6592,        83,
   79.6794,        98,
   79.6996,        90,
   79.7197,        78,
   79.7399,       103,
   79.7601,        86,
   79.7803,        87,
   79.8005,        90,
   79.8207,        94,
   79.8409,        86,
   79.8611,        84,
   79.8813,        90,
   79.9015,        84,
   79.9216,        93,
   79.9418,        87,
    79.962,        88,
   79.9822,        94,
   80.0024,        89,
   80.0226,        91,
   80.0428,        86,
    80.063,        85,
   80.0832,       104,
   80.1034,        93,
   80.1236,        92,
   80.1437,        90,
   80.1639,        95,
   80.1841,        86,
   80.2043,        89,
   80.2245,        83,
   80.2447,       102,
   80.2649,        94,
   80.2851,        79,
   80.3053,        70,
   80.3255,        97,
   80.3456,        96,
   80.3658,        96,
    80.386,        88,
   80.4062,        59,
   80.4264,        84,
   80.4466,        90,
   80.4668,        71,
    80.487,        77,
   80.5072,        83,
   80.5274,        88,
   80.5476,        83,
   80.5677,        97,
   80.5879,        93,
   80.6081,        73,
   80.6283,        89,
   80.6485,        81,
   80.6687,        89,
   80.6889,        87,
   80.7091,        95,
   80.7293,        75,
   80.7495,        79,
   80.7697,        96,
   80.7898,        91,
     80.81,        93,
   80.8302,        95,
   80.8504,       105,
   80.8706,        90,
   80.8908,        82,
    80.911,        85,
   80.9312,        91,
   80.9514,        79,
   80.9716,        93,
   80.9917,        85,
   81.0119,        93,
   81.0321,        80,
   81.0523,        80,
   81.0725,        82,
   81.0927,        82,
   81.1129,       100,
   81.1331,        72,
   81.1533,        76,
   81.1735,        86,
   81.1937,        87,
   81.2138,        88,
    81.234,        80,
   81.2542,        95,
   81.2744,        84,
   81.2946,        98,
   81.3148,        83,
    81.335,        76,
   81.3552,        74,
   81.3754,        84,
   81.3956,        84,
   81.4157,        85,
   81.4359,        76,
   81.4561,        82,
   81.4763,        88,
   81.4965,        83,
   81.5167,        81,
   81.5369,        76,
   81.5571,        94,
   81.5773,        90,
   81.5975,        81,
   81.6177,        94,
   81.6378,        83,
    81.658,        87,
   81.6782,        90,
   81.6984,        89,
   81.7186,        85,
   81.7388,        73,
    81.759,        95,
   81.7792,        96,
   81.7994,       108,
   81.8196,        92,
   81.8398,        69,
   81.8599,        87,
   81.8801,        82,
   81.9003,        78,
   81.9205,        93,
   81.9407,        87,
   81.9609,        83,
   81.9811,       104,
   82.0013,        84,
   82.0215,        90,
   82.0417,        92,
   82.0618,        90,
    82.082,       117,
   82.1022,        97,
   82.1224,        74,
   82.1426,       105,
   82.1628,        84,
    82.183,        91,
   82.2032,        91,
   82.2234,        89,
   82.2436,       104,
   82.2638,        94,
   82.2839,       105,
   82.3041,        82,
   82.3243,        90,
   82.3445,        89,
   82.3647,        86,
   82.3849,        93,
   82.4051,       101,
   82.4253,       100,
   82.4455,        93,
   82.4657,        79,
   82.4858,       124,
    82.506,        85,
   82.5262,        74,
   82.5464,        96,
   82.5666,       100,
   82.5868,        86,
    82.607,        92,
   82.6272,        99,
   82.6474,       117,
   82.6676,       105,
   82.6878,       100,
   82.7079,        86,
   82.7281,       106,
   82.7483,        91,
   82.7685,       103,
   82.7887,        92,
   82.8089,        99,
   82.8291,       107,
   82.8493,       108,
   82.8695,        84,
   82.8897,        90,
   82.9099,        89,
     82.93,       113,
   82.9502,       111,
   82.9704,       103,
   82.9906,       116,
   83.0108,       121,
    83.031,       115,
   83.0512,       124,
   83.0714,       125,
   83.0916,       135,
   83.1118,       153,
   83.1319,       174,
   83.1521,       153,
   83.1723,       145,
   83.1925,       170,
   83.2127,       177,
   83.2329,       149,
   83.2531,       170,
   83.2733,       176,
   83.2935,       171,
   83.3137,       151,
   83.3339,       157,
    83.354,       181,
   83.3742,       175,
   83.3944,       186,
   83.4146,       225,
   83.4348,       229,
    83.455,       230,
   83.4752,       264,
   83.4954,       324,
   83.5156,       405,
   83.5358,       537,
   83.5559,       778,
   83.5761,      1253,
   83.5963,      2243,
   83.6165,      3391,
   83.6367,      4450,
   83.6569,      4270,
   83.6771,      3037,
   83.6973,      1811,
   83.7175,      1008,
   83.7377,       689,
   83.7579,       485,
    83.778,       444,
   83.7982,       478,
   83.8184,       609,
   83.8386,       892,
   83.8588,      1357,
    83.879,      1899,
   83.8992,      2309,
   83.9194,      2034,
   83.9396,      1376,
   83.9598,       837,
     83.98,       531,
   84.0001,       325,
   84.0203,       286,
   84.0405,       234,
   84.0607,       212,
   84.0809,       157,
   84.1011,       149,
   84.1213,       146,
   84.1415,       145,
   84.1617,       155,
   84.1819,       146,
    84.202,       128,
   84.2222,       132,
   84.2424,       124,
   84.2626,       134,
   84.2828,       116,
    84.303,       134,
   84.3232,       120,
   84.3434,       117,
   84.3636,       108,
   84.3838,       114,
    84.404,       119,
   84.4241,       101,
   84.4443,        91,
   84.4645,       128,
   84.4847,       118,
   84.5049,       103,
   84.5251,        82,
   84.5453,       102,
   84.5655,       108,
   84.5857,        99,
   84.6059,        84,
    84.626,        98,
   84.6462,       107,
   84.6664,        98,
   84.6866,        91,
   84.7068,        99,
    84.727,        90,
   84.7472,        92,
   84.7674,        84,
   84.7876,        98,
   84.8078,       101,
    84.828,        81,
   84.8481,        97,
   84.8683,        85,
   84.8885,        85,
   84.9087,        91,
   84.9289,        89,
   84.9491,        76,
   84.9693,        88,
   84.9895,        77,
   85.0097,        82,
   85.0299,        93,
   85.0501,        95,
   85.0702,        81,
   85.0904,        90,
   85.1106,        93,
   85.1308,        90,
    85.151,        82,
   85.1712,        84,
   85.1914,        80,
   85.2116,        85,
   85.2318,        88,
    85.252,        80,
   85.2721,        94,
   85.2923,        81,
   85.3125,        64,
   85.3327,        80,
   85.3529,        74,
   85.3731,        74,
   85.3933,        83,
   85.4135,        75,
   85.4337,        88,
   85.4539,        75,
   85.4741,        79,
   85.4942,        77,
   85.5144,        91,
   85.5346,        77,
   85.5548,        95,
    85.575,        75,
   85.5952,        69,
   85.6154,        91,
   85.6356,        87,
   85.6558,        78,
    85.676,        87,
   85.6961,        80,
   85.7163,        76,
   85.7365,        85,
   85.7567,        73,
   85.7769,        95,
   85.7971,        77,
   85.8173,        77,
   85.8375,        79,
   85.8577,        93,
   85.8779,        92,
   85.8981,        89,
   85.9182,        83,
   85.9384,        71,
   85.9586,        87,
   85.9788,        79,
    85.999,        75,
   86.0192,        77,
   86.0394,        82,
   86.0596,        82,
   86.0798,        62,
      86.1,        71,
   86.1202,        85,
   86.1403,        89,
   86.1605,        74,
   86.1807,        86,
   86.2009,        56,
   86.2211,        81,
   86.2413,        75,
   86.2615,        76,
   86.2817,       106,
   86.3019,        78,
   86.3221,        76,
   86.3422,        80,
   86.3624,        91,
   86.3826,        85,
   86.4028,        80,
    86.423,        67,
   86.4432,        61,
   86.4634,        66,
   86.4836,        70,
   86.5038,        68,
    86.524,        77,
   86.5442,        72,
   86.5643,        63,
   86.5845,        64,
   86.6047,        89,
   86.6249,        67,
   86.6451,        68,
   86.6653,        66,
   86.6855,        85,
   86.7057,        72,
   86.7259,        59,
   86.7461,        72,
   86.7662,        83,
   86.7864,        89,
   86.8066,        68,
   86.8268,        68,
    86.847,        86,
   86.8672,        83,
   86.8874,        74,
   86.9076,        68,
   86.9278,        65,
    86.948,        83,
   86.9682,        75,
   86.9883,        80,
   87.0085,        71,
   87.0287,        67,
   87.0489,        74,
   87.0691,        59,
   87.0893,        85,
   87.1095,        64,
   87.1297,        76,
   87.1499,        71,
   87.1701,        66,
   87.1903,        75,
   87.2104,        63,
   87.2306,        67,
   87.2508,        75,
    87.271,        73,
   87.2912,        75,
   87.3114,        69,
   87.3316,        70,
   87.3518,        74,
    87.372,        76,
   87.3922,        62,
   87.4123,        72,
   87.4325,        81,
   87.4527,        64,
   87.4729,        84,
   87.4931,        72,
   87.5133,        73,
   87.5335,        71,
   87.5537,        65,
   87.5739,        77,
   87.5941,        77,
   87.6143,        53,
   87.6344,        80,
   87.6546,        78,
   87.6748,        88,
    87.695,        78,
   87.7152,        69,
   87.7354,        63,
   87.7556,        75,
   87.7758,        80,
    87.796,        61,
   87.8162,        61,
   87.8363,        72,
   87.8565,        80,
   87.8767,        71,
   87.8969,        70,
   87.9171,        69,
   87.9373,        78,
   87.9575,        66,
   87.9777,        71,
   87.9979,        72,
   88.0181,        66,
   88.0383,        84,
   88.0584,        69,
   88.0786,        66,
   88.0988,        85,
    88.119,        70,
   88.1392,        76,
   88.1594,        68,
   88.1796,        57,
   88.1998,        66,
     88.22,        79,
   88.2402,        83,
   88.2604,        74,
   88.2805,        66,
   88.3007,        75,
   88.3209,        77,
   88.3411,        71,
   88.3613,        67,
   88.3815,        68,
   88.4017,        75,
   88.4219,        68,
   88.4421,        86,
   88.4623,        74,
   88.4824,        71,
   88.5026,        90,
   88.5228,        72,
    88.543,        88,
   88.5632,        75,
   88.5834,        75,
   88.6036,        70,
   88.6238,        68,
    88.644,        71,
   88.6642,        69,
   88.6844,        81,
   88.7045,        74,
   88.7247,        80,
   88.7449,        84,
   88.7651,        76,
   88.7853,        74,
   88.8055,        71,
   88.8257,        75,
   88.8459,        80,
   88.8661,        58,
   88.8863,        72,
   88.9064,        81,
   88.9266,        82,
   88.9468,        69,
    88.967,        75,
   88.9872,        82,
   89.0074,        69,
   89.0276,        79,
   89.0478,        65,
    89.068,        77,
   89.0882,        73,
   89.1084,        83,
   89.1285,        89,
   89.1487,        62,
   89.1689,        59,
   89.1891,        66,
   89.2093,        73,
   89.2295,        71,
   89.2497,        79,
   89.2699,        72,
   89.2901,        75,
   89.3103,        75,
   89.3304,        62,
   89.3506,        84,
   89.3708,        69,
    89.391,        65,
   89.4112,        84,
   89.4314,        71,
   89.4516,        73,
   89.4718,        68,
    89.492,        82,
   89.5122,        75,
   89.5324,        75,
   89.5525,        72,
   89.5727,        70,
   89.5929,        76,
   89.6131,        75,
   89.6333,        82,
   89.6535,        60,
   89.6737,        60,
   89.6939,        83,
   89.7141,        80,
   89.7343,        81,
   89.7545,        81,
   89.7746,        85,
   89.7948,        83,
    89.815,        65,
   89.8352,        76,
   89.8554,        70,
   89.8756,        68,
   89.8958,        86,
    89.916,        80,
   89.9362,        80,
   89.9564,        76,
   89.9765,        70,
   89.9967,        68,
   90.0169,        81,
   90.0371,        91,
   90.0573,        79,
   90.0775,        77,
   90.0977,        80,
   90.1179,        67,
   90.1381,        83,
   90.1583,        72,
   90.1785,        71,
   90.1986,        93,
   90.2188,        91,
    90.239,        76,
   90.2592,        93,
   90.2794,        74,
   90.2996,        87,
   90.3198,        91,
     90.34,        86,
   90.3602,        92,
   90.3804,        77,
   90.4005,        85,
   90.4207,        73,
   90.4409,        83,
   90.4611,        85,
   90.4813,        99,
   90.5015,        89,
   90.5217,        84,
   90.5419,        87,
   90.5621,        71,
   90.5823,       100,
   90.6025,        80,
   90.6226,       100,
   90.6428,       110,
    90.663,       103,
   90.6832,        93,
   90.7034,       115,
   90.7236,       120,
   90.7438,       113,
    90.764,       115,
   90.7842,       105,
   90.8044,       122,
   90.8246,       115,
   90.8447,       117,
   90.8649,       105,
   90.8851,       106,
   90.9053,       114,
   90.9255,       114,
   90.9457,       114,
   90.9659,       150,
   90.9861,       145,
   91.0063,       141,
   91.0265,       167,
   91.0466,       191,
   91.0668,       241,
    91.087,       271,
   91.1072,       367,
   91.1274,       563,
   91.1476,       825,
   91.1678,      1383,
    91.188,      1965,
   91.2082,      2351,
   91.2284,      2164,
   91.2486,      1502,
   91.2687,       917,
   91.2889,       567,
   91.3091,       341,
   91.3293,       313,
   91.3495,       276,
   91.3697,       224,
   91.3899,       307,
   91.4101,       325,
   91.4303,       451,
   91.4505,       629,
   91.4706,       878,
   91.4908,      1162,
    91.511,      1147,
   91.5312,       917,
   91.5514,       682,
   91.5716,       399,
   91.5918,       296,
    91.612,       216,
   91.6322,       178,
   91.6524,       151,
   91.6726,       115,
   91.6927,       132,
   91.7129,       117,
   91.7331,       117,
   91.7533,        99,
   91.7735,       115,
   91.7937,       105,
   91.8139,        92,
   91.8341,        87,
   91.8543,       104,
   91.8745,        88,
   91.8947,        93,
   91.9148,       107,
    91.935,        74,
   91.9552,        93,
   91.9754,        91,
   91.9956,        91,
   92.0158,        69,
    92.036,        87,
   92.0562,        83,
   92.0764,        83,
   92.0966,        77,
   92.1167,        73,
   92.1369,        78,
   92.1571,        76,
   92.1773,        79,
   92.1975,        82,
   92.2177,        68,
   92.2379,        98,
   92.2581,        85,
   92.2783,        87,
   92.2985,        64,
   92.3187,        72,
   92.3388,        70,
    92.359,        71,
   92.3792,        72,
   92.3994,        74,
   92.4196,        61,
   92.4398,        98,
     92.46,        78,
   92.4802,        69,
   92.5004,        64,
   92.5206,        83,
   92.5407,        74,
   92.5609,        59,
   92.5811,        82,
   92.6013,        58,
   92.6215,        75,
   92.6417,        70,
   92.6619,        76,
   92.6821,        63,
   92.7023,        69,
   92.7225,        78,
   92.7427,        85,
   92.7628,        78,
    92.783,        77,
   92.8032,        60,
   92.8234,        79,
   92.8436,        69,
   92.8638,        69,
    92.884,        67,
   92.9042,        78,
   92.9244,        86,
   92.9446,        75,
   92.9648,        77,
   92.9849,        68,
   93.0051,        71,
   93.0253,        69,
   93.0455,        77,
   93.0657,        60,
   93.0859,        68,
   93.1061,        62,
   93.1263,        69,
   93.1465,        70,
   93.1667,        68,
   93.1868,        71,
    93.207,        55,
   93.2272,        61,
   93.2474,        74,
   93.2676,        76,
   93.2878,        71,
    93.308,        58,
   93.3282,        73,
   93.3484,        60,
   93.3686,        77,
   93.3888,        60,
   93.4089,        80,
   93.4291,        63,
   93.4493,        70,
   93.4695,        82,
   93.4897,        86,
   93.5099,        77,
   93.5301,        70,
   93.5503,        70,
   93.5705,        76,
   93.5907,        67,
   93.6108,        56,
    93.631,        64,
   93.6512,        63,
   93.6714,        74,
   93.6916,        63,
   93.7118,        70,
    93.732,        65,
   93.7522,        69,
   93.7724,        71,
   93.7926,        81,
   93.8128,        59,
   93.8329,        68,
   93.8531,        64,
   93.8733,        67,
   93.8935,        64,
   93.9137,        73,
   93.9339,        79,
   93.9541,        61,
   93.9743,        60,
   93.9945,        55,
   94.0147,        60,
   94.0349,        52,
    94.055,        57,
   94.0752,        61,
   94.0954,        87,
   94.1156,        59,
   94.1358,        74,
    94.156,        64,
   94.1762,        64,
   94.1964,        70,
   94.2166,        70,
   94.2368,        69,
   94.2569,        68,
   94.2771,        65,
   94.2973,        60,
   94.3175,        69,
   94.3377,        65,
   94.3579,        65,
   94.3781,        80,
   94.3983,        65,
   94.4185,        55,
   94.4387,        57,
   94.4589,        72,
    94.479,        68,
   94.4992,        67,
   94.5194,        64,
   94.5396,        73,
   94.5598,        68,
     94.58,        60,
   94.6002,        72,
   94.6204,        59,
   94.6406,        59,
   94.6608,        81,
   94.6809,        60,
   94.7011,        62,
   94.7213,        59,
   94.7415,        66,
   94.7617,        65,
   94.7819,        72,
   94.8021,        70,
   94.8223,        56,
   94.8425,        68,
   94.8627,        59,
   94.8829,        76,
    94.903,        65,
   94.9232,        78,
   94.9434,        60,
   94.9636,        51,
   94.9838,        65,
    95.004,        66,
   95.0242,        74,
   95.0444,        62,
   95.0646,        75,
   95.0848,        76,
    95.105,        73,
   95.1251,        58,
   95.1453,        66,
   95.1655,        59,
   95.1857,        62,
   95.2059,        67,
   95.2261,        48,
   95.2463,        61,
   95.2665,        58,
   95.2867,        81,
   95.3069,        59,
    95.327,        63,
   95.3472,        75,
   95.3674,        73,
   95.3876,        64,
   95.4078,        61,
    95.428,        71,
   95.4482,        69,
   95.4684,        65,
   95.4886,        57,
   95.5088,        65,
    95.529,        61,
   95.5491,        65,
   95.5693,        68,
   95.5895,        76,
   95.6097,        75,
   95.6299,        75,
   95.6501,        66,
   95.6703,        65,
   95.6905,        63,
   95.7107,        67,
   95.7309,        64,
    95.751,        70,
   95.7712,        56,
   95.7914,        66,
   95.8116,        52,
   95.8318,        76,
    95.852,        60,
   95.8722,        73,
   95.8924,        64,
   95.9126,        61,
   95.9328,        73,
    95.953,        53,
   95.9731,        65,
   95.9933,        78,
   96.0135,        72,
   96.0337,        58,
   96.0539,        62,
   96.0741,        58,
   96.0943,        64,
   96.1145,        66,
   96.1347,        73,
   96.1549,        68,
   96.1751,        69,
   96.1952,        61,
   96.2154,        58,
   96.2356,        47,
   96.2558,        54,
    96.276,        58,
   96.2962,        77,
   96.3164,        71,
   96.3366,        64,
   96.3568,        57,
    96.377,        62,
   96.3971,        67,
   96.4173,        63,
   96.4375,        55,
   96.4577,        50,
   96.4779,        71,
   96.4981,        64,
   96.5183,        66,
   96.5385,        66,
   96.5587,        68,
   96.5789,        78,
   96.5991,        69,
   96.6192,        83,
   96.6394,        73,
   96.6596,        73,
   96.6798,        77,
      96.7,        63,
   96.7202,        55,
   96.7404,        55,
   96.7606,        61,
   96.7808,        80,
    96.801,        66,
   96.8211,        71,
   96.8413,        74,
   96.8615,        73,
   96.8817,        84,
   96.9019,        71,
   96.9221,        69,
   96.9423,        73,
   96.9625,        62,
   96.9827,        59,
   97.0029,        66,
   97.0231,        79,
   97.0432,        72,
   97.0634,        64,
   97.0836,        77,
   97.1038,        57,
    97.124,        75,
   97.1442,        59,
   97.1644,        72,
   97.1846,        66,
   97.2048,        60,
    97.225,        73,
   97.2451,        58,
   97.2653,        70,
   97.2855,        63,
   97.3057,        55,
   97.3259,        51,
   97.3461,        64,
   97.3663,        66,
   97.3865,        59,
   97.4067,        62,
   97.4269,        64,
   97.4471,        76,
   97.4672,        52,
   97.4874,        52,
   97.5076,        62,
   97.5278,        56,
    97.548,        63,
   97.5682,        62,
   97.5884,        62,
   97.6086,        54,
   97.6288,        56,
    97.649,        61,
   97.6692,        71,
   97.6893,        50,
   97.7095,        65,
   97.7297,        57,
   97.7499,        65,
   97.7701,        67,
   97.7903,        54,
   97.8105,        66,
   97.8307,        69,
   97.8509,        56,
   97.8711,        63,
   97.8912,        66,
   97.9114,        61,
   97.9316,        83,
   97.9518,        50,
    97.972,        69,
   97.9922,        58,
   98.0124,        54,
   98.0326,        70,
   98.0528,        69,
    98.073,        66,
   98.0932,        55,
   98.1133,        77,
   98.1335,        61,
   98.1537,        75,
   98.1739,        72,
   98.1941,        62,
   98.2143,        67,
   98.2345,        65,
   98.2547,        67,
   98.2749,        70,
   98.2951,        61,
   98.3152,        45,
   98.3354,        69,
   98.3556,        65,
   98.3758,        59,
    98.396,        64,
   98.4162,        62,
   98.4364,        54,
   98.4566,        62,
   98.4768,        79,
    98.497,        64,
   98.5172,        47,
   98.5373,        57,
   98.5575,        67,
   98.5777,        62,
   98.5979,        59,
   98.6181,        64,
   98.6383,        71,
   98.6585,        56,
   98.6787,        64,
   98.6989,        59,
   98.7191,        47,
   98.7393,        60,
   98.7594,        72,
   98.7796,        78,
   98.7998,        73,
     98.82,        56,
   98.8402,        69,
   98.8604,        63,
   98.8806,        70,
   98.9008,        65,
    98.921,        66,
   98.9412,        54,
   98.9613,        62,
   98.9815,        78,
   99.0017,        68,
   99.0219,        77,
   99.0421,        69,
   99.0623,        64,
   99.0825,        65,
   99.1027,        56,
   99.1229,        60,
   99.1431,        75,
   99.1633,        62,
   99.1834,        62,
   99.2036,        70,
   99.2238,        72,
    99.244,        64,
   99.2642,        79,
   99.2844,        68,
   99.3046,        90,
   99.3248,        84,
    99.345,        92,
   99.3652,        76,
   99.3853,        61,
   99.4055,        87,
   99.4257,        70,
   99.4459,        60,
   99.4661,        70,
   99.4863,        71,
   99.5065,        55,
   99.5267,        60,
   99.5469,        77,
   99.5671,        91,
   99.5873,        81,
   99.6074,        64,
   99.6276,        67,
   99.6478,        78,
    99.668,        78,
   99.6882,        75,
   99.7084,        67,
   99.7286,        66,
   99.7488,        62,
    99.769,        68,
   99.7892,        64,
   99.8094,        54,
   99.8295,        66,
   99.8497,        67,
   99.8699,        79,
   99.8901,        61,
   99.9103,        66,
   99.9305,        68,
   99.9507,        66,
   99.9709,        65,
   99.9911,        62,
   100.011,        65,
   100.031,        49,
   100.052,        66,
   100.072,        61,
   100.092,        54,
   100.112,        64,
   100.132,        69,
   100.153,        68,
   100.173,        66,
   100.193,        55,
   100.213,        65,
   100.233,        73,
   100.254,        58,
   100.274,        70,
   100.294,        57,
   100.314,        68,
   100.334,        70,
   100.354,        75,
   100.375,        65,
   100.395,        59,
   100.415,        58,
   100.435,        54,
   100.455,        72,
   100.476,        66,
   100.496,        58,
   100.516,        65,
   100.536,        62,
   100.556,        62,
   100.577,        56,
   100.597,        62,
   100.617,        83,
   100.637,        62,
   100.657,        64,
   100.678,        62,
   100.698,        51,
   100.718,        53,
   100.738,        52,
   100.758,        65,
   100.778,        73,
   100.799,        68,
   100.819,        60,
   100.839,        78,
   100.859,        59,
   100.879,        72,
     100.9,        60,
    100.92,        57,
    100.94,        60,
    100.96,        63,
    100.98,        67,
   101.001,        64,
   101.021,        76,
   101.041,        56,
   101.061,        53,
   101.081,        70,
   101.102,        55,
   101.122,        66,
   101.142,        55,
   101.162,        70,
   101.182,        67,
   101.202,        62,
   101.223,        54,
   101.243,        68,
   101.263,        72,
   101.283,        63,
   101.303,        63,
   101.324,        66,
   101.344,        56,
   101.364,        64,
   101.384,        61,
   101.404,        65,
   101.425,        61,
   101.445,        61,
   101.465,        75,
   101.485,        61,
   101.505,        58,
   101.526,        68,
   101.546,        66,
   101.566,        69,
   101.586,        65,
   101.606,        71,
   101.627,        71,
   101.647,        68,
   101.667,        56,
   101.687,        70,
   101.707,        80,
   101.727,        59,
   101.748,        69,
   101.768,        67,
   101.788,        56,
   101.808,        60,
   101.828,        61,
   101.849,        71,
   101.869,        60,
   101.889,        80,
   101.909,        58,
   101.929,        61,
    101.95,        51,
    101.97,        60,
    101.99,        70,
    102.01,        55,
    102.03,        58,
   102.051,        56,
   102.071,        58,
   102.091,        63,
   102.111,        71,
   102.131,        67,
   102.151,        50,
   102.172,        76,
   102.192,        66,
   102.212,        60,
   102.232,        59,
   102.252,        63,
   102.273,        66,
   102.293,        65,
   102.313,        69,
   102.333,        56,
   102.353,        55,
   102.374,        60,
   102.394,        56,
   102.414,        47,
   102.434,        62,
   102.454,        67,
   102.475,        66,
   102.495,        64,
   102.515,        68,
   102.535,        67,
   102.555,        70,
   102.575,        72,
   102.596,        65,
   102.616,        67,
   102.636,        58,
   102.656,        53,
   102.676,        51,
   102.697,        62,
   102.717,        71,
   102.737,        60,
   102.757,        61,
   102.777,        65,
   102.798,        55,
   102.818,        60,
   102.838,        54,
   102.858,        53,
   102.878,        62,
   102.899,        59,
   102.919,        57,
   102.939,        62,
   102.959,        63,
   102.979,        62,
   102.999,        72,
    103.02,        72,
    103.04,        67,
    103.06,        61,
    103.08,        48,
     103.1,        57,
   103.121,        60,
   103.141,        54,
   103.161,        55,
   103.181,        64,
   103.201,        48,
   103.222,        65,
   103.242,        62,
   103.262,        58,
   103.282,        53,
   103.302,        65,
   103.323,        53,
   103.343,        66,
   103.363,        60,
   103.383,        58,
   103.403,        74,
   103.423,        67,
   103.444,        69,
   103.464,        64,
   103.484,        65,
   103.504,        54,
   103.524,        64,
   103.545,        58,
   103.565,        81,
   103.585,        61,
   103.605,        63,
   103.625,        55,
   103.646,        57,
   103.666,        47,
   103.686,        59,
   103.706,        63,
   103.726,        60,
   103.747,        54,
   103.767,        59,
   103.787,        65,
   103.807,        52,
   103.827,        58,
   103.847,        56,
   103.868,        68,
   103.888,        57,
   103.908,        68,
   103.928,        58,
   103.948,        86,
   103.969,        74,
   103.989,        55,
   104.009,        64,
   104.029,        65,
   104.049,        50,
    104.07,        51,
    104.09,        49,
    104.11,        66,
    104.13,        61,
    104.15,        58,
   104.171,        73,
   104.191,        58,
   104.211,        66,
   104.231,        67,
   104.251,        53,
   104.271,        61,
   104.292,        56,
   104.312,        65,
   104.332,        66,
   104.352,        80,
   104.372,        58,
   104.393,        57,
   104.413,        67,
   104.433,        65,
   104.453,        55,
   104.473,        49,
   104.494,        72,
   104.514,        60,
   104.534,        61,
   104.554,        76,
   104.574,        63,
   104.595,        65,
   104.615,        60,
   104.635,        69,
   104.655,        56,
   104.675,        64,
   104.695,        66,
   104.716,        48,
   104.736,        68,
   104.756,        61,
   104.776,        79,
   104.796,        62,
   104.817,        55,
   104.837,        59,
   104.857,        76,
   104.877,        65,
   104.897,        67,
   104.918,        74,
   104.938,        70,
   104.958,        82,
   104.978,        67,
   104.998,        63,
   105.019,        70,
   105.039,        65,
   105.059,        53,
   105.079,        58,
   105.099,        56,
   105.119,        65,
    105.14,        55,
    105.16,        66,
    105.18,        68,
     105.2,        66,
    105.22,        48,
   105.241,        60,
   105.261,        62,
   105.281,        62,
   105.301,        65,
   105.321,        63,
   105.342,        56,
   105.362,        61,
   105.382,        55,
   105.402,        49,
   105.422,        55,
   105.443,        56,
   105.463,        57,
   105.483,        49,
   105.503,        84,
   105.523,        59,
   105.543,        61,
   105.564,        62,
   105.584,        73,
   105.604,        55,
   105.624,        55,
   105.644,        59,
   105.665,        67,
   105.685,        63,
   105.705,        63,
   105.725,        63,
   105.745,        64,
   105.766,        60,
   105.786,        54,
   105.806,        60,
   105.826,        56,
   105.846,        51,
   105.867,        61,
   105.887,        66,
   105.907,        58,
   105.927,        54,
   105.947,        64,
   105.967,        58,
   105.988,        49,
   106.008,        56,
   106.028,        61,
   106.048,        49,
   106.068,        59,
   106.089,        53,
   106.109,        55,
   106.129,        62,
   106.149,        52,
   106.169,        63,
    106.19,        58,
    106.21,        54,
    106.23,        66,
    106.25,        68,
    106.27,        78,
   106.291,        72,
   106.311,        66,
   106.331,        47,
   106.351,        61,
   106.371,        61,
   106.391,        63,
   106.412,        57,
   106.432,        59,
   106.452,        59,
   106.472,        60,
   106.492,        77,
   106.513,        64,
   106.533,        67,
   106.553,        59,
   106.573,        52,
   106.593,        52,
   106.614,        68,
   106.634,        55,
   106.654,        61,
   106.674,        63,
   106.694,        54,
   106.715,        59,
   106.735,        77,
   106.755,        63,
   106.775,        71,
   106.795,        65,
   106.815,        58,
   106.836,        53,
   106.856,        56,
   106.876,        61,
   106.896,        49,
   106.916,        51,
   106.937,        53,
   106.957,        66,
   106.977,        50,
   106.997,        50,
   107.017,        56,
   107.038,        70,
   107.058,        51,
   107.078,        51,
   107.098,        58,
   107.118,        58,
   107.139,        51,
   107.159,        65,
   107.179,        63,
   107.199,        64,
   107.219,        62,
   107.239,        64,
    107.26,        50,
    107.28,        79,
     107.3,        48,
    107.32,        51,
    107.34,        66,
   107.361,        53,
   107.381,        48,
   107.401,        56,
   107.421,        58,
   107.441,        67,
   107.462,        63,
   107.482,        64,
   107.502,        55,
   107.522,        59,
   107.542,        57,
   107.563,        58,
   107.583,        70,
   107.603,        70,
   107.623,        53,
   107.643,        67,
   107.663,        62,
   107.684,        58,
   107.704,        59,
   107.724,        61,
   107.744,        55,
   107.764,        61,
   107.785,        57,
   107.805,        49,
   107.825,        68,
   107.845,        52,
   107.865,        71,
   107.886,        64,
   107.906,        70,
   107.926,        61,
   107.946,        67,
   107.966,        63,
   107.987,        57,
   108.007,        61,
   108.027,        57,
   108.047,        56,
   108.067,        69,
   108.087,        43,
   108.108,        72,
   108.128,        62,
   108.148,        80,
   108.168,        86,
   108.188,        98,
   108.209,        73,
   108.229,        73,
   108.249,        69,
   108.269,        55,
   108.289,        64,
    108.31,        61,
    108.33,        59,
    108.35,        65,
    108.37,        60,
    108.39,        57,
   108.411,        58,
   108.431,        52,
   108.451,        77,
   108.471,        70,
   108.491,        65,
   108.511,        55,
   108.532,        59,
   108.552,        74,
   108.572,        71,
   108.592,        65,
   108.612,        64,
   108.633,        73,
   108.653,        59,
   108.673,        62,
   108.693,        47,
   108.713,        74,
   108.734,        77,
   108.754,        55,
   108.774,        61,
   108.794,        63,
   108.814,        73,
   108.835,        59,
   108.855,        45,
   108.875,        73,
   108.895,        60,
   108.915,        70,
   108.935,        63,
   108.956,        55,
   108.976,        66,
   108.996,        55,
   109.016,        54,
   109.036,        54,
   109.057,        70,
   109.077,        62,
   109.097,        53,
   109.117,        62,
   109.137,        66,
   109.158,        69,
   109.178,        57,
   109.198,        61,
   109.218,        56,
   109.238,        71,
   109.259,        70,
   109.279,        49,
   109.299,        71,
   109.319,        52,
   109.339,        51,
   109.359,        65,
    109.38,        64,
     109.4,        66,
    109.42,        67,
    109.44,        64,
    109.46,        64,
   109.481,        72,
   109.501,        62,
   109.521,        61,
   109.541,        71,
   109.561,        54,
   109.582,        61,
   109.602,        64,
   109.622,        61,
   109.642,        66,
   109.662,        55,
   109.683,        53,
   109.703,        57,
   109.723,        75,
   109.743,        64,
   109.763,        54,
   109.783,        61,
   109.804,        61,
   109.824,        75,
   109.844,        50,
   109.864,        67,
   109.884,        70,
   109.905,        58,
   109.925,        52,
   109.945,        66,
   109.965,        54,
   109.985,        56,
   110.006,        79,
   110.026,        58,
   110.046,        60,
   110.066,        78,
   110.086,        73,
   110.107,        65,
   110.127,        47,
   110.147,        55,
   110.167,        68,
   110.187,        54,
   110.207,        77,
   110.228,        56,
   110.248,        60,
   110.268,        63,
   110.288,        43,
   110.308,        52,
   110.329,        51,
   110.349,        61,
   110.369,        73,
   110.389,        59,
   110.409,        65,
    110.43,        52,
    110.45,        53,
    110.47,        59,
    110.49,        51,
    110.51,        46,
   110.531,        60,
   110.551,        58,
   110.571,        58,
   110.591,        59,
   110.611,        75,
   110.631,        63,
   110.652,        63,
   110.672,        51,
   110.692,        59,
   110.712,        65,
   110.732,        72,
   110.753,        60,
   110.773,        64,
   110.793,        72,
   110.813,        64,
   110.833,        58,
   110.854,        66,
   110.874,        60,
   110.894,        58,
   110.914,        55,
   110.934,        69,
   110.955,        39,
   110.975,        57,
   110.995,        63,
   111.015,        51,
   111.035,        55,
   111.055,        63,
   111.076,        59,
   111.096,        72,
   111.116,        65,
   111.136,        49,
   111.156,        51,
   111.177,        69,
   111.197,        60,
   111.217,        53,
   111.237,        46,
   111.257,        57,
   111.278,        63,
   111.298,        57,
   111.318,        66,
   111.338,        65,
   111.358,        53,
   111.379,        65,
   111.399,        59,
   111.419,        65,
   111.439,        55,
   111.459,        56,
   111.479,        56,
     111.5,        66,
    111.52,        56,
    111.54,        49,
    111.56,        75,
    111.58,        65,
   111.601,        58,
   111.621,        65,
   111.641,        57,
   111.661,        63,
   111.681,        56,
   111.702,        62,
   111.722,        67,
   111.742,        64,
   111.762,        63,
   111.782,        67,
   111.803,        61,
   111.823,        62,
   111.843,        64,
   111.863,        60,
   111.883,        59,
   111.903,        68,
   111.924,        64,
   111.944,        67,
   111.964,        64,
   111.984,        67,
   112.004,        54,
   112.025,        56,
   112.045,        62,
   112.065,        71,
   112.085,        61,
   112.105,        61,
   112.126,        64,
   112.146,        52,
   112.166,        71,
   112.186,        61,
   112.206,        71,
   112.227,        58,
   112.247,        66,
   112.267,        70,
   112.287,        59,
   112.307,        60,
   112.327,        51,
   112.348,        71,
   112.368,        47,
   112.388,        66,
   112.408,        65,
   112.428,        60,
   112.449,        63,
   112.469,        53,
   112.489,        45,
   112.509,        57,
   112.529,        67,
    112.55,        60,
    112.57,        61,
    112.59,        70,
    112.61,        52,
    112.63,        66,
   112.651,        64,
   112.671,        61,
   112.691,        82,
   112.711,        60,
   112.731,        57,
   112.752,        66,
   112.772,        53,
   112.792,        59,
   112.812,        62,
   112.832,        49,
   112.852,        58,
   112.873,        66,
   112.893,        72,
   112.913,        68,
   112.933,        56,
   112.953,        64,
   112.974,        57,
   112.994,        61,
   113.014,        58,
   113.034,        64,
   113.054,        46,
   113.075,        66,
   113.095,        56,
   113.115,        48,
   113.135,        51,
   113.155,        66,
   113.176,        60,
   113.196,        59,
   113.216,        61,
   113.236,        73,
   113.256,        60,
   113.276,        70,
   113.297,        61,
   113.317,        63,
   113.337,        68,
   113.357,        61,
   113.377,        70,
   113.398,        54,
   113.418,        61,
   113.438,        55,
   113.458,        62,
   113.478,        57,
   113.499,        59,
   113.519,        62,
   113.539,        54,
   113.559,        65,
   113.579,        50,
     113.6,        64,
    113.62,        55,
    113.64,        52,
    113.66,        68,
    113.68,        64,
     113.7,        59,
   113.721,        61,
   113.741,        55,
   113.761,        56,
   113.781,        58,
   113.801,        66,
   113.822,        65,
   113.842,        64,
   113.862,        64,
   113.882,        66,
   113.902,        64,
   113.923,        67,
   113.943,        64,
   113.963,        73,
   113.983,        69,
   114.003,        58,
   114.024,        67,
   114.044,        67,
   114.064,        68,
   114.084,        55,
   114.104,        64,
   114.124,        64,
   114.145,        62,
   114.165,        71,
   114.185,        59,
   114.205,        62,
   114.225,        64,
   114.246,        65,
   114.266,        59,
   114.286,        58,
   114.306,        57,
   114.326,        63,
   114.347,        58,
   114.367,        62,
   114.387,        64,
   114.407,        58,
   114.427,        68,
   114.448,        57,
   114.468,        68,
   114.488,        64,
   114.508,        62,
   114.528,        59,
   114.548,        52,
   114.569,        57,
   114.589,        53,
   114.609,        49,
   114.629,        67,
   114.649,        76,
    114.67,        60,
    114.69,        61,
    114.71,        61,
    114.73,        70,
    114.75,        58,
   114.771,        62,
   114.791,        61,
   114.811,        59,
   114.831,        70,
   114.851,        59,
   114.872,        63,
   114.892,        57,
   114.912,        68,
   114.932,        63,
   114.952,        58,
   114.972,        65,
   114.993,        68,
   115.013,        71,
   115.033,        61,
   115.053,        63,
   115.073,        67,
   115.094,        65,
   115.114,        67,
   115.134,        56,
   115.154,        82,
   115.174,        49,
   115.195,        61,
   115.215,        63,
   115.235,        52,
   115.255,        66,
   115.275,        55,
   115.296,        59,
   115.316,        73,
   115.336,        59,
   115.356,        78,
   115.376,        65,
   115.396,        71,
   115.417,        69,
   115.437,        52,
   115.457,        61,
   115.477,        62,
   115.497,        62,
   115.518,        59,
   115.538,        53,
   115.558,        68,
   115.578,        65,
   115.598,        72,
   115.619,        69,
   115.639,        62,
   115.659,        61,
   115.679,        62,
   115.699,        79,
    115.72,        69,
    115.74,        54,
    115.76,        49,
    115.78,        65,
     115.8,        79,
    115.82,        62,
   115.841,        63,
   115.861,        68,
   115.881,        71,
   115.901,        66,
   115.921,        60,
   115.942,        57,
   115.962,        53,
   115.982,        58,
   116.002,        64,
   116.022,        68,
   116.043,        62,
   116.063,        55,
   116.083,        62,
   116.103,        54,
   116.123,        62,
   116.144,        64,
   116.164,        64,
   116.184,        57,
   116.204,        57,
   116.224,        60,
   116.244,        52,
   116.265,        59,
   116.285,        72,
   116.305,        59,
   116.325,        69,
   116.345,        72,
   116.366,        77,
   116.386,        81,
   116.406,        56,
   116.426,        62,
   116.446,        65,
   116.467,        68,
   116.487,        63,
   116.507,        59,
   116.527,        71,
   116.547,        74,
   116.568,        66,
   116.588,        53,
   116.608,        64,
   116.628,        59,
   116.648,        55,
   116.668,        61,
   116.689,        65,
   116.709,        65,
   116.729,        68,
   116.749,        79,
   116.769,        75,
    116.79,        74,
    116.81,        62,
    116.83,        69,
    116.85,        57,
    116.87,        64,
   116.891,        51,
   116.911,        70,
   116.931,        57,
   116.951,        68,
   116.971,        77,
   116.992,        73,
   117.012,        64,
   117.032,        63,
   117.052,        55,
   117.072,        71,
   117.092,        68,
   117.113,        52,
   117.133,        65,
   117.153,        71,
   117.173,        84,
   117.193,        64,
   117.214,        70,
   117.234,        55,
   117.254,        75,
   117.274,        66,
   117.294,        68,
   117.315,        64,
   117.335,        80,
   117.355,        64,
   117.375,        63,
   117.395,        74,
   117.416,        70,
   117.436,        73,
   117.456,        61,
   117.476,        70,
   117.496,        62,
   117.516,        82,
   117.537,        78,
   117.557,        76,
   117.577,        66,
   117.597,        77,
   117.617,        70,
   117.638,        75,
   117.658,        74,
   117.678,        73,
   117.698,        74,
   117.718,        78,
   117.739,        83,
   117.759,        72,
   117.779,        73,
   117.799,        67,
   117.819,        83,
    117.84,        66,
    117.86,        81,
    117.88,        93,
     117.9,        91,
    117.92,        83,
    117.94,       104,
   117.961,       118,
   117.981,       108,
   118.001,       137,
   118.021,       163,
   118.041,       224,
   118.062,       329,
   118.082,       387,
   118.102,       468,
   118.122,       530,
   118.142,       526,
   118.163,       444,
   118.183,       311,
   118.203,       229,
   118.223,       221,
   118.243,       147,
   118.264,       141,
   118.284,       107,
   118.304,       100,
   118.324,       109,
   118.344,        90,
   118.364,        99,
   118.385,       106,
   118.405,        86,
   118.425,       105,
   118.445,        94,
   118.465,       114,
   118.486,       129,
   118.506,       151,
   118.526,       143,
   118.546,       202,
   118.566,       254,
   118.587,       283,
   118.607,       286,
   118.627,       272,
   118.647,       241,
   118.667,       183,
   118.688,       158,
   118.708,       122,
   118.728,       116,
   118.748,        95,
   118.768,        89,
   118.788,        83,
   118.809,        85,
   118.829,        80,
   118.849,        86,
   118.869,        83,
   118.889,        74,
    118.91,        65,
    118.93,        84,
    118.95,        67,
    118.97,        86,
    118.99,        77,
   119.011,        80,
   119.031,        81,
   119.051,        74,
   119.071,        81,
   119.091,        89,
   119.112,        69,
   119.132,        66,
   119.152,        71,
   119.172,        81,
   119.192,        90,
   119.212,        66,
   119.233,        82,
   119.253,        76,
   119.273,        85,
   119.293,        81,
   119.313,        58,
   119.334,        87,
   119.354,        79,
   119.374,        66,
   119.394,        74,
   119.414,        74,
   119.435,        69,
   119.455,        73,
   119.475,        77,
   119.495,        66,
   119.515,        66,
   119.536,        73,
   119.556,        76,
   119.576,        71,
   119.596,        67,
   119.616,        68,
   119.636,        73,
   119.657,        71,
   119.677,        78,
   119.697,        74,
   119.717,        72,
   119.737,        69,
   119.758,        78,
   119.778,        70,
   119.798,        67,
   119.818,        61,
   119.838,        80,
   119.859,        61,
   119.879,        70,
   119.899,        61,
   119.919,        84,
   119.939,        56,
    119.96,        65,
    119.98,        76,
       120,        67,
