;RAW4.00
[RawHeader]
Date=04/22/2026
EstimatedTotalTime=2793.15
FurtherDQLReading=0
HardwareIndicator=65519
MeasuredTotalTime=2793.15
MeasurementFlag=1
NumberOfMeasuredRanges=1
NumberOfRanges=1
Time=13:28:01

[VarInfo]
Type=USER
Flags=0
Value=Lab Manager

[VarInfo]
Type=SAMPLEID
Flags=0
Value=Commander Sample ID

[VarInfo]
Type=COMMENT
Flags=0
Value=

[VarInfo]
Type=UTF
Flags=0
Value=

[VarInfo]
Type=CREATOR
Flags=0
Value=BrmlToV4Converter

[VarInfo]
Type=CREATOR_VERSION
Flags=0
Value=6.5.0.0

[HardwareConfiguration]
AbsorptionFactor=9999
ActivateAbsorber=0
Alpha1=1.5406
Alpha2=1.54439
AlphaAverage=1.54184
AlphaRatio=0.5
Analyzer=0
Anode=Cu
AntiScatteringSlit=9999
BeamOpticsFlags=0
Beta=1.39222
BetaRelativeIntensity=0
DeactivateAbsorber=0
DetectorSlit=9999
DivergenceSlit=9999
GoniometerControl=0
GoniometerDiameter=282
GoniometerModel=256
GoniometerStage=7
Monochromator=0
NearSampleSlit=9999
PrimarySollerSlit=9999
SampleChanger=0
SecondSollerSlit=9999
SynchronousAxis=0
ThinFilmAttachment=9999
WaveUnit=A

[RangeHeader]
ActuallyUsedLambda=1.54184
AdditionalDetectorMask=257
DataRecordLength=4
DelayTime=0
DisplayPlaneNumber=0
EstimatedScanTime=2793
ExtraParametersMask=0
GeneratorCurrent=10
GeneratorVoltage=30
Increment=0.0201906
Increment3=0
NumberOfCompletedData=5449
NumberOfCounts=1
NumberOfDetectors=0
NumberOfDrives=3
NumberOfEncoderDrives=0
NumberOfMeasuredData=5449
NumberOfVaryingParameters=0
RangeStartTime=0
RotationSpeed=0
ScanMode=1
ScanType=Locked Coupled
SimulatedMeasConditions=0
SlitChangerIn=0
SmootingWidth=0
Start=10.0017
Steps=5449
SynchronousRotation=0
Time=16.5

[VarInfo]
Type=PSD_DISCRIM
Flags=0
Value=0.11;0.25

[PSD]
ActualTwoTheta=9999
FirstUsedChannel=0
FixedPSD=0
PSDOpening=4.99716
PSDType=5

[Drive]
DriveFlags=1
DriveName=2Theta
DriveNumber=2
DriveOffset=0
OffsetIndex=0
OscillationAmplitude=0
OscillationSpeed=0
StartPosition=10.0017

[Drive]
DriveFlags=1
DriveName=Theta
DriveNumber=1
DriveOffset=0
OffsetIndex=0
OscillationAmplitude=0
OscillationSpeed=0
StartPosition=5.00087

[Drive]
DriveFlags=1
DriveName=Phi
DriveNumber=3
DriveOffset=0
OffsetIndex=0
OscillationAmplitude=0
OscillationSpeed=0
StartPosition=359.986

[Data]
     Angle,       PSD,
   10.0017,       153,
   10.0219,       164,
   10.0421,       153,
   10.0623,       159,
   10.0825,       169,
   10.1027,       153,
   10.1229,       158,
   10.1431,       142,
   10.1633,       145,
   10.1834,       162,
   10.2036,       151,
   10.2238,       173,
    10.244,       142,
   10.2642,       149,
   10.2844,       157,
   10.3046,       131,
   10.3248,       160,
    10.345,       147,
   10.3652,       153,
   10.3854,       178,
   10.4055,       150,
   10.4257,       152,
   10.4459,       139,
   10.4661,       148,
   10.4863,       167,
   10.5065,       158,
   10.5267,       128,
   10.5469,       144,
   10.5671,       153,
   10.5873,       205,
   10.6075,       198,
   10.6276,       182,
   10.6478,       200,
    10.668,       189,
   10.6882,       171,
   10.7084,       211,
   10.7286,       199,
   10.7488,       186,
    10.769,       172,
   10.7892,       189,
   10.8094,       210,
   10.8295,       243,
   10.8497,       234,
   10.8699,       166,
   10.8901,       185,
   10.9103,       187,
   10.9305,       220,
   10.9507,       258,
   10.9709,       537,
   10.9911,       576,
   11.0113,       529,
   11.0315,       336,
   11.0516,       248,
   11.0718,       169,
    11.092,       150,
   11.1122,       160,
   11.1324,       151,
   11.1526,       124,
   11.1728,       145,
    11.193,       155,
   11.2132,       119,
   11.2334,       127,
   11.2535,       113,
   11.2737,       131,
   11.2939,       133,
   11.3141,       137,
   11.3343,       155,
   11.3545,       113,
   11.3747,       115,
   11.3949,       123,
   11.4151,       123,
   11.4353,       120,
   11.4555,       124,
   11.4756,       115,
   11.4958,       155,
    11.516,       125,
   11.5362,       120,
   11.5564,       128,
   11.5766,       119,
   11.5968,       125,
    11.617,       149,
   11.6372,       125,
   11.6574,       122,
   11.6776,       121,
   11.6977,       138,
   11.7179,       123,
   11.7381,       118,
   11.7583,       121,
   11.7785,       117,
   11.7987,       113,
   11.8189,       131,
   11.8391,       131,
   11.8593,       128,
   11.8795,       117,
   11.8996,       107,
   11.9198,       144,
     11.94,       131,
   11.9602,       120,
   11.9804,       118,
   12.0006,       102,
   12.0208,       113,
    12.041,       112,
   12.0612,       100,
   12.0814,       128,
   12.1016,       106,
   12.1217,       124,
   12.1419,       113,
   12.1621,       116,
   12.1823,       131,
   12.2025,       118,
   12.2227,       116,
   12.2429,       110,
   12.2631,       129,
   12.2833,       128,
   12.3035,        96,
   12.3236,       110,
   12.3438,        91,
    12.364,       117,
   12.3842,       105,
   12.4044,       122,
   12.4246,       102,
   12.4448,       121,
    12.465,       122,
   12.4852,       108,
   12.5054,       115,
   12.5256,        99,
   12.5457,       113,
   12.5659,       102,
   12.5861,       126,
   12.6063,       108,
   12.6265,        93,
   12.6467,        99,
   12.6669,       111,
   12.6871,       103,
   12.7073,       114,
   12.7275,       136,
   12.7477,       106,
   12.7678,       121,
    12.788,       100,
   12.8082,       103,
   12.8284,       128,
   12.8486,        91,
   12.8688,        97,
    12.889,        89,
   12.9092,       109,
   12.9294,       101,
   12.9496,       110,
   12.9697,       110,
   12.9899,       106,
   13.0101,       125,
   13.0303,       109,
   13.0505,       119,
   13.0707,       110,
   13.0909,        87,
   13.1111,       117,
   13.1313,        89,
   13.1515,       100,
   13.1717,        99,
   13.1918,       105,
    13.212,       110,
   13.2322,       113,
   13.2524,       103,
   13.2726,       101,
   13.2928,       120,
    13.313,        93,
   13.3332,       110,
   13.3534,       119,
   13.3736,       111,
   13.3937,       115,
   13.4139,        93,
   13.4341,        97,
   13.4543,        93,
   13.4745,       104,
   13.4947,       118,
   13.5149,       109,
   13.5351,        92,
   13.5553,       110,
   13.5755,       101,
   13.5957,       110,
   13.6158,       100,
    13.636,        71,
   13.6562,        95,
   13.6764,       108,
   13.6966,        95,
   13.7168,       100,
    13.737,       112,
   13.7572,       139,
   13.7774,       109,
   13.7976,       124,
   13.8177,        99,
   13.8379,       121,
   13.8581,        86,
   13.8783,        88,
   13.8985,       103,
   13.9187,       104,
   13.9389,       115,
   13.9591,        98,
   13.9793,       101,
   13.9995,       102,
   14.0197,       100,
   14.0398,       110,
     14.06,        86,
   14.0802,        95,
   14.1004,        99,
   14.1206,        98,
   14.1408,        96,
    14.161,       116,
   14.1812,        97,
   14.2014,        76,
   14.2216,        93,
   14.2418,       103,
   14.2619,        94,
   14.2821,        72,
   14.3023,        93,
   14.3225,       107,
   14.3427,        81,
   14.3629,        92,
   14.3831,       110,
   14.4033,       101,
   14.4235,       111,
   14.4437,        99,
   14.4638,        95,
    14.484,        92,
   14.5042,        83,
   14.5244,        86,
   14.5446,       106,
   14.5648,       105,
    14.585,        89,
   14.6052,        92,
   14.6254,       102,
   14.6456,        99,
   14.6658,       109,
   14.6859,        86,
   14.7061,        96,
   14.7263,        79,
   14.7465,        93,
   14.7667,        87,
   14.7869,       101,
   14.8071,       100,
   14.8273,       100,
   14.8475,       103,
   14.8677,       101,
   14.8878,        97,
    14.908,        98,
   14.9282,        92,
   14.9484,        95,
   14.9686,        86,
   14.9888,        99,
    15.009,        90,
   15.0292,        96,
   15.0494,       115,
   15.0696,       105,
   15.0898,        84,
   15.1099,       106,
   15.1301,       105,
   15.1503,        80,
   15.1705,       100,
   15.1907,        96,
   15.2109,       115,
   15.2311,        89,
   15.2513,        94,
   15.2715,        85,
   15.2917,        98,
   15.3119,       100,
    15.332,       115,
   15.3522,        96,
   15.3724,       120,
   15.3926,        90,
   15.4128,       109,
    15.433,        91,
   15.4532,        97,
   15.4734,        90,
   15.4936,       110,
   15.5138,        98,
   15.5339,        95,
   15.5541,       111,
   15.5743,       103,
   15.5945,        92,
   15.6147,        84,
   15.6349,        88,
   15.6551,        90,
   15.6753,        93,
   15.6955,        81,
   15.7157,       102,
   15.7359,       101,
    15.756,        80,
   15.7762,        92,
   15.7964,        83,
   15.8166,        97,
   15.8368,       100,
    15.857,        87,
   15.8772,        91,
   15.8974,       100,
   15.9176,        81,
   15.9378,       100,
   15.9579,       108,
   15.9781,        87,
   15.9983,        95,
   16.0185,        98,
   16.0387,       116,
   16.0589,       122,
   16.0791,       102,
   16.0993,        98,
   16.1195,        86,
   16.1397,       123,
   16.1599,       121,
     16.18,       108,
   16.2002,       127,
   16.2204,       117,
   16.2406,       148,
   16.2608,       123,
    16.281,       117,
   16.3012,       155,
   16.3214,       151,
   16.3416,       143,
   16.3618,       150,
    16.382,       130,
   16.4021,       149,
   16.4223,       178,
   16.4425,       237,
   16.4627,       345,
   16.4829,       378,
   16.5031,       345,
   16.5233,       286,
   16.5435,       196,
   16.5637,       143,
   16.5839,       112,
    16.604,       105,
   16.6242,       126,
   16.6444,       113,
   16.6646,       105,
   16.6848,       100,
    16.705,        96,
   16.7252,        84,
   16.7454,        93,
   16.7656,        82,
   16.7858,        87,
    16.806,        92,
   16.8261,        99,
   16.8463,        97,
   16.8665,        89,
   16.8867,        91,
   16.9069,       103,
   16.9271,       117,
   16.9473,        88,
   16.9675,        82,
   16.9877,        92,
   17.0079,        85,
    17.028,       104,
   17.0482,       116,
   17.0684,       109,
   17.0886,        96,
   17.1088,       135,
    17.129,       170,
   17.1492,       120,
   17.1694,       113,
   17.1896,       107,
   17.2098,        75,
     17.23,       101,
   17.2501,        89,
   17.2703,        88,
   17.2905,        98,
   17.3107,        87,
   17.3309,        84,
   17.3511,        94,
   17.3713,        90,
   17.3915,        96,
   17.4117,       100,
   17.4319,        95,
   17.4521,        92,
   17.4722,        81,
   17.4924,        82,
   17.5126,        88,
   17.5328,       106,
    17.553,        84,
   17.5732,        85,
   17.5934,        92,
   17.6136,       103,
   17.6338,        97,
    17.654,        85,
   17.6741,        91,
   17.6943,        83,
   17.7145,       107,
   17.7347,       127,
   17.7549,       192,
   17.7751,       246,
   17.7953,       185,
   17.8155,       148,
   17.8357,       107,
   17.8559,        89,
   17.8761,        85,
   17.8962,        92,
   17.9164,        89,
   17.9366,       117,
   17.9568,        78,
    17.977,       106,
   17.9972,        96,
   18.0174,        92,
   18.0376,        78,
   18.0578,        94,
    18.078,        89,
   18.0981,        89,
   18.1183,        71,
   18.1385,        77,
   18.1587,        81,
   18.1789,        86,
   18.1991,        92,
   18.2193,       103,
   18.2395,        82,
   18.2597,        85,
   18.2799,        82,
   18.3001,        70,
   18.3202,        97,
   18.3404,        68,
   18.3606,        77,
   18.3808,        87,
    18.401,        83,
   18.4212,        86,
   18.4414,        91,
   18.4616,        86,
   18.4818,        99,
    18.502,        84,
   18.5222,       101,
   18.5423,        82,
   18.5625,        80,
   18.5827,        85,
   18.6029,        97,
   18.6231,        73,
   18.6433,        86,
   18.6635,       104,
   18.6837,        82,
   18.7039,        76,
   18.7241,        79,
   18.7442,        80,
   18.7644,        96,
   18.7846,        85,
   18.8048,        80,
    18.825,        92,
   18.8452,        88,
   18.8654,        81,
   18.8856,        75,
   18.9058,        82,
    18.926,        99,
   18.9462,        72,
   18.9663,        74,
   18.9865,        79,
   19.0067,        82,
   19.0269,        94,
   19.0471,        92,
   19.0673,        92,
   19.0875,        88,
   19.1077,        77,
   19.1279,        94,
   19.1481,        87,
   19.1682,       106,
   19.1884,        76,
   19.2086,        80,
   19.2288,        86,
    19.249,        99,
   19.2692,        75,
   19.2894,        86,
   19.3096,        92,
   19.3298,        79,
     19.35,        73,
   19.3702,        84,
   19.3903,        88,
   19.4105,        74,
   19.4307,        83,
   19.4509,        78,
   19.4711,        90,
   19.4913,        80,
   19.5115,        87,
   19.5317,        85,
   19.5519,        79,
   19.5721,        71,
   19.5923,        85,
   19.6124,        99,
   19.6326,        82,
   19.6528,        74,
    19.673,        88,
   19.6932,        78,
   19.7134,        93,
   19.7336,        76,
   19.7538,        77,
    19.774,        77,
   19.7942,        85,
   19.8143,        89,
   19.8345,        68,
   19.8547,        69,
   19.8749,        73,
   19.8951,        77,
   19.9153,        82,
   19.9355,        53,
   19.9557,       103,
   19.9759,        66,
   19.9961,        78,
   20.0163,        74,
   20.0364,        77,
   20.0566,        82,
   20.0768,        78,
    20.097,        68,
   20.1172,        77,
   20.1374,        83,
   20.1576,        84,
   20.1778,        90,
    20.198,        88,
   20.2182,        71,
   20.2383,        72,
   20.2585,        75,
   20.2787,        72,
   20.2989,        89,
   20.3191,        62,
   20.3393,        93,
   20.3595,        64,
   20.3797,        90,
   20.3999,        68,
   20.4201,        88,
   20.4403,        74,
   20.4604,        75,
   20.4806,        70,
   20.5008,        82,
    20.521,        68,
   20.5412,        69,
   20.5614,        64,
   20.5816,        71,
   20.6018,       104,
    20.622,        64,
   20.6422,        95,
   20.6624,        88,
   20.6825,        72,
   20.7027,        80,
   20.7229,        78,
   20.7431,        69,
   20.7633,        63,
   20.7835,        67,
   20.8037,        78,
   20.8239,        75,
   20.8441,        64,
   20.8643,        61,
   20.8844,        68,
   20.9046,        71,
   20.9248,        75,
    20.945,        82,
   20.9652,        70,
   20.9854,        66,
   21.0056,        51,
   21.0258,        81,
    21.046,        83,
   21.0662,        80,
   21.0864,        78,
   21.1065,        75,
   21.1267,        70,
   21.1469,        95,
   21.1671,        76,
   21.1873,        83,
   21.2075,        90,
   21.2277,        79,
   21.2479,        93,
   21.2681,        80,
   21.2883,        79,
   21.3084,        58,
   21.3286,        62,
   21.3488,        62,
    21.369,        65,
   21.3892,        88,
   21.4094,        61,
   21.4296,        78,
   21.4498,        68,
     21.47,        68,
   21.4902,        74,
   21.5104,        68,
   21.5305,        74,
   21.5507,        82,
   21.5709,        82,
   21.5911,        83,
   21.6113,        62,
   21.6315,        77,
   21.6517,        66,
   21.6719,        63,
   21.6921,        74,
   21.7123,        72,
   21.7325,        71,
   21.7526,        63,
   21.7728,        74,
    21.793,        73,
   21.8132,        63,
   21.8334,        74,
   21.8536,        89,
   21.8738,        62,
    21.894,        84,
   21.9142,        65,
   21.9344,       100,
   21.9545,        88,
   21.9747,        84,
   21.9949,        87,
   22.0151,        77,
   22.0353,        88,
   22.0555,        79,
   22.0757,        78,
   22.0959,       107,
   22.1161,        71,
   22.1363,        75,
   22.1565,        54,
   22.1766,        43,
   22.1968,        59,
    22.217,        55,
   22.2372,        84,
   22.2574,        66,
   22.2776,        70,
   22.2978,        67,
    22.318,        46,
   22.3382,        81,
   22.3584,        63,
   22.3785,        59,
   22.3987,        77,
   22.4189,        65,
   22.4391,        80,
   22.4593,        64,
   22.4795,        53,
   22.4997,        78,
   22.5199,        75,
   22.5401,        60,
   22.5603,        66,
   22.5805,        58,
   22.6006,        79,
   22.6208,        57,
    22.641,        66,
   22.6612,        71,
   22.6814,        58,
   22.7016,        61,
   22.7218,        72,
    22.742,        57,
   22.7622,        77,
   22.7824,        54,
   22.8025,        57,
   22.8227,        73,
   22.8429,        53,
   22.8631,        68,
   22.8833,        59,
   22.9035,        81,
   22.9237,        64,
   22.9439,        66,
   22.9641,        62,
   22.9843,        76,
   23.0045,        82,
   23.0246,        87,
   23.0448,        57,
    23.065,        67,
   23.0852,        71,
   23.1054,        63,
   23.1256,        80,
   23.1458,        67,
    23.166,        71,
   23.1862,        67,
   23.2064,        55,
   23.2266,        53,
   23.2467,        57,
   23.2669,        70,
   23.2871,        70,
   23.3073,        68,
   23.3275,        62,
   23.3477,        96,
   23.3679,        73,
   23.3881,        67,
   23.4083,        81,
   23.4285,        68,
   23.4486,        65,
   23.4688,        62,
    23.489,        64,
   23.5092,        75,
   23.5294,        68,
   23.5496,        68,
   23.5698,        50,
     23.59,        70,
   23.6102,        63,
   23.6304,        62,
   23.6506,        79,
   23.6707,        77,
   23.6909,        75,
   23.7111,        80,
   23.7313,        62,
   23.7515,        60,
   23.7717,        76,
   23.7919,        62,
   23.8121,        59,
   23.8323,        52,
   23.8525,        79,
   23.8726,        56,
   23.8928,        51,
    23.913,        56,
   23.9332,        55,
   23.9534,        56,
   23.9736,        47,
   23.9938,        67,
    24.014,        70,
   24.0342,        56,
   24.0544,        63,
   24.0746,        83,
   24.0947,        57,
   24.1149,        73,
   24.1351,        47,
   24.1553,        64,
   24.1755,        78,
   24.1957,        72,
   24.2159,        64,
   24.2361,        69,
   24.2563,        60,
   24.2765,        53,
   24.2967,        81,
   24.3168,        53,
    24.337,        68,
   24.3572,        74,
   24.3774,        56,
   24.3976,        55,
   24.4178,        66,
    24.438,        56,
   24.4582,        53,
   24.4784,        67,
   24.4986,        75,
   24.5187,        62,
   24.5389,        65,
   24.5591,        62,
   24.5793,        61,
   24.5995,        60,
   24.6197,        81,
   24.6399,        56,
   24.6601,        69,
   24.6803,        62,
   24.7005,        56,
   24.7207,        60,
   24.7408,        55,
    24.761,        46,
   24.7812,        54,
   24.8014,        57,
   24.8216,        62,
   24.8418,        59,
    24.862,        51,
   24.8822,        55,
   24.9024,        61,
   24.9226,        42,
   24.9427,        55,
   24.9629,        54,
   24.9831,        71,
   25.0033,        51,
   25.0235,        50,
   25.0437,        66,
   25.0639,        59,
   25.0841,        72,
   25.1043,        65,
   25.1245,        51,
   25.1447,        59,
   25.1648,        62,
    25.185,        71,
   25.2052,        68,
   25.2254,        41,
   25.2456,        74,
   25.2658,        62,
    25.286,        69,
   25.3062,        63,
   25.3264,        68,
   25.3466,        61,
   25.3668,        71,
   25.3869,        63,
   25.4071,        74,
   25.4273,        49,
   25.4475,        72,
   25.4677,        70,
   25.4879,        61,
   25.5081,        74,
   25.5283,        83,
   25.5485,        76,
   25.5687,        44,
   25.5888,        66,
    25.609,        69,
   25.6292,        66,
   25.6494,        58,
   25.6696,        58,
   25.6898,        79,
     25.71,        63,
   25.7302,        52,
   25.7504,        56,
   25.7706,        67,
   25.7908,        56,
   25.8109,        42,
   25.8311,        70,
   25.8513,        64,
   25.8715,        70,
   25.8917,        71,
   25.9119,        64,
   25.9321,        53,
   25.9523,        73,
   25.9725,        71,
   25.9927,        73,
   26.0128,        59,
    26.033,        77,
   26.0532,        71,
   26.0734,        61,
   26.0936,        70,
   26.1138,        65,
    26.134,        56,
   26.1542,        61,
   26.1744,        84,
   26.1946,        63,
   26.2148,        69,
   26.2349,        61,
   26.2551,        73,
   26.2753,        63,
   26.2955,        60,
   26.3157,        63,
   26.3359,        76,
   26.3561,        65,
   26.3763,        75,
   26.3965,        55,
   26.4167,        65,
   26.4369,        86,
    26.457,        56,
   26.4772,        69,
   26.4974,        69,
   26.5176,        75,
   26.5378,        74,
    26.558,        62,
   26.5782,        63,
   26.5984,        77,
   26.6186,        66,
   26.6388,        61,
   26.6589,        69,
   26.6791,        63,
   26.6993,        67,
   26.7195,        55,
   26.7397,        73,
   26.7599,        45,
   26.7801,        67,
   26.8003,        67,
   26.8205,        58,
   26.8407,        62,
   26.8609,        68,
    26.881,        63,
   26.9012,        64,
   26.9214,        51,
   26.9416,        73,
   26.9618,        69,
    26.982,        74,
   27.0022,        59,
   27.0224,        73,
   27.0426,        75,
   27.0628,        79,
   27.0829,        70,
   27.1031,        66,
   27.1233,        65,
   27.1435,        73,
   27.1637,        60,
   27.1839,        77,
   27.2041,        68,
   27.2243,        73,
   27.2445,        81,
   27.2647,        77,
   27.2849,        86,
    27.305,        85,
   27.3252,        72,
   27.3454,        64,
   27.3656,        83,
   27.3858,        87,
    27.406,        93,
   27.4262,       123,
   27.4464,       116,
   27.4666,       116,
   27.4868,       120,
    27.507,       130,
   27.5271,       159,
   27.5473,       169,
   27.5675,       211,
   27.5877,       271,
   27.6079,       282,
   27.6281,       234,
   27.6483,       218,
   27.6685,       181,
   27.6887,       183,
   27.7089,       130,
    27.729,        95,
   27.7492,        78,
   27.7694,        59,
   27.7896,        74,
   27.8098,        77,
     27.83,        82,
   27.8502,        67,
   27.8704,        85,
   27.8906,        85,
   27.9108,        92,
    27.931,        68,
   27.9511,        61,
   27.9713,        67,
   27.9915,        48,
   28.0117,        72,
   28.0319,        78,
   28.0521,        73,
   28.0723,        69,
   28.0925,        88,
   28.1127,        59,
   28.1329,        75,
    28.153,        75,
   28.1732,        81,
   28.1934,        73,
   28.2136,        72,
   28.2338,        82,
    28.254,        75,
   28.2742,        93,
   28.2944,        74,
   28.3146,        78,
   28.3348,        65,
    28.355,        59,
   28.3751,        62,
   28.3953,        69,
   28.4155,        74,
   28.4357,        69,
   28.4559,        63,
   28.4761,        72,
   28.4963,        50,
   28.5165,        67,
   28.5367,        86,
   28.5569,        53,
   28.5771,        74,
   28.5972,        74,
   28.6174,        69,
   28.6376,        81,
   28.6578,        58,
    28.678,        96,
   28.6982,        70,
   28.7184,        67,
   28.7386,        77,
   28.7588,        79,
    28.779,        71,
   28.7991,        85,
   28.8193,        81,
   28.8395,        71,
   28.8597,        72,
   28.8799,        67,
   28.9001,        66,
   28.9203,        78,
   28.9405,        76,
   28.9607,        80,
   28.9809,        83,
   29.0011,        91,
   29.0212,        87,
   29.0414,        84,
   29.0616,        94,
   29.0818,       110,
    29.102,        92,
   29.1222,        88,
   29.1424,        67,
   29.1626,        74,
   29.1828,        87,
    29.203,        79,
   29.2231,        59,
   29.2433,        61,
   29.2635,        85,
   29.2837,        72,
   29.3039,        66,
   29.3241,        71,
   29.3443,        84,
   29.3645,        75,
   29.3847,        50,
   29.4049,        59,
   29.4251,        66,
   29.4452,        68,
   29.4654,        62,
   29.4856,        32,
   29.5058,        48,
    29.526,        61,
   29.5462,        63,
   29.5664,        62,
   29.5866,        73,
   29.6068,        64,
    29.627,        66,
   29.6472,        52,
   29.6673,        69,
   29.6875,        77,
   29.7077,        55,
   29.7279,        70,
   29.7481,        60,
   29.7683,        65,
   29.7885,        74,
   29.8087,        66,
   29.8289,        59,
   29.8491,        73,
   29.8692,        73,
   29.8894,        65,
   29.9096,        74,
   29.9298,        71,
     29.95,        67,
   29.9702,        66,
   29.9904,        93,
   30.0106,        63,
   30.0308,        75,
    30.051,        82,
   30.0712,        77,
   30.0913,        63,
   30.1115,        82,
   30.1317,        76,
   30.1519,        87,
   30.1721,        58,
   30.1923,       107,
   30.2125,       105,
   30.2327,       118,
   30.2529,       143,
   30.2731,       218,
   30.2932,       260,
   30.3134,       223,
   30.3336,       170,
   30.3538,       192,
    30.374,       170,
   30.3942,       129,
   30.4144,        91,
   30.4346,        87,
   30.4548,        67,
    30.475,        81,
   30.4952,        64,
   30.5153,        67,
   30.5355,        67,
   30.5557,        57,
   30.5759,        69,
   30.5961,        82,
   30.6163,        83,
   30.6365,        79,
   30.6567,        52,
   30.6769,        71,
   30.6971,        60,
   30.7172,        67,
   30.7374,        61,
   30.7576,        62,
   30.7778,        55,
    30.798,        53,
   30.8182,        79,
   30.8384,        63,
   30.8586,        66,
   30.8788,        65,
    30.899,        63,
   30.9192,        82,
   30.9393,        60,
   30.9595,        69,
   30.9797,        51,
   30.9999,        59,
   31.0201,        50,
   31.0403,        52,
   31.0605,        65,
   31.0807,        64,
   31.1009,        69,
   31.1211,        55,
   31.1413,        75,
   31.1614,        69,
   31.1816,        60,
   31.2018,        72,
    31.222,        74,
   31.2422,        68,
   31.2624,        53,
   31.2826,        78,
   31.3028,        63,
    31.323,        41,
   31.3432,        65,
   31.3633,        64,
   31.3835,        66,
   31.4037,        65,
   31.4239,        54,
   31.4441,        66,
   31.4643,        64,
   31.4845,        66,
   31.5047,        67,
   31.5249,        71,
   31.5451,        62,
   31.5653,        60,
   31.5854,        68,
   31.6056,        74,
   31.6258,        60,
    31.646,        64,
   31.6662,        74,
   31.6864,        83,
   31.7066,        69,
   31.7268,        71,
    31.747,        69,
   31.7672,        81,
   31.7873,        68,
   31.8075,        68,
   31.8277,        70,
   31.8479,        70,
   31.8681,        85,
   31.8883,        61,
   31.9085,        76,
   31.9287,        79,
   31.9489,        74,
   31.9691,        74,
   31.9893,        73,
   32.0094,        66,
   32.0296,        56,
   32.0498,        79,
     32.07,        82,
   32.0902,        82,
   32.1104,        75,
   32.1306,        68,
   32.1508,        64,
    32.171,        78,
   32.1912,        62,
   32.2114,        75,
   32.2315,        80,
   32.2517,        80,
   32.2719,        62,
   32.2921,        64,
   32.3123,        86,
   32.3325,        71,
   32.3527,        78,
   32.3729,        79,
   32.3931,        85,
   32.4133,        75,
   32.4334,        76,
   32.4536,        82,
   32.4738,        70,
    32.494,        84,
   32.5142,        87,
   32.5344,        70,
   32.5546,        83,
   32.5748,        72,
    32.595,        81,
   32.6152,        83,
   32.6354,        83,
   32.6555,        73,
   32.6757,        90,
   32.6959,        77,
   32.7161,        73,
   32.7363,        99,
   32.7565,        99,
   32.7767,        89,
   32.7969,        79,
   32.8171,        91,
   32.8373,        94,
   32.8574,        86,
   32.8776,       105,
   32.8978,        98,
    32.918,        81,
   32.9382,       109,
   32.9584,       108,
   32.9786,       110,
   32.9988,       116,
    33.019,       109,
   33.0392,       141,
   33.0594,       131,
   33.0795,       133,
   33.0997,       182,
   33.1199,       187,
   33.1401,       161,
   33.1603,       187,
   33.1805,       249,
   33.2007,       353,
   33.2209,       342,
   33.2411,       535,
   33.2613,       582,
   33.2815,       492,
   33.3016,       339,
   33.3218,       309,
    33.342,       341,
   33.3622,       291,
   33.3824,       172,
   33.4026,       142,
   33.4228,       112,
    33.443,       115,
   33.4632,        98,
   33.4834,        81,
   33.5035,        93,
   33.5237,       100,
   33.5439,        97,
   33.5641,        96,
   33.5843,        96,
   33.6045,        83,
   33.6247,        89,
   33.6449,        86,
   33.6651,        66,
   33.6853,        95,
   33.7055,        77,
   33.7256,        82,
   33.7458,        75,
    33.766,        72,
   33.7862,        90,
   33.8064,        92,
   33.8266,        77,
   33.8468,        79,
    33.867,        74,
   33.8872,        80,
   33.9074,        76,
   33.9275,        86,
   33.9477,        73,
   33.9679,        85,
   33.9881,       106,
   34.0083,        82,
   34.0285,        70,
   34.0487,        84,
   34.0689,        88,
   34.0891,        76,
   34.1093,        83,
   34.1295,       106,
   34.1496,        97,
   34.1698,        79,
     34.19,       102,
   34.2102,       100,
   34.2304,       126,
   34.2506,       178,
   34.2708,       202,
    34.291,       196,
   34.3112,       174,
   34.3314,       156,
   34.3516,       167,
   34.3717,       141,
   34.3919,       143,
   34.4121,       116,
   34.4323,       104,
   34.4525,        72,
   34.4727,        71,
   34.4929,        68,
   34.5131,        67,
   34.5333,        77,
   34.5535,        63,
   34.5736,        81,
   34.5938,        89,
    34.614,        82,
   34.6342,        73,
   34.6544,        67,
   34.6746,        73,
   34.6948,        70,
    34.715,        68,
   34.7352,        74,
   34.7554,        65,
   34.7756,        65,
   34.7957,        68,
   34.8159,        69,
   34.8361,        59,
   34.8563,        75,
   34.8765,        86,
   34.8967,        62,
   34.9169,        63,
   34.9371,        62,
   34.9573,        60,
   34.9775,        82,
   34.9976,        71,
   35.0178,        71,
    35.038,        79,
   35.0582,        77,
   35.0784,        75,
   35.0986,        75,
   35.1188,        82,
    35.139,        80,
   35.1592,       129,
   35.1794,       137,
   35.1996,       125,
   35.2197,       101,
   35.2399,       115,
   35.2601,       113,
   35.2803,       117,
   35.3005,       100,
   35.3207,        62,
   35.3409,        85,
   35.3611,        78,
   35.3813,        62,
   35.4015,        64,
   35.4217,        56,
   35.4418,        73,
    35.462,        62,
   35.4822,        85,
   35.5024,        67,
   35.5226,        75,
   35.5428,        62,
    35.563,        65,
   35.5832,        58,
   35.6034,        94,
   35.6236,        82,
   35.6437,        77,
   35.6639,        72,
   35.6841,        71,
   35.7043,        68,
   35.7245,        75,
   35.7447,        75,
   35.7649,        73,
   35.7851,        64,
   35.8053,        72,
   35.8255,        68,
   35.8457,        63,
   35.8658,        59,
    35.886,        74,
   35.9062,        58,
   35.9264,        73,
   35.9466,        62,
   35.9668,        50,
    35.987,        64,
   36.0072,        59,
   36.0274,        57,
   36.0476,        67,
   36.0677,        52,
   36.0879,        87,
   36.1081,        58,
   36.1283,        70,
   36.1485,        70,
   36.1687,        72,
   36.1889,        68,
   36.2091,        76,
   36.2293,        64,
   36.2495,        65,
   36.2697,        77,
   36.2898,        71,
     36.31,        60,
   36.3302,        75,
   36.3504,        63,
   36.3706,        65,
   36.3908,        69,
    36.411,        54,
   36.4312,        78,
   36.4514,        66,
   36.4716,        74,
   36.4918,        62,
   36.5119,        68,
   36.5321,        66,
   36.5523,        63,
   36.5725,        85,
   36.5927,        66,
   36.6129,        78,
   36.6331,        55,
   36.6533,        65,
   36.6735,        53,
   36.6937,        62,
   36.7138,        67,
    36.734,        50,
   36.7542,        56,
   36.7744,        63,
   36.7946,        58,
   36.8148,        75,
    36.835,        64,
   36.8552,        59,
   36.8754,        76,
   36.8956,        64,
   36.9158,        69,
   36.9359,        65,
   36.9561,        52,
   36.9763,        49,
   36.9965,        64,
   37.0167,        77,
   37.0369,        79,
   37.0571,        58,
   37.0773,        68,
   37.0975,        64,
   37.1177,        78,
   37.1378,        66,
    37.158,        77,
   37.1782,        78,
   37.1984,        78,
   37.2186,        64,
   37.2388,        56,
    37.259,        66,
   37.2792,        65,
   37.2994,        56,
   37.3196,        70,
   37.3398,        66,
   37.3599,        63,
   37.3801,        75,
   37.4003,        76,
   37.4205,        73,
   37.4407,        67,
   37.4609,        69,
   37.4811,        63,
   37.5013,        66,
   37.5215,        66,
   37.5417,        76,
   37.5619,        64,
    37.582,        79,
   37.6022,        67,
   37.6224,        57,
   37.6426,        57,
   37.6628,        85,
    37.683,        78,
   37.7032,        83,
   37.7234,        77,
   37.7436,        82,
   37.7638,        68,
   37.7839,        83,
   37.8041,        62,
   37.8243,        79,
   37.8445,        88,
   37.8647,        75,
   37.8849,        82,
   37.9051,        70,
   37.9253,        75,
   37.9455,        67,
   37.9657,        72,
   37.9859,        64,
    38.006,        78,
   38.0262,        71,
   38.0464,        66,
   38.0666,        64,
   38.0868,        68,
    38.107,        82,
   38.1272,        73,
   38.1474,        90,
   38.1676,        78,
   38.1878,        67,
   38.2079,        79,
   38.2281,        74,
   38.2483,        76,
   38.2685,        75,
   38.2887,        62,
   38.3089,        70,
   38.3291,        78,
   38.3493,        64,
   38.3695,        81,
   38.3897,        92,
   38.4099,        77,
     38.43,        75,
   38.4502,        86,
   38.4704,        77,
   38.4906,        93,
   38.5108,       100,
    38.531,        99,
   38.5512,        89,
   38.5714,        88,
   38.5916,        86,
   38.6118,        84,
   38.6319,        90,
   38.6521,        88,
   38.6723,        90,
   38.6925,        88,
   38.7127,        96,
   38.7329,        91,
   38.7531,       101,
   38.7733,       115,
   38.7935,       111,
   38.8137,       116,
   38.8339,       118,
    38.854,       163,
   38.8742,       151,
   38.8944,       153,
   38.9146,       167,
   38.9348,       187,
    38.955,       248,
   38.9752,       317,
   38.9954,       402,
   39.0156,       354,
   39.0358,       284,
    39.056,       237,
   39.0761,       205,
   39.0963,       233,
   39.1165,       220,
   39.1367,       164,
   39.1569,       122,
   39.1771,       104,
   39.1973,        96,
   39.2175,       100,
   39.2377,        87,
   39.2579,        84,
    39.278,        80,
   39.2982,        72,
   39.3184,        82,
   39.3386,        81,
   39.3588,        58,
    39.379,        63,
   39.3992,        73,
   39.4194,        71,
   39.4396,        78,
   39.4598,        69,
     39.48,       106,
   39.5001,        79,
   39.5203,        83,
   39.5405,        78,
   39.5607,        73,
   39.5809,        72,
   39.6011,        76,
   39.6213,        86,
   39.6415,        94,
   39.6617,        66,
   39.6819,        75,
    39.702,        64,
   39.7222,        81,
   39.7424,        71,
   39.7626,        75,
   39.7828,        67,
    39.803,        73,
   39.8232,        67,
   39.8434,        74,
   39.8636,        82,
   39.8838,        76,
    39.904,        68,
   39.9241,        79,
   39.9443,        78,
   39.9645,        59,
   39.9847,        72,
   40.0049,        73,
   40.0251,        68,
   40.0453,        74,
   40.0655,        70,
   40.0857,        70,
   40.1059,        79,
   40.1261,        63,
   40.1462,        74,
   40.1664,        67,
   40.1866,        67,
   40.2068,        69,
    40.227,        74,
   40.2472,        62,
   40.2674,        73,
   40.2876,        63,
   40.3078,        76,
    40.328,        75,
   40.3481,        61,
   40.3683,        77,
   40.3885,        72,
   40.4087,        70,
   40.4289,        76,
   40.4491,        70,
   40.4693,        67,
   40.4895,        68,
   40.5097,        86,
   40.5299,        81,
   40.5501,        56,
   40.5702,        72,
   40.5904,        70,
   40.6106,        64,
   40.6308,        84,
    40.651,        64,
   40.6712,        71,
   40.6914,        56,
   40.7116,        68,
   40.7318,        76,
    40.752,        65,
   40.7721,        61,
   40.7923,        74,
   40.8125,        59,
   40.8327,        72,
   40.8529,        73,
   40.8731,        59,
   40.8933,        72,
   40.9135,        81,
   40.9337,        86,
   40.9539,        71,
   40.9741,        62,
   40.9942,        66,
   41.0144,        61,
   41.0346,        55,
   41.0548,        65,
    41.075,        59,
   41.0952,        69,
   41.1154,        83,
   41.1356,        75,
   41.1558,        74,
    41.176,        55,
   41.1962,        66,
   41.2163,        53,
   41.2365,        55,
   41.2567,        64,
   41.2769,        67,
   41.2971,        63,
   41.3173,        70,
   41.3375,        79,
   41.3577,        76,
   41.3779,        70,
   41.3981,        68,
   41.4182,        63,
   41.4384,        64,
   41.4586,        73,
   41.4788,        69,
    41.499,        80,
   41.5192,        63,
   41.5394,        69,
   41.5596,        65,
   41.5798,        84,
      41.6,        53,
   41.6202,        63,
   41.6403,        61,
   41.6605,        62,
   41.6807,        57,
   41.7009,        64,
   41.7211,        69,
   41.7413,        64,
   41.7615,        63,
   41.7817,        56,
   41.8019,        53,
   41.8221,        69,
   41.8422,        48,
   41.8624,        51,
   41.8826,        72,
   41.9028,        65,
    41.923,        68,
   41.9432,        60,
   41.9634,        65,
   41.9836,        59,
   42.0038,        69,
    42.024,        64,
   42.0442,        77,
   42.0643,        60,
   42.0845,        57,
   42.1047,        70,
   42.1249,        65,
   42.1451,        70,
   42.1653,        71,
   42.1855,        72,
   42.2057,        72,
   42.2259,        71,
   42.2461,        72,
   42.2663,        74,
   42.2864,        76,
   42.3066,        55,
   42.3268,        79,
    42.347,        62,
   42.3672,        78,
   42.3874,        61,
   42.4076,        60,
   42.4278,        67,
    42.448,        57,
   42.4682,        76,
   42.4883,        67,
   42.5085,        66,
   42.5287,        68,
   42.5489,        62,
   42.5691,        64,
   42.5893,        67,
   42.6095,        61,
   42.6297,        63,
   42.6499,        65,
   42.6701,        70,
   42.6903,        72,
   42.7104,        62,
   42.7306,        77,
   42.7508,        64,
    42.771,        76,
   42.7912,        62,
   42.8114,        64,
   42.8316,        62,
   42.8518,        68,
    42.872,        54,
   42.8922,        61,
   42.9123,        69,
   42.9325,        58,
   42.9527,        69,
   42.9729,        73,
   42.9931,        67,
   43.0133,        77,
   43.0335,        72,
   43.0537,        59,
   43.0739,        53,
   43.0941,        65,
   43.1143,        63,
   43.1344,        69,
   43.1546,        80,
   43.1748,        73,
    43.195,        58,
   43.2152,        67,
   43.2354,        81,
   43.2556,        69,
   43.2758,        72,
    43.296,        71,
   43.3162,        58,
   43.3364,        82,
   43.3565,        72,
   43.3767,        63,
   43.3969,        72,
   43.4171,        71,
   43.4373,        84,
   43.4575,        70,
   43.4777,        68,
   43.4979,        67,
   43.5181,        66,
   43.5383,        75,
   43.5584,        61,
   43.5786,        59,
   43.5988,        65,
    43.619,        71,
   43.6392,        86,
   43.6594,        71,
   43.6796,        68,
   43.6998,        62,
     43.72,        72,
   43.7402,        61,
   43.7604,        79,
   43.7805,        79,
   43.8007,        58,
   43.8209,        75,
   43.8411,        65,
   43.8613,        74,
   43.8815,        73,
   43.9017,        73,
   43.9219,        65,
   43.9421,        61,
   43.9623,        67,
   43.9824,        80,
   44.0026,        81,
   44.0228,        61,
    44.043,        74,
   44.0632,        71,
   44.0834,        74,
   44.1036,        72,
   44.1238,        73,
    44.144,        60,
   44.1642,        67,
   44.1844,        53,
   44.2045,        83,
   44.2247,        63,
   44.2449,        71,
   44.2651,        87,
   44.2853,        56,
   44.3055,        69,
   44.3257,        69,
   44.3459,        63,
   44.3661,        77,
   44.3863,        76,
   44.4065,        62,
   44.4266,        78,
   44.4468,        68,
    44.467,        72,
   44.4872,        71,
   44.5074,        66,
   44.5276,        71,
   44.5478,        92,
    44.568,        71,
   44.5882,        81,
   44.6084,        77,
   44.6285,        76,
   44.6487,        77,
   44.6689,        92,
   44.6891,        94,
   44.7093,       115,
   44.7295,       113,
   44.7497,        95,
   44.7699,       114,
   44.7901,       134,
   44.8103,       133,
   44.8305,       150,
   44.8506,       170,
   44.8708,       162,
    44.891,       122,
   44.9112,       123,
   44.9314,       126,
   44.9516,       119,
   44.9718,        97,
    44.992,       114,
   45.0122,        84,
   45.0324,        94,
   45.0525,        81,
   45.0727,        81,
   45.0929,        83,
   45.1131,        81,
   45.1333,        68,
   45.1535,        65,
   45.1737,        73,
   45.1939,        73,
   45.2141,        77,
   45.2343,        59,
   45.2545,        71,
   45.2746,        73,
   45.2948,        70,
    45.315,        65,
   45.3352,        64,
   45.3554,        52,
   45.3756,        72,
   45.3958,        77,
    45.416,        50,
   45.4362,        70,
   45.4564,        54,
   45.4766,        66,
   45.4967,        80,
   45.5169,        65,
   45.5371,        66,
   45.5573,        67,
   45.5775,        63,
   45.5977,        71,
   45.6179,        76,
   45.6381,        50,
   45.6583,        71,
   45.6785,        81,
   45.6986,        59,
   45.7188,        67,
    45.739,        63,
   45.7592,        47,
   45.7794,        78,
   45.7996,        72,
   45.8198,        57,
     45.84,        69,
   45.8602,        73,
   45.8804,        60,
   45.9006,        64,
   45.9207,        66,
   45.9409,        56,
   45.9611,        73,
   45.9813,        63,
   46.0015,        76,
   46.0217,        62,
   46.0419,        69,
   46.0621,        61,
   46.0823,        69,
   46.1025,        56,
   46.1226,        64,
   46.1428,        65,
    46.163,        62,
   46.1832,        82,
   46.2034,        77,
   46.2236,        73,
   46.2438,        68,
    46.264,        72,
   46.2842,        52,
   46.3044,        68,
   46.3246,        74,
   46.3447,        74,
   46.3649,        73,
   46.3851,        78,
   46.4053,        53,
   46.4255,        70,
   46.4457,        46,
   46.4659,        90,
   46.4861,        66,
   46.5063,        66,
   46.5265,        67,
   46.5467,        75,
   46.5668,        65,
    46.587,        56,
   46.6072,        51,
   46.6274,        57,
   46.6476,        64,
   46.6678,        59,
    46.688,        69,
   46.7082,        70,
   46.7284,        45,
   46.7486,        69,
   46.7687,        56,
   46.7889,        67,
   46.8091,        63,
   46.8293,        45,
   46.8495,        67,
   46.8697,        82,
   46.8899,        58,
   46.9101,        66,
   46.9303,        61,
   46.9505,        75,
   46.9707,        69,
   46.9908,        52,
    47.011,        66,
   47.0312,        55,
   47.0514,        64,
   47.0716,        60,
   47.0918,        64,
    47.112,        67,
   47.1322,        55,
   47.1524,        69,
   47.1726,        58,
   47.1927,        53,
   47.2129,        65,
   47.2331,        65,
   47.2533,        65,
   47.2735,        60,
   47.2937,        52,
   47.3139,        64,
   47.3341,        67,
   47.3543,        65,
   47.3745,        57,
   47.3947,        70,
   47.4148,        52,
    47.435,        58,
   47.4552,        58,
   47.4754,        68,
   47.4956,        64,
   47.5158,        81,
    47.536,        48,
   47.5562,        68,
   47.5764,        65,
   47.5966,        45,
   47.6167,        52,
   47.6369,        69,
   47.6571,        60,
   47.6773,        57,
   47.6975,        68,
   47.7177,        61,
   47.7379,        61,
   47.7581,        62,
   47.7783,        69,
   47.7985,        54,
   47.8187,        57,
   47.8388,        61,
    47.859,        64,
   47.8792,        47,
   47.8994,        52,
   47.9196,        47,
   47.9398,        61,
     47.96,        52,
   47.9802,        59,
   48.0004,        50,
   48.0206,        61,
   48.0408,        71,
   48.0609,        68,
   48.0811,        55,
   48.1013,        59,
   48.1215,        59,
   48.1417,        59,
   48.1619,        65,
   48.1821,        76,
   48.2023,        77,
   48.2225,        59,
   48.2427,        55,
   48.2628,        58,
    48.283,        69,
   48.3032,        64,
   48.3234,        62,
   48.3436,        57,
   48.3638,        57,
    48.384,        77,
   48.4042,        60,
   48.4244,        56,
   48.4446,        50,
   48.4648,        65,
   48.4849,        73,
   48.5051,        53,
   48.5253,        69,
   48.5455,        49,
   48.5657,        65,
   48.5859,        72,
   48.6061,        70,
   48.6263,        59,
   48.6465,        58,
   48.6667,        59,
   48.6868,        79,
    48.707,        71,
   48.7272,        69,
   48.7474,        62,
   48.7676,        63,
   48.7878,        54,
    48.808,        63,
   48.8282,        78,
   48.8484,        61,
   48.8686,        59,
   48.8888,        55,
   48.9089,        56,
   48.9291,        62,
   48.9493,        55,
   48.9695,        63,
   48.9897,        60,
   49.0099,        54,
   49.0301,        53,
   49.0503,        53,
   49.0705,        61,
   49.0907,        58,
   49.1109,        57,
    49.131,        58,
   49.1512,        63,
   49.1714,        62,
   49.1916,        63,
   49.2118,        55,
    49.232,        41,
   49.2522,        64,
   49.2724,        64,
   49.2926,        63,
   49.3128,        61,
   49.3329,        47,
   49.3531,        58,
   49.3733,        52,
   49.3935,        60,
   49.4137,        54,
   49.4339,        61,
   49.4541,        45,
   49.4743,        55,
   49.4945,        55,
   49.5147,        61,
   49.5349,        52,
    49.555,        55,
   49.5752,        58,
   49.5954,        63,
   49.6156,        62,
   49.6358,        60,
    49.656,        68,
   49.6762,        51,
   49.6964,        54,
   49.7166,        49,
   49.7368,        54,
   49.7569,        61,
   49.7771,        64,
   49.7973,        48,
   49.8175,        72,
   49.8377,        69,
   49.8579,        80,
   49.8781,        78,
   49.8983,        72,
   49.9185,        55,
   49.9387,        48,
   49.9589,        61,
    49.979,        69,
   49.9992,        58,
   50.0194,        59,
   50.0396,        49,
   50.0598,        56,
     50.08,        49,
   50.1002,        56,
   50.1204,        58,
   50.1406,        61,
   50.1608,        63,
    50.181,        58,
   50.2011,        64,
   50.2213,        72,
   50.2415,        50,
   50.2617,        78,
   50.2819,        61,
   50.3021,        58,
   50.3223,        47,
   50.3425,        66,
   50.3627,        59,
   50.3829,        50,
    50.403,        61,
   50.4232,        69,
   50.4434,        63,
   50.4636,        67,
   50.4838,        59,
    50.504,        63,
   50.5242,        67,
   50.5444,        62,
   50.5646,        66,
   50.5848,        67,
    50.605,        56,
   50.6251,        73,
   50.6453,        70,
   50.6655,        67,
   50.6857,        77,
   50.7059,        70,
   50.7261,        74,
   50.7463,        94,
   50.7665,       101,
   50.7867,       120,
   50.8069,       150,
    50.827,       124,
   50.8472,        95,
   50.8674,        94,
   50.8876,        83,
   50.9078,        91,
    50.928,       105,
   50.9482,       108,
   50.9684,        89,
   50.9886,        62,
   51.0088,        64,
    51.029,        69,
   51.0491,        67,
   51.0693,        42,
   51.0895,        61,
   51.1097,        68,
   51.1299,        69,
   51.1501,        55,
   51.1703,        60,
   51.1905,        72,
   51.2107,        61,
   51.2309,        64,
   51.2511,        61,
   51.2712,        46,
   51.2914,        62,
   51.3116,        57,
   51.3318,        51,
    51.352,        56,
   51.3722,        66,
   51.3924,        69,
   51.4126,        60,
   51.4328,        54,
    51.453,        70,
   51.4731,        62,
   51.4933,        63,
   51.5135,        50,
   51.5337,        60,
   51.5539,        58,
   51.5741,        68,
   51.5943,        63,
   51.6145,        57,
   51.6347,        52,
   51.6549,        44,
   51.6751,        60,
   51.6952,        56,
   51.7154,        68,
   51.7356,        46,
   51.7558,        59,
    51.776,        67,
   51.7962,        51,
   51.8164,        63,
   51.8366,        72,
   51.8568,        53,
    51.877,        53,
   51.8971,        63,
   51.9173,        71,
   51.9375,        62,
   51.9577,        53,
   51.9779,        66,
   51.9981,        53,
   52.0183,        65,
   52.0385,        70,
   52.0587,        61,
   52.0789,        72,
   52.0991,        61,
   52.1192,        49,
   52.1394,        66,
   52.1596,        64,
   52.1798,        56,
      52.2,        50,
   52.2202,        57,
   52.2404,        61,
   52.2606,        69,
   52.2808,        65,
    52.301,        62,
   52.3212,        52,
   52.3413,        59,
   52.3615,        69,
   52.3817,        59,
   52.4019,        58,
   52.4221,        63,
   52.4423,        47,
   52.4625,        57,
   52.4827,        68,
   52.5029,        51,
   52.5231,        55,
   52.5432,        64,
   52.5634,        74,
   52.5836,        68,
   52.6038,        63,
    52.624,        66,
   52.6442,        56,
   52.6644,        65,
   52.6846,        60,
   52.7048,        52,
    52.725,        68,
   52.7452,        61,
   52.7653,        79,
   52.7855,        57,
   52.8057,        62,
   52.8259,        62,
   52.8461,        52,
   52.8663,        64,
   52.8865,        62,
   52.9067,        59,
   52.9269,        61,
   52.9471,        61,
   52.9672,        51,
   52.9874,        53,
   53.0076,        58,
   53.0278,        70,
    53.048,        63,
   53.0682,        66,
   53.0884,        57,
   53.1086,        58,
   53.1288,        59,
    53.149,        64,
   53.1692,        63,
   53.1893,        59,
   53.2095,        63,
   53.2297,        66,
   53.2499,        65,
   53.2701,        58,
   53.2903,        61,
   53.3105,        61,
   53.3307,        63,
   53.3509,        73,
   53.3711,        58,
   53.3913,        46,
   53.4114,        67,
   53.4316,        59,
   53.4518,        64,
    53.472,        50,
   53.4922,        75,
   53.5124,        54,
   53.5326,        62,
   53.5528,        52,
    53.573,        53,
   53.5932,        66,
   53.6133,        62,
   53.6335,        62,
   53.6537,        58,
   53.6739,        63,
   53.6941,        60,
   53.7143,        60,
   53.7345,        66,
   53.7547,        72,
   53.7749,        57,
   53.7951,        59,
   53.8153,        63,
   53.8354,        66,
   53.8556,        56,
   53.8758,        51,
    53.896,        57,
   53.9162,        54,
   53.9364,        58,
   53.9566,        53,
   53.9768,        71,
    53.997,        78,
   54.0172,        68,
   54.0373,        68,
   54.0575,        46,
   54.0777,        55,
   54.0979,        60,
   54.1181,        69,
   54.1383,        69,
   54.1585,        57,
   54.1787,        69,
   54.1989,        62,
   54.2191,        65,
   54.2393,        65,
   54.2594,        68,
   54.2796,        49,
   54.2998,        69,
     54.32,        53,
   54.3402,        59,
   54.3604,        52,
   54.3806,        69,
   54.4008,        62,
    54.421,        73,
   54.4412,        68,
   54.4614,        63,
   54.4815,        62,
   54.5017,        58,
   54.5219,        62,
   54.5421,        75,
   54.5623,        53,
   54.5825,        67,
   54.6027,        66,
   54.6229,        58,
   54.6431,        70,
   54.6633,        72,
   54.6834,        71,
   54.7036,        64,
   54.7238,        65,
    54.744,        60,
   54.7642,        74,
   54.7844,        56,
   54.8046,        83,
   54.8248,        54,
    54.845,        56,
   54.8652,        59,
   54.8854,        61,
   54.9055,        65,
   54.9257,        52,
   54.9459,        75,
   54.9661,        60,
   54.9863,        68,
   55.0065,        46,
   55.0267,        69,
   55.0469,        55,
   55.0671,        70,
   55.0873,        55,
   55.1074,        69,
   55.1276,        72,
   55.1478,        59,
    55.168,        63,
   55.1882,        72,
   55.2084,        68,
   55.2286,        71,
   55.2488,        76,
    55.269,        72,
   55.2892,        72,
   55.3094,        78,
   55.3295,        62,
   55.3497,        72,
   55.3699,        69,
   55.3901,        67,
   55.4103,        66,
   55.4305,        61,
   55.4507,        60,
   55.4709,        51,
   55.4911,        62,
   55.5113,        53,
   55.5314,        60,
   55.5516,        67,
   55.5718,        71,
    55.592,        69,
   55.6122,        56,
   55.6324,        76,
   55.6526,        67,
   55.6728,        65,
    55.693,        64,
   55.7132,        74,
   55.7334,        74,
   55.7535,        57,
   55.7737,        76,
   55.7939,        54,
   55.8141,        77,
   55.8343,        72,
   55.8545,        60,
   55.8747,        55,
   55.8949,        63,
   55.9151,        70,
   55.9353,        65,
   55.9555,        58,
   55.9756,        68,
   55.9958,        66,
    56.016,        62,
   56.0362,        76,
   56.0564,        62,
   56.0766,        60,
   56.0968,        64,
    56.117,        76,
   56.1372,        60,
   56.1574,        60,
   56.1775,        58,
   56.1977,        66,
   56.2179,        70,
   56.2381,        63,
   56.2583,        64,
   56.2785,        60,
   56.2987,        71,
   56.3189,        72,
   56.3391,        62,
   56.3593,        64,
   56.3795,        60,
   56.3996,        61,
   56.4198,        70,
     56.44,        53,
   56.4602,        63,
   56.4804,        57,
   56.5006,        60,
   56.5208,        62,
    56.541,        56,
   56.5612,        67,
   56.5814,        61,
   56.6015,        69,
   56.6217,        69,
   56.6419,        73,
   56.6621,        78,
   56.6823,        69,
   56.7025,        72,
   56.7227,        64,
   56.7429,        71,
   56.7631,        73,
   56.7833,        66,
   56.8035,        66,
   56.8236,        67,
   56.8438,        70,
    56.864,        59,
   56.8842,        67,
   56.9044,        73,
   56.9246,        77,
   56.9448,        73,
    56.965,        77,
   56.9852,        89,
   57.0054,        71,
   57.0256,        76,
   57.0457,        52,
   57.0659,        72,
   57.0861,        83,
   57.1063,        72,
   57.1265,        81,
   57.1467,        80,
   57.1669,        75,
   57.1871,        74,
   57.2073,        78,
   57.2275,        64,
   57.2476,        71,
   57.2678,        74,
    57.288,        75,
   57.3082,        74,
   57.3284,        68,
   57.3486,        61,
   57.3688,        73,
    57.389,        65,
   57.4092,        66,
   57.4294,        61,
   57.4496,        68,
   57.4697,        52,
   57.4899,        68,
   57.5101,        64,
   57.5303,        60,
   57.5505,        66,
   57.5707,        76,
   57.5909,        68,
   57.6111,        58,
   57.6313,        68,
   57.6515,        67,
   57.6716,        59,
   57.6918,        62,
    57.712,        55,
   57.7322,        71,
   57.7524,        57,
   57.7726,        62,
   57.7928,        63,
    57.813,        70,
   57.8332,        66,
   57.8534,        65,
   57.8736,        69,
   57.8937,        75,
   57.9139,        68,
   57.9341,        74,
   57.9543,        86,
   57.9745,        66,
   57.9947,        70,
   58.0149,        63,
   58.0351,        67,
   58.0553,        77,
   58.0755,        73,
   58.0957,        55,
   58.1158,        69,
    58.136,        65,
   58.1562,        60,
   58.1764,        73,
   58.1966,        77,
   58.2168,        60,
    58.237,        68,
   58.2572,        60,
   58.2774,        64,
   58.2976,        65,
   58.3177,        84,
   58.3379,        67,
   58.3581,        47,
   58.3783,        62,
   58.3985,        66,
   58.4187,        66,
   58.4389,        72,
   58.4591,        61,
   58.4793,        57,
   58.4995,        67,
   58.5197,        60,
   58.5398,        67,
     58.56,        76,
   58.5802,        68,
   58.6004,        61,
   58.6206,        63,
   58.6408,        64,
    58.661,        64,
   58.6812,        64,
   58.7014,        64,
   58.7216,        62,
   58.7417,        64,
   58.7619,        65,
   58.7821,        64,
   58.8023,        64,
   58.8225,        69,
   58.8427,        60,
   58.8629,        73,
   58.8831,        68,
   58.9033,        57,
   58.9235,        63,
   58.9437,        71,
   58.9638,        69,
    58.984,        67,
   59.0042,        81,
   59.0244,        77,
   59.0446,        65,
   59.0648,        71,
    59.085,        68,
   59.1052,        61,
   59.1254,        73,
   59.1456,        64,
   59.1658,        65,
   59.1859,        68,
   59.2061,        60,
   59.2263,        74,
   59.2465,        80,
   59.2667,        64,
   59.2869,        64,
   59.3071,        67,
   59.3273,        67,
   59.3475,        62,
   59.3677,        76,
   59.3878,        64,
    59.408,        62,
   59.4282,        61,
   59.4484,        71,
   59.4686,        69,
   59.4888,        63,
    59.509,        63,
   59.5292,        73,
   59.5494,        68,
   59.5696,        72,
   59.5898,        64,
   59.6099,        64,
   59.6301,        67,
   59.6503,        63,
   59.6705,        78,
   59.6907,        54,
   59.7109,        68,
   59.7311,        81,
   59.7513,        57,
   59.7715,        55,
   59.7917,        70,
   59.8118,        60,
    59.832,        65,
   59.8522,        63,
   59.8724,        58,
   59.8926,        62,
   59.9128,        67,
    59.933,        61,
   59.9532,        65,
   59.9734,        69,
   59.9936,        61,
   60.0138,        51,
   60.0339,        78,
   60.0541,        70,
   60.0743,        68,
   60.0945,        78,
   60.1147,        68,
   60.1349,        66,
   60.1551,        62,
   60.1753,        75,
   60.1955,        62,
   60.2157,        71,
   60.2359,        63,
    60.256,        72,
   60.2762,        79,
   60.2964,        73,
   60.3166,        66,
   60.3368,        57,
    60.357,        69,
   60.3772,        73,
   60.3974,        75,
   60.4176,        74,
   60.4378,        83,
   60.4579,        92,
   60.4781,        95,
   60.4983,       117,
   60.5185,        94,
   60.5387,       101,
   60.5589,        75,
   60.5791,        83,
   60.5993,        83,
   60.6195,        99,
   60.6397,        88,
   60.6599,       103,
     60.68,        75,
   60.7002,        84,
   60.7204,        82,
   60.7406,        63,
   60.7608,        62,
    60.781,        68,
   60.8012,        70,
   60.8214,        66,
   60.8416,        65,
   60.8618,        63,
   60.8819,        75,
   60.9021,        83,
   60.9223,        69,
   60.9425,        71,
   60.9627,        57,
   60.9829,        72,
   61.0031,        64,
   61.0233,        62,
   61.0435,        69,
   61.0637,        75,
   61.0839,        67,
    61.104,        59,
   61.1242,        59,
   61.1444,        80,
   61.1646,        72,
   61.1848,        66,
    61.205,        58,
   61.2252,        59,
   61.2454,        69,
   61.2656,        70,
   61.2858,        68,
    61.306,        65,
   61.3261,        72,
   61.3463,        64,
   61.3665,        58,
   61.3867,        61,
   61.4069,        66,
   61.4271,        68,
   61.4473,        74,
   61.4675,        56,
   61.4877,        61,
   61.5079,        69,
    61.528,        64,
   61.5482,        76,
   61.5684,        71,
   61.5886,        74,
   61.6088,        44,
    61.629,        62,
   61.6492,        76,
   61.6694,        66,
   61.6896,        81,
   61.7098,        59,
     61.73,        64,
   61.7501,        71,
   61.7703,        62,
   61.7905,        70,
   61.8107,        65,
   61.8309,        66,
   61.8511,        54,
   61.8713,        60,
   61.8915,        66,
   61.9117,        84,
   61.9319,        64,
    61.952,        60,
   61.9722,        61,
   61.9924,        58,
   62.0126,        65,
   62.0328,        76,
    62.053,        52,
   62.0732,        77,
   62.0934,        71,
   62.1136,        65,
   62.1338,        64,
    62.154,        55,
   62.1741,        59,
   62.1943,        68,
   62.2145,        61,
   62.2347,        69,
   62.2549,        68,
   62.2751,        74,
   62.2953,        68,
   62.3155,        57,
   62.3357,        57,
   62.3559,        74,
   62.3761,        63,
   62.3962,        66,
   62.4164,        60,
   62.4366,        49,
   62.4568,        64,
    62.477,        54,
   62.4972,        68,
   62.5174,        80,
   62.5376,        89,
   62.5578,        69,
    62.578,        66,
   62.5981,        73,
   62.6183,        75,
   62.6385,        59,
   62.6587,        73,
   62.6789,        74,
   62.6991,        72,
   62.7193,        66,
   62.7395,        62,
   62.7597,        64,
   62.7799,        67,
   62.8001,        54,
   62.8202,        68,
   62.8404,        58,
   62.8606,        67,
   62.8808,        72,
    62.901,        76,
   62.9212,        60,
   62.9414,        65,
   62.9616,        63,
   62.9818,        58,
    63.002,        68,
   63.0221,        63,
   63.0423,        55,
   63.0625,        62,
   63.0827,        66,
   63.1029,        64,
   63.1231,        82,
   63.1433,        80,
   63.1635,        65,
   63.1837,        77,
   63.2039,        65,
   63.2241,        57,
   63.2442,        65,
   63.2644,        60,
   63.2846,        63,
   63.3048,        70,
    63.325,        66,
   63.3452,        71,
   63.3654,        74,
   63.3856,        61,
   63.4058,        57,
    63.426,        63,
   63.4462,        54,
   63.4663,        53,
   63.4865,        82,
   63.5067,        70,
   63.5269,        71,
   63.5471,        81,
   63.5673,        84,
   63.5875,        71,
   63.6077,        56,
   63.6279,        71,
   63.6481,        67,
   63.6682,        70,
   63.6884,        77,
   63.7086,        72,
   63.7288,        61,
    63.749,        86,
   63.7692,        61,
   63.7894,        65,
   63.8096,        56,
   63.8298,        65,
     63.85,        54,
   63.8702,        58,
   63.8903,        57,
   63.9105,        64,
   63.9307,        76,
   63.9509,        67,
   63.9711,        74,
   63.9913,        77,
   64.0115,        71,
   64.0317,        57,
   64.0519,        58,
   64.0721,        61,
   64.0922,        76,
   64.1124,        60,
   64.1326,        60,
   64.1528,        56,
    64.173,        64,
   64.1932,        56,
   64.2134,        72,
   64.2336,        71,
   64.2538,        59,
    64.274,        65,
   64.2942,        82,
   64.3143,        65,
   64.3345,        62,
   64.3547,        58,
   64.3749,        60,
   64.3951,        69,
   64.4153,        51,
   64.4355,        70,
   64.4557,        61,
   64.4759,        78,
   64.4961,        73,
   64.5162,        72,
   64.5364,        58,
   64.5566,        70,
   64.5768,        68,
    64.597,        66,
   64.6172,        65,
   64.6374,        74,
   64.6576,        59,
   64.6778,        65,
    64.698,        58,
   64.7182,        62,
   64.7383,        55,
   64.7585,        77,
   64.7787,        60,
   64.7989,        77,
   64.8191,        48,
   64.8393,        67,
   64.8595,        74,
   64.8797,        63,
   64.8999,        69,
   64.9201,        63,
   64.9403,        54,
   64.9604,        67,
   64.9806,        66,
   65.0008,        75,
    65.021,        65,
   65.0412,        59,
   65.0614,        78,
   65.0816,        58,
   65.1018,        60,
    65.122,        53,
   65.1422,        64,
   65.1623,        67,
   65.1825,        60,
   65.2027,        59,
   65.2229,        76,
   65.2431,        58,
   65.2633,        58,
   65.2835,        71,
   65.3037,        56,
   65.3239,        65,
   65.3441,        71,
   65.3643,        74,
   65.3844,        59,
   65.4046,        64,
   65.4248,        73,
    65.445,        65,
   65.4652,        62,
   65.4854,        43,
   65.5056,        59,
   65.5258,        59,
    65.546,        51,
   65.5662,        85,
   65.5863,        62,
   65.6065,        73,
   65.6267,        59,
   65.6469,        50,
   65.6671,        62,
   65.6873,        71,
   65.7075,        71,
   65.7277,        67,
   65.7479,        78,
   65.7681,        62,
   65.7883,        65,
   65.8084,        66,
   65.8286,        62,
   65.8488,        58,
    65.869,        67,
   65.8892,        60,
   65.9094,        58,
   65.9296,        68,
   65.9498,        61,
     65.97,        56,
   65.9902,        70,
   66.0104,        52,
   66.0305,        63,
   66.0507,        66,
   66.0709,        61,
   66.0911,        60,
   66.1113,        65,
   66.1315,        67,
   66.1517,        51,
   66.1719,        62,
   66.1921,        55,
   66.2123,        67,
   66.2324,        66,
   66.2526,        65,
   66.2728,        58,
    66.293,        71,
   66.3132,        62,
   66.3334,        71,
   66.3536,        60,
   66.3738,        69,
    66.394,        52,
   66.4142,        73,
   66.4344,        67,
   66.4545,        58,
   66.4747,        53,
   66.4949,        58,
   66.5151,        61,
   66.5353,        61,
   66.5555,        57,
   66.5757,        66,
   66.5959,        66,
   66.6161,        68,
   66.6363,        63,
   66.6564,        65,
   66.6766,        63,
   66.6968,        54,
    66.717,        59,
   66.7372,        66,
   66.7574,        54,
   66.7776,        70,
   66.7978,        56,
    66.818,        65,
   66.8382,        56,
   66.8584,        66,
   66.8785,        63,
   66.8987,        73,
   66.9189,        61,
   66.9391,        52,
   66.9593,        61,
   66.9795,        57,
   66.9997,        70,
   67.0199,        74,
   67.0401,        55,
   67.0603,        59,
   67.0805,        66,
   67.1006,        60,
   67.1208,        65,
    67.141,        56,
   67.1612,        63,
   67.1814,        61,
   67.2016,        53,
   67.2218,        58,
    67.242,        56,
   67.2622,        49,
   67.2824,        63,
   67.3025,        61,
   67.3227,        70,
   67.3429,        62,
   67.3631,        53,
   67.3833,        55,
   67.4035,        64,
   67.4237,        51,
   67.4439,        65,
   67.4641,        68,
   67.4843,        65,
   67.5045,        65,
   67.5246,        58,
   67.5448,        70,
    67.565,        76,
   67.5852,        69,
   67.6054,        58,
   67.6256,        55,
   67.6458,        55,
    67.666,        67,
   67.6862,        77,
   67.7064,        70,
   67.7265,        42,
   67.7467,        62,
   67.7669,        77,
   67.7871,        63,
   67.8073,        70,
   67.8275,        61,
   67.8477,        61,
   67.8679,        60,
   67.8881,        64,
   67.9083,        65,
   67.9285,        75,
   67.9486,        59,
   67.9688,        74,
    67.989,        70,
   68.0092,        61,
   68.0294,        67,
   68.0496,        72,
   68.0698,        69,
     68.09,        61,
   68.1102,        70,
   68.1304,        63,
   68.1506,        84,
   68.1707,        64,
   68.1909,        68,
   68.2111,        70,
   68.2313,        68,
   68.2515,        53,
   68.2717,        64,
   68.2919,        68,
   68.3121,        75,
   68.3323,        63,
   68.3525,        71,
   68.3726,        60,
   68.3928,        77,
    68.413,        63,
   68.4332,        57,
   68.4534,        70,
   68.4736,        67,
   68.4938,        57,
    68.514,        67,
   68.5342,        58,
   68.5544,        64,
   68.5746,        74,
   68.5947,        50,
   68.6149,        61,
   68.6351,        83,
   68.6553,        67,
   68.6755,        56,
   68.6957,        68,
   68.7159,        56,
   68.7361,        61,
   68.7563,        59,
   68.7765,        69,
   68.7966,        72,
   68.8168,        68,
    68.837,        68,
   68.8572,        57,
   68.8774,        65,
   68.8976,        58,
   68.9178,        61,
    68.938,        63,
   68.9582,        62,
   68.9784,        62,
   68.9986,        67,
   69.0187,        68,
   69.0389,        61,
   69.0591,        63,
   69.0793,        76,
   69.0995,        77,
   69.1197,        64,
   69.1399,        60,
   69.1601,        65,
   69.1803,        59,
   69.2005,        59,
   69.2207,        73,
   69.2408,        62,
    69.261,        67,
   69.2812,        56,
   69.3014,        61,
   69.3216,        60,
   69.3418,        62,
    69.362,        69,
   69.3822,        66,
   69.4024,        61,
   69.4226,        81,
   69.4427,        53,
   69.4629,        58,
   69.4831,        61,
   69.5033,        61,
   69.5235,        62,
   69.5437,        63,
   69.5639,        75,
   69.5841,        63,
   69.6043,        70,
   69.6245,        63,
   69.6447,        76,
   69.6648,        54,
    69.685,        65,
   69.7052,        60,
   69.7254,        72,
   69.7456,        75,
   69.7658,        66,
    69.786,        76,
   69.8062,        61,
   69.8264,        74,
   69.8466,        58,
   69.8667,        50,
   69.8869,        57,
   69.9071,        70,
   69.9273,        84,
   69.9475,        65,
   69.9677,        46,
   69.9879,        59,
   70.0081,        69,
   70.0283,        56,
   70.0485,        55,
   70.0687,        74,
   70.0888,        58,
    70.109,        69,
   70.1292,        55,
   70.1494,        55,
   70.1696,        65,
   70.1898,        72,
     70.21,        71,
   70.2302,        61,
   70.2504,        63,
   70.2706,        74,
   70.2908,        61,
   70.3109,        60,
   70.3311,        59,
   70.3513,        63,
   70.3715,        63,
   70.3917,        53,
   70.4119,        71,
   70.4321,        57,
   70.4523,        77,
   70.4725,        59,
   70.4927,        52,
   70.5128,        60,
    70.533,        64,
   70.5532,        73,
   70.5734,        70,
   70.5936,        73,
   70.6138,        68,
    70.634,        59,
   70.6542,        71,
   70.6744,        56,
   70.6946,        77,
   70.7148,        56,
   70.7349,        61,
   70.7551,        61,
   70.7753,        68,
   70.7955,        51,
   70.8157,        52,
   70.8359,        59,
   70.8561,        64,
   70.8763,        63,
   70.8965,        79,
   70.9167,        66,
   70.9368,        61,
    70.957,        64,
   70.9772,        63,
   70.9974,        75,
   71.0176,        71,
   71.0378,        63,
    71.058,        58,
   71.0782,        72,
   71.0984,        65,
   71.1186,        66,
   71.1388,        57,
   71.1589,        64,
   71.1791,        73,
   71.1993,        62,
   71.2195,        55,
   71.2397,        63,
   71.2599,        61,
   71.2801,        64,
   71.3003,        67,
   71.3205,        58,
   71.3407,        55,
   71.3609,        69,
    71.381,        66,
   71.4012,        65,
   71.4214,        69,
   71.4416,        64,
   71.4618,        60,
    71.482,        65,
   71.5022,        73,
   71.5224,        55,
   71.5426,        73,
   71.5628,        65,
   71.5829,        66,
   71.6031,        57,
   71.6233,        81,
   71.6435,        62,
   71.6637,        64,
   71.6839,        55,
   71.7041,        58,
   71.7243,        63,
   71.7445,        75,
   71.7647,        74,
   71.7849,        71,
    71.805,        75,
   71.8252,        79,
   71.8454,        74,
   71.8656,        69,
   71.8858,        64,
    71.906,        65,
   71.9262,        47,
   71.9464,        77,
   71.9666,        66,
   71.9868,        53,
   72.0069,        49,
   72.0271,        66,
   72.0473,        66,
   72.0675,        59,
   72.0877,        62,
   72.1079,        66,
   72.1281,        59,
   72.1483,        69,
   72.1685,        67,
   72.1887,        75,
   72.2089,        62,
    72.229,        88,
   72.2492,        79,
   72.2694,        68,
   72.2896,        81,
   72.3098,        65,
     72.33,        59,
   72.3502,        64,
   72.3704,        59,
   72.3906,        82,
   72.4108,        68,
   72.4309,        79,
   72.4511,        68,
   72.4713,        63,
   72.4915,        77,
   72.5117,        65,
   72.5319,        61,
   72.5521,        89,
   72.5723,        67,
   72.5925,        75,
   72.6127,        60,
   72.6329,        73,
    72.653,        69,
   72.6732,        70,
   72.6934,        70,
   72.7136,        69,
   72.7338,        73,
    72.754,        71,
   72.7742,        56,
   72.7944,        64,
   72.8146,        65,
   72.8348,        65,
    72.855,        58,
   72.8751,        63,
   72.8953,        53,
   72.9155,        72,
   72.9357,        67,
   72.9559,        74,
   72.9761,        66,
   72.9963,        58,
   73.0165,        57,
   73.0367,        71,
   73.0569,        63,
    73.077,        71,
   73.0972,        71,
   73.1174,        70,
   73.1376,        58,
   73.1578,        72,
    73.178,        79,
   73.1982,        65,
   73.2184,        67,
   73.2386,        63,
   73.2588,        62,
    73.279,        72,
   73.2991,        58,
   73.3193,        79,
   73.3395,        73,
   73.3597,        71,
   73.3799,        67,
   73.4001,        85,
   73.4203,        77,
   73.4405,        51,
   73.4607,        78,
   73.4809,        51,
    73.501,        63,
   73.5212,        61,
   73.5414,        67,
   73.5616,        82,
   73.5818,        69,
    73.602,        67,
   73.6222,        69,
   73.6424,        78,
   73.6626,        88,
   73.6828,        76,
    73.703,        73,
   73.7231,        63,
   73.7433,        58,
   73.7635,        73,
   73.7837,        78,
   73.8039,        65,
   73.8241,        73,
   73.8443,        72,
   73.8645,        69,
   73.8847,        66,
   73.9049,        62,
   73.9251,        74,
   73.9452,        66,
   73.9654,        70,
   73.9856,        77,
   74.0058,        61,
    74.026,        63,
   74.0462,        58,
   74.0664,        67,
   74.0866,        67,
   74.1068,        66,
    74.127,        59,
   74.1471,        64,
   74.1673,        65,
   74.1875,        85,
   74.2077,        64,
   74.2279,        75,
   74.2481,        78,
   74.2683,        68,
   74.2885,        68,
   74.3087,        68,
   74.3289,        76,
   74.3491,        67,
   74.3692,        71,
   74.3894,        71,
   74.4096,        56,
   74.4298,        81,
     74.45,        67,
   74.4702,        73,
   74.4904,        62,
   74.5106,        81,
   74.5308,        81,
    74.551,        66,
   74.5711,        70,
   74.5913,        75,
   74.6115,        61,
   74.6317,        72,
   74.6519,        86,
   74.6721,        80,
   74.6923,        49,
   74.7125,        75,
   74.7327,        66,
   74.7529,        62,
   74.7731,        59,
   74.7932,        62,
   74.8134,        60,
   74.8336,        84,
   74.8538,        72,
    74.874,        79,
   74.8942,        73,
   74.9144,        70,
   74.9346,        78,
   74.9548,        86,
    74.975,        83,
   74.9952,        77,
   75.0153,        76,
   75.0355,        80,
   75.0557,        64,
   75.0759,        66,
   75.0961,        70,
   75.1163,        66,
   75.1365,        66,
   75.1567,        82,
   75.1769,        63,
   75.1971,        71,
   75.2172,        65,
   75.2374,        78,
   75.2576,        66,
   75.2778,        74,
    75.298,        74,
   75.3182,        74,
   75.3384,        61,
   75.3586,        63,
   75.3788,        69,
    75.399,        75,
   75.4192,        60,
   75.4393,        87,
   75.4595,        79,
   75.4797,        59,
   75.4999,        88,
   75.5201,        71,
   75.5403,        84,
   75.5605,        76,
   75.5807,        71,
   75.6009,        66,
   75.6211,        74,
   75.6412,        72,
   75.6614,        78,
   75.6816,        91,
   75.7018,        78,
    75.722,        72,
   75.7422,        67,
   75.7624,        65,
   75.7826,        64,
   75.8028,        60,
    75.823,        69,
   75.8432,        71,
   75.8633,        62,
   75.8835,        68,
   75.9037,        72,
   75.9239,        74,
   75.9441,        58,
   75.9643,        63,
   75.9845,        78,
   76.0047,        68,
   76.0249,        58,
   76.0451,        69,
   76.0653,        70,
   76.0854,        63,
   76.1056,        67,
   76.1258,        65,
    76.146,        64,
   76.1662,        66,
   76.1864,        76,
   76.2066,        77,
   76.2268,        66,
    76.247,        57,
   76.2672,        75,
   76.2873,        65,
   76.3075,        71,
   76.3277,        77,
   76.3479,        84,
   76.3681,        80,
   76.3883,        76,
   76.4085,        72,
   76.4287,        70,
   76.4489,        68,
   76.4691,        77,
   76.4893,        95,
   76.5094,        74,
   76.5296,        70,
   76.5498,        88,
     76.57,        95,
   76.5902,        71,
   76.6104,        72,
   76.6306,        70,
   76.6508,        88,
    76.671,        71,
   76.6912,        59,
   76.7113,        69,
   76.7315,        81,
   76.7517,        74,
   76.7719,        81,
   76.7921,       100,
   76.8123,        75,
   76.8325,        77,
   76.8527,        72,
   76.8729,        60,
   76.8931,        78,
   76.9133,        59,
   76.9334,        88,
   76.9536,        80,
   76.9738,        74,
    76.994,        74,
   77.0142,        63,
   77.0344,        67,
   77.0546,        60,
   77.0748,        65,
    77.095,        63,
   77.1152,        85,
   77.1354,        57,
   77.1555,        85,
   77.1757,        68,
   77.1959,        78,
   77.2161,        84,
   77.2363,        72,
   77.2565,        75,
   77.2767,        53,
   77.2969,        71,
   77.3171,        71,
   77.3373,        77,
   77.3574,        71,
   77.3776,        69,
   77.3978,        66,
    77.418,        64,
   77.4382,        67,
   77.4584,        68,
   77.4786,        63,
   77.4988,        66,
    77.519,        65,
   77.5392,        84,
   77.5594,        71,
   77.5795,        72,
   77.5997,        62,
   77.6199,        58,
   77.6401,        79,
   77.6603,        71,
   77.6805,        80,
   77.7007,        68,
   77.7209,        58,
   77.7411,        68,
   77.7613,        79,
   77.7814,        77,
   77.8016,        72,
   77.8218,        74,
    77.842,        61,
   77.8622,        69,
   77.8824,        76,
   77.9026,        81,
   77.9228,        67,
    77.943,        62,
   77.9632,        73,
   77.9834,        74,
   78.0035,        69,
   78.0237,        69,
   78.0439,        68,
   78.0641,        67,
   78.0843,        66,
   78.1045,        82,
   78.1247,        66,
   78.1449,        62,
   78.1651,        66,
   78.1853,        80,
   78.2055,        71,
   78.2256,        68,
   78.2458,        70,
    78.266,        90,
   78.2862,        67,
   78.3064,        61,
   78.3266,        84,
   78.3468,        59,
    78.367,        63,
   78.3872,        72,
   78.4074,        69,
   78.4275,        75,
   78.4477,        75,
   78.4679,        75,
   78.4881,        70,
   78.5083,        81,
   78.5285,        66,
   78.5487,        81,
   78.5689,        88,
   78.5891,        71,
   78.6093,        70,
   78.6295,        60,
   78.6496,        68,
   78.6698,        74,
     78.69,        69,
   78.7102,        88,
   78.7304,        73,
   78.7506,        74,
   78.7708,        63,
    78.791,        64,
   78.8112,        83,
   78.8314,        68,
   78.8515,        63,
   78.8717,        54,
   78.8919,        74,
   78.9121,        80,
   78.9323,        77,
   78.9525,        73,
   78.9727,        82,
   78.9929,        78,
   79.0131,        71,
   79.0333,        64,
   79.0535,        57,
   79.0736,        97,
   79.0938,        64,
    79.114,        61,
   79.1342,        75,
   79.1544,        59,
   79.1746,        82,
   79.1948,        64,
    79.215,        55,
   79.2352,        72,
   79.2554,        80,
   79.2756,        74,
   79.2957,        66,
   79.3159,        66,
   79.3361,        58,
   79.3563,        65,
   79.3765,        78,
   79.3967,        81,
   79.4169,        63,
   79.4371,        75,
   79.4573,        68,
   79.4775,        70,
   79.4976,        78,
   79.5178,        58,
    79.538,        76,
   79.5582,        66,
   79.5784,        58,
   79.5986,        69,
   79.6188,        63,
    79.639,        69,
   79.6592,        78,
   79.6794,        69,
   79.6996,        74,
   79.7197,        74,
   79.7399,        68,
   79.7601,        64,
   79.7803,        75,
   79.8005,        72,
   79.8207,        79,
   79.8409,        61,
   79.8611,        63,
   79.8813,        47,
   79.9015,        83,
   79.9216,        74,
   79.9418,        68,
    79.962,        71,
   79.9822,        54,
   80.0024,        62,
   80.0226,        71,
   80.0428,        73,
    80.063,        68,
   80.0832,        73,
   80.1034,        67,
   80.1236,        77,
   80.1437,        68,
   80.1639,        60,
   80.1841,        56,
   80.2043,        65,
   80.2245,        78,
   80.2447,        66,
   80.2649,        66,
   80.2851,        74,
   80.3053,        60,
   80.3255,        79,
   80.3456,        63,
   80.3658,        76,
    80.386,        70,
   80.4062,        63,
   80.4264,        80,
   80.4466,        64,
   80.4668,        71,
    80.487,        64,
   80.5072,        66,
   80.5274,        76,
   80.5476,        62,
   80.5677,        69,
   80.5879,        58,
   80.6081,        55,
   80.6283,        64,
   80.6485,        73,
   80.6687,        71,
   80.6889,        60,
   80.7091,        83,
   80.7293,        57,
   80.7495,        75,
   80.7697,        71,
   80.7898,        85,
     80.81,        62,
   80.8302,        74,
   80.8504,        72,
   80.8706,        88,
   80.8908,        69,
    80.911,        74,
   80.9312,        65,
   80.9514,        59,
   80.9716,        63,
   80.9917,        64,
   81.0119,        51,
   81.0321,        68,
   81.0523,        49,
   81.0725,        57,
   81.0927,        69,
   81.1129,        59,
   81.1331,        74,
   81.1533,        65,
   81.1735,        75,
   81.1937,        62,
   81.2138,        71,
    81.234,        73,
   81.2542,        78,
   81.2744,        64,
   81.2946,        68,
   81.3148,        65,
    81.335,        63,
   81.3552,        71,
   81.3754,        66,
   81.3956,        61,
   81.4157,        70,
   81.4359,        64,
   81.4561,        61,
   81.4763,        62,
   81.4965,        73,
   81.5167,        91,
   81.5369,        73,
   81.5571,        72,
   81.5773,        66,
   81.5975,        67,
   81.6177,        65,
   81.6378,        68,
    81.658,        84,
   81.6782,        61,
   81.6984,        77,
   81.7186,        74,
   81.7388,        72,
    81.759,        71,
   81.7792,        60,
   81.7994,        62,
   81.8196,        62,
   81.8398,        65,
   81.8599,        70,
   81.8801,        53,
   81.9003,        59,
   81.9205,        65,
   81.9407,        75,
   81.9609,        63,
   81.9811,        67,
   82.0013,        73,
   82.0215,        66,
   82.0417,        63,
   82.0618,        60,
    82.082,        76,
   82.1022,        65,
   82.1224,        64,
   82.1426,        82,
   82.1628,        80,
    82.183,        80,
   82.2032,        60,
   82.2234,        63,
   82.2436,        58,
   82.2638,        67,
   82.2839,        60,
   82.3041,        61,
   82.3243,        74,
   82.3445,        57,
   82.3647,        71,
   82.3849,        56,
   82.4051,        66,
   82.4253,        69,
   82.4455,        61,
   82.4657,        72,
   82.4858,        59,
    82.506,        72,
   82.5262,        54,
   82.5464,        73,
   82.5666,        63,
   82.5868,        60,
    82.607,        81,
   82.6272,        66,
   82.6474,        69,
   82.6676,        88,
   82.6878,        67,
   82.7079,        67,
   82.7281,        68,
   82.7483,        71,
   82.7685,        68,
   82.7887,        71,
   82.8089,        74,
   82.8291,        75,
   82.8493,        72,
   82.8695,        52,
   82.8897,        70,
   82.9099,        56,
     82.93,        57,
   82.9502,        52,
   82.9704,        76,
   82.9906,        78,
   83.0108,        70,
    83.031,        63,
   83.0512,        69,
   83.0714,        84,
   83.0916,        81,
   83.1118,        69,
   83.1319,        73,
   83.1521,        81,
   83.1723,        79,
   83.1925,        79,
   83.2127,        78,
   83.2329,        59,
   83.2531,        62,
   83.2733,        57,
   83.2935,        53,
   83.3137,        73,
   83.3339,        72,
    83.354,        74,
   83.3742,        70,
   83.3944,        80,
   83.4146,        72,
   83.4348,        77,
    83.455,        66,
   83.4752,        66,
   83.4954,        77,
   83.5156,        70,
   83.5358,        50,
   83.5559,        69,
   83.5761,        79,
   83.5963,        56,
   83.6165,        76,
   83.6367,        55,
   83.6569,        65,
   83.6771,        83,
   83.6973,        69,
   83.7175,        73,
   83.7377,        67,
   83.7579,        72,
    83.778,        73,
   83.7982,        73,
   83.8184,        70,
   83.8386,        64,
   83.8588,        80,
    83.879,        76,
   83.8992,        63,
   83.9194,        62,
   83.9396,        60,
   83.9598,        72,
     83.98,        66,
   84.0001,        59,
   84.0203,        66,
   84.0405,        59,
   84.0607,        69,
   84.0809,        58,
   84.1011,        51,
   84.1213,        57,
   84.1415,        71,
   84.1617,        67,
   84.1819,        63,
    84.202,        64,
   84.2222,        63,
   84.2424,        58,
   84.2626,        72,
   84.2828,        59,
    84.303,        61,
   84.3232,        74,
   84.3434,        56,
   84.3636,        53,
   84.3838,        61,
    84.404,        57,
   84.4241,        64,
   84.4443,        69,
   84.4645,        65,
   84.4847,        65,
   84.5049,        77,
   84.5251,        66,
   84.5453,        61,
   84.5655,        67,
   84.5857,        63,
   84.6059,        65,
    84.626,        64,
   84.6462,        69,
   84.6664,        58,
   84.6866,        58,
   84.7068,        52,
    84.727,        74,
   84.7472,        53,
   84.7674,        64,
   84.7876,        61,
   84.8078,        78,
    84.828,        67,
   84.8481,        65,
   84.8683,        69,
   84.8885,        59,
   84.9087,        68,
   84.9289,        57,
   84.9491,        60,
   84.9693,        68,
   84.9895,        72,
   85.0097,        60,
   85.0299,        64,
   85.0501,        54,
   85.0702,        61,
   85.0904,        80,
   85.1106,        64,
   85.1308,        58,
    85.151,        58,
   85.1712,        61,
   85.1914,        65,
   85.2116,        55,
   85.2318,        71,
    85.252,        59,
   85.2721,        58,
   85.2923,        62,
   85.3125,        54,
   85.3327,        61,
   85.3529,        55,
   85.3731,        65,
   85.3933,        60,
   85.4135,        58,
   85.4337,        64,
   85.4539,        44,
   85.4741,        60,
   85.4942,        60,
   85.5144,        50,
   85.5346,        59,
   85.5548,        60,
    85.575,        61,
   85.5952,        55,
   85.6154,        67,
   85.6356,        64,
   85.6558,        55,
    85.676,        81,
   85.6961,        73,
   85.7163,        53,
   85.7365,        53,
   85.7567,        58,
   85.7769,        61,
   85.7971,        66,
   85.8173,        77,
   85.8375,        72,
   85.8577,        71,
   85.8779,        67,
   85.8981,        60,
   85.9182,        70,
   85.9384,        75,
   85.9586,        69,
   85.9788,        52,
    85.999,        53,
   86.0192,        72,
   86.0394,        76,
   86.0596,        68,
   86.0798,        62,
      86.1,        61,
   86.1202,        59,
   86.1403,        65,
   86.1605,        61,
   86.1807,        57,
   86.2009,        60,
   86.2211,        58,
   86.2413,        66,
   86.2615,        58,
   86.2817,        64,
   86.3019,        66,
   86.3221,        61,
   86.3422,        53,
   86.3624,        68,
   86.3826,        66,
   86.4028,        58,
    86.423,        58,
   86.4432,        55,
   86.4634,        67,
   86.4836,        68,
   86.5038,        54,
    86.524,        53,
   86.5442,        55,
   86.5643,        64,
   86.5845,        71,
   86.6047,        56,
   86.6249,        69,
   86.6451,        67,
   86.6653,        54,
   86.6855,        58,
   86.7057,        69,
   86.7259,        61,
   86.7461,        53,
   86.7662,        64,
   86.7864,        53,
   86.8066,        53,
   86.8268,        55,
    86.847,        59,
   86.8672,        48,
   86.8874,        53,
   86.9076,        61,
   86.9278,        52,
    86.948,        59,
   86.9682,        54,
   86.9883,        61,
   87.0085,        60,
   87.0287,        50,
   87.0489,        62,
   87.0691,        53,
   87.0893,        56,
   87.1095,        64,
   87.1297,        66,
   87.1499,        83,
   87.1701,        61,
   87.1903,        59,
   87.2104,        62,
   87.2306,        57,
   87.2508,        59,
    87.271,        64,
   87.2912,        75,
   87.3114,        65,
   87.3316,        60,
   87.3518,        62,
    87.372,        56,
   87.3922,        65,
   87.4123,        62,
   87.4325,        59,
   87.4527,        65,
   87.4729,        66,
   87.4931,        64,
   87.5133,        50,
   87.5335,        54,
   87.5537,        64,
   87.5739,        62,
   87.5941,        67,
   87.6143,        58,
   87.6344,        62,
   87.6546,        62,
   87.6748,        59,
    87.695,        52,
   87.7152,        59,
   87.7354,        60,
   87.7556,        74,
   87.7758,        60,
    87.796,        57,
   87.8162,        56,
   87.8363,        58,
   87.8565,        59,
   87.8767,        56,
   87.8969,        70,
   87.9171,        62,
   87.9373,        53,
   87.9575,        57,
   87.9777,        59,
   87.9979,        60,
   88.0181,        54,
   88.0383,        62,
   88.0584,        57,
   88.0786,        58,
   88.0988,        60,
    88.119,        63,
   88.1392,        73,
   88.1594,        62,
   88.1796,        63,
   88.1998,        64,
     88.22,        63,
   88.2402,        58,
   88.2604,        72,
   88.2805,        49,
   88.3007,        53,
   88.3209,        54,
   88.3411,        57,
   88.3613,        58,
   88.3815,        62,
   88.4017,        61,
   88.4219,        74,
   88.4421,        53,
   88.4623,        57,
   88.4824,        59,
   88.5026,        64,
   88.5228,        45,
    88.543,        55,
   88.5632,        51,
   88.5834,        72,
   88.6036,        54,
   88.6238,        56,
    88.644,        59,
   88.6642,        49,
   88.6844,        62,
   88.7045,        71,
   88.7247,        65,
   88.7449,        70,
   88.7651,        56,
   88.7853,        54,
   88.8055,        55,
   88.8257,        68,
   88.8459,        65,
   88.8661,        54,
   88.8863,        63,
   88.9064,        71,
   88.9266,        61,
   88.9468,        49,
    88.967,        58,
   88.9872,        58,
   89.0074,        61,
   89.0276,        63,
   89.0478,        56,
    89.068,        61,
   89.0882,        61,
   89.1084,        47,
   89.1285,        66,
   89.1487,        48,
   89.1689,        53,
   89.1891,        67,
   89.2093,        58,
   89.2295,        74,
   89.2497,        57,
   89.2699,        60,
   89.2901,        61,
   89.3103,        63,
   89.3304,        63,
   89.3506,        67,
   89.3708,        62,
    89.391,        45,
   89.4112,        57,
   89.4314,        50,
   89.4516,        64,
   89.4718,        48,
    89.492,        57,
   89.5122,        57,
   89.5324,        67,
   89.5525,        61,
   89.5727,        63,
   89.5929,        46,
   89.6131,        52,
   89.6333,        63,
   89.6535,        59,
   89.6737,        53,
   89.6939,        57,
   89.7141,        66,
   89.7343,        52,
   89.7545,        60,
   89.7746,        61,
   89.7948,        55,
    89.815,        63,
   89.8352,        50,
   89.8554,        46,
   89.8756,        62,
   89.8958,        50,
    89.916,        67,
   89.9362,        49,
   89.9564,        54,
   89.9765,        51,
   89.9967,        65,
   90.0169,        67,
   90.0371,        67,
   90.0573,        65,
   90.0775,        47,
   90.0977,        73,
   90.1179,        56,
   90.1381,        70,
   90.1583,        59,
   90.1785,        63,
   90.1986,        57,
   90.2188,        79,
    90.239,        58,
   90.2592,        70,
   90.2794,        53,
   90.2996,        63,
   90.3198,        68,
     90.34,        54,
   90.3602,        48,
   90.3804,        55,
   90.4005,        65,
   90.4207,        38,
   90.4409,        59,
   90.4611,        42,
   90.4813,        52,
   90.5015,        60,
   90.5217,        60,
   90.5419,        63,
   90.5621,        56,
   90.5823,        63,
   90.6025,        59,
   90.6226,        50,
   90.6428,        66,
    90.663,        52,
   90.6832,        53,
   90.7034,        60,
   90.7236,        60,
   90.7438,        54,
    90.764,        55,
   90.7842,        65,
   90.8044,        54,
   90.8246,        52,
   90.8447,        48,
   90.8649,        55,
   90.8851,        56,
   90.9053,        65,
   90.9255,        61,
   90.9457,        52,
   90.9659,        64,
   90.9861,        76,
   91.0063,        57,
   91.0265,        64,
   91.0466,        56,
   91.0668,        54,
    91.087,        47,
   91.1072,        56,
   91.1274,        54,
   91.1476,        68,
   91.1678,        52,
    91.188,        46,
   91.2082,        67,
   91.2284,        50,
   91.2486,        53,
   91.2687,        59,
   91.2889,        59,
   91.3091,        55,
   91.3293,        68,
   91.3495,        58,
   91.3697,        63,
   91.3899,        54,
   91.4101,        64,
   91.4303,        61,
   91.4505,        43,
   91.4706,        61,
   91.4908,        61,
    91.511,        72,
   91.5312,        66,
   91.5514,        54,
   91.5716,        54,
   91.5918,        70,
    91.612,        65,
   91.6322,        67,
   91.6524,        59,
   91.6726,        59,
   91.6927,        67,
   91.7129,        74,
   91.7331,        68,
   91.7533,        50,
   91.7735,        67,
   91.7937,        64,
   91.8139,        62,
   91.8341,        57,
   91.8543,        60,
   91.8745,        56,
   91.8947,        57,
   91.9148,        57,
    91.935,        55,
   91.9552,        66,
   91.9754,        68,
   91.9956,        65,
   92.0158,        72,
    92.036,        64,
   92.0562,        51,
   92.0764,        58,
   92.0966,        56,
   92.1167,        56,
   92.1369,        62,
   92.1571,        49,
   92.1773,        48,
   92.1975,        55,
   92.2177,        60,
   92.2379,        65,
   92.2581,        56,
   92.2783,        55,
   92.2985,        58,
   92.3187,        68,
   92.3388,        55,
    92.359,        65,
   92.3792,        59,
   92.3994,        56,
   92.4196,        58,
   92.4398,        61,
     92.46,        56,
   92.4802,        58,
   92.5004,        59,
   92.5206,        54,
   92.5407,        54,
   92.5609,        64,
   92.5811,        70,
   92.6013,        52,
   92.6215,        65,
   92.6417,        59,
   92.6619,        52,
   92.6821,        67,
   92.7023,        60,
   92.7225,        72,
   92.7427,        74,
   92.7628,        50,
    92.783,        53,
   92.8032,        48,
   92.8234,        72,
   92.8436,        50,
   92.8638,        49,
    92.884,        69,
   92.9042,        58,
   92.9244,        58,
   92.9446,        64,
   92.9648,        64,
   92.9849,        63,
   93.0051,        57,
   93.0253,        52,
   93.0455,        59,
   93.0657,        55,
   93.0859,        54,
   93.1061,        62,
   93.1263,        54,
   93.1465,        65,
   93.1667,        50,
   93.1868,        56,
    93.207,        73,
   93.2272,        67,
   93.2474,        57,
   93.2676,        52,
   93.2878,        53,
    93.308,        48,
   93.3282,        67,
   93.3484,        53,
   93.3686,        52,
   93.3888,        61,
   93.4089,        48,
   93.4291,        54,
   93.4493,        55,
   93.4695,        50,
   93.4897,        54,
   93.5099,        54,
   93.5301,        50,
   93.5503,        54,
   93.5705,        64,
   93.5907,        62,
   93.6108,        55,
    93.631,        51,
   93.6512,        48,
   93.6714,        64,
   93.6916,        67,
   93.7118,        61,
    93.732,        60,
   93.7522,        68,
   93.7724,        49,
   93.7926,        61,
   93.8128,        56,
   93.8329,        59,
   93.8531,        52,
   93.8733,        47,
   93.8935,        58,
   93.9137,        62,
   93.9339,        68,
   93.9541,        65,
   93.9743,        53,
   93.9945,        46,
   94.0147,        60,
   94.0349,        49,
    94.055,        58,
   94.0752,        69,
   94.0954,        58,
   94.1156,        54,
   94.1358,        51,
    94.156,        63,
   94.1762,        60,
   94.1964,        60,
   94.2166,        51,
   94.2368,        51,
   94.2569,        58,
   94.2771,        57,
   94.2973,        66,
   94.3175,        64,
   94.3377,        67,
   94.3579,        49,
   94.3781,        52,
   94.3983,        49,
   94.4185,        75,
   94.4387,        63,
   94.4589,        56,
    94.479,        54,
   94.4992,        74,
   94.5194,        58,
   94.5396,        81,
   94.5598,        58,
     94.58,        64,
   94.6002,        59,
   94.6204,        57,
   94.6406,        60,
   94.6608,        53,
   94.6809,        61,
   94.7011,        59,
   94.7213,        54,
   94.7415,        60,
   94.7617,        71,
   94.7819,        63,
   94.8021,        64,
   94.8223,        57,
   94.8425,        60,
   94.8627,        52,
   94.8829,        58,
    94.903,        63,
   94.9232,        66,
   94.9434,        62,
   94.9636,        52,
   94.9838,        70,
    95.004,        68,
   95.0242,        55,
   95.0444,        47,
   95.0646,        72,
   95.0848,        69,
    95.105,        62,
   95.1251,        63,
   95.1453,        68,
   95.1655,        53,
   95.1857,        55,
   95.2059,        50,
   95.2261,        65,
   95.2463,        47,
   95.2665,        70,
   95.2867,        68,
   95.3069,        58,
    95.327,        67,
   95.3472,        42,
   95.3674,        52,
   95.3876,        53,
   95.4078,        65,
    95.428,        62,
   95.4482,        63,
   95.4684,        71,
   95.4886,        47,
   95.5088,        57,
    95.529,        68,
   95.5491,        63,
   95.5693,        62,
   95.5895,        67,
   95.6097,        58,
   95.6299,        63,
   95.6501,        57,
   95.6703,        63,
   95.6905,        57,
   95.7107,        50,
   95.7309,        59,
    95.751,        52,
   95.7712,        50,
   95.7914,        51,
   95.8116,        56,
   95.8318,        57,
    95.852,        61,
   95.8722,        64,
   95.8924,        70,
   95.9126,        57,
   95.9328,        47,
    95.953,        54,
   95.9731,        49,
   95.9933,        56,
   96.0135,        62,
   96.0337,        62,
   96.0539,        57,
   96.0741,        69,
   96.0943,        55,
   96.1145,        54,
   96.1347,        56,
   96.1549,        55,
   96.1751,        56,
   96.1952,        74,
   96.2154,        59,
   96.2356,        49,
   96.2558,        55,
    96.276,        64,
   96.2962,        55,
   96.3164,        63,
   96.3366,        58,
   96.3568,        66,
    96.377,        54,
   96.3971,        55,
   96.4173,        67,
   96.4375,        55,
   96.4577,        54,
   96.4779,        56,
   96.4981,        67,
   96.5183,        62,
   96.5385,        59,
   96.5587,        60,
   96.5789,        59,
   96.5991,        76,
   96.6192,        70,
   96.6394,        60,
   96.6596,        65,
   96.6798,        50,
      96.7,        60,
   96.7202,        52,
   96.7404,        53,
   96.7606,        54,
   96.7808,        64,
    96.801,        58,
   96.8211,        51,
   96.8413,        50,
   96.8615,        57,
   96.8817,        41,
   96.9019,        56,
   96.9221,        47,
   96.9423,        66,
   96.9625,        53,
   96.9827,        55,
   97.0029,        44,
   97.0231,        62,
   97.0432,        48,
   97.0634,        57,
   97.0836,        47,
   97.1038,        50,
    97.124,        54,
   97.1442,        64,
   97.1644,        61,
   97.1846,        53,
   97.2048,        61,
    97.225,        52,
   97.2451,        45,
   97.2653,        51,
   97.2855,        49,
   97.3057,        50,
   97.3259,        61,
   97.3461,        71,
   97.3663,        57,
   97.3865,        55,
   97.4067,        52,
   97.4269,        63,
   97.4471,        60,
   97.4672,        57,
   97.4874,        50,
   97.5076,        59,
   97.5278,        56,
    97.548,        54,
   97.5682,        67,
   97.5884,        55,
   97.6086,        62,
   97.6288,        57,
    97.649,        61,
   97.6692,        51,
   97.6893,        49,
   97.7095,        59,
   97.7297,        59,
   97.7499,        63,
   97.7701,        54,
   97.7903,        72,
   97.8105,        45,
   97.8307,        54,
   97.8509,        47,
   97.8711,        56,
   97.8912,        64,
   97.9114,        50,
   97.9316,        49,
   97.9518,        47,
    97.972,        55,
   97.9922,        62,
   98.0124,        60,
   98.0326,        47,
   98.0528,        54,
    98.073,        58,
   98.0932,        48,
   98.1133,        57,
   98.1335,        54,
   98.1537,        44,
   98.1739,        69,
   98.1941,        69,
   98.2143,        52,
   98.2345,        56,
   98.2547,        63,
   98.2749,        45,
   98.2951,        64,
   98.3152,        62,
   98.3354,        69,
   98.3556,        56,
   98.3758,        70,
    98.396,        61,
   98.4162,        66,
   98.4364,        67,
   98.4566,        56,
   98.4768,        55,
    98.497,        57,
   98.5172,        50,
   98.5373,        62,
   98.5575,        63,
   98.5777,        56,
   98.5979,        47,
   98.6181,        61,
   98.6383,        51,
   98.6585,        62,
   98.6787,        52,
   98.6989,        52,
   98.7191,        56,
   98.7393,        61,
   98.7594,        63,
   98.7796,        51,
   98.7998,        50,
     98.82,        46,
   98.8402,        53,
   98.8604,        56,
   98.8806,        53,
   98.9008,        52,
    98.921,        48,
   98.9412,        61,
   98.9613,        58,
   98.9815,        44,
   99.0017,        55,
   99.0219,        64,
   99.0421,        50,
   99.0623,        55,
   99.0825,        66,
   99.1027,        62,
   99.1229,        54,
   99.1431,        50,
   99.1633,        64,
   99.1834,        50,
   99.2036,        58,
   99.2238,        56,
    99.244,        62,
   99.2642,        58,
   99.2844,        58,
   99.3046,        58,
   99.3248,        59,
    99.345,        61,
   99.3652,        48,
   99.3853,        56,
   99.4055,        52,
   99.4257,        55,
   99.4459,        57,
   99.4661,        57,
   99.4863,        49,
   99.5065,        58,
   99.5267,        51,
   99.5469,        60,
   99.5671,        54,
   99.5873,        53,
   99.6074,        66,
   99.6276,        68,
   99.6478,        64,
    99.668,        58,
   99.6882,        51,
   99.7084,        63,
   99.7286,        56,
   99.7488,        53,
    99.769,        55,
   99.7892,        61,
   99.8094,        45,
   99.8295,        64,
   99.8497,        51,
   99.8699,        57,
   99.8901,        50,
   99.9103,        54,
   99.9305,        51,
   99.9507,        51,
   99.9709,        46,
   99.9911,        56,
   100.011,        48,
   100.031,        55,
   100.052,        59,
   100.072,        52,
   100.092,        55,
   100.112,        49,
   100.132,        65,
   100.153,        73,
   100.173,        56,
   100.193,        47,
   100.213,        53,
   100.233,        57,
   100.254,        62,
   100.274,        57,
   100.294,        55,
   100.314,        63,
   100.334,        65,
   100.354,        52,
   100.375,        51,
   100.395,        61,
   100.415,        55,
   100.435,        64,
   100.455,        64,
   100.476,        50,
   100.496,        73,
   100.516,        60,
   100.536,        54,
   100.556,        54,
   100.577,        53,
   100.597,        53,
   100.617,        57,
   100.637,        51,
   100.657,        56,
   100.678,        54,
   100.698,        62,
   100.718,        55,
   100.738,        55,
   100.758,        67,
   100.778,        68,
   100.799,        43,
   100.819,        45,
   100.839,        56,
   100.859,        59,
   100.879,        54,
     100.9,        63,
    100.92,        61,
    100.94,        53,
    100.96,        48,
    100.98,        63,
   101.001,        46,
   101.021,        55,
   101.041,        63,
   101.061,        55,
   101.081,        62,
   101.102,        60,
   101.122,        65,
   101.142,        66,
   101.162,        58,
   101.182,        58,
   101.202,        63,
   101.223,        52,
   101.243,        45,
   101.263,        50,
   101.283,        53,
   101.303,        54,
   101.324,        52,
   101.344,        51,
   101.364,        52,
   101.384,        65,
   101.404,        60,
   101.425,        46,
   101.445,        57,
   101.465,        48,
   101.485,        55,
   101.505,        69,
   101.526,        55,
   101.546,        65,
   101.566,        51,
   101.586,        47,
   101.606,        48,
   101.627,        58,
   101.647,        60,
   101.667,        62,
   101.687,        65,
   101.707,        55,
   101.727,        55,
   101.748,        59,
   101.768,        49,
   101.788,        58,
   101.808,        61,
   101.828,        38,
   101.849,        54,
   101.869,        50,
   101.889,        55,
   101.909,        56,
   101.929,        62,
    101.95,        57,
    101.97,        50,
    101.99,        56,
    102.01,        56,
    102.03,        40,
   102.051,        51,
   102.071,        57,
   102.091,        63,
   102.111,        54,
   102.131,        51,
   102.151,        48,
   102.172,        55,
   102.192,        46,
   102.212,        39,
   102.232,        63,
   102.252,        58,
   102.273,        52,
   102.293,        53,
   102.313,        57,
   102.333,        50,
   102.353,        55,
   102.374,        46,
   102.394,        66,
   102.414,        55,
   102.434,        70,
   102.454,        50,
   102.475,        58,
   102.495,        37,
   102.515,        54,
   102.535,        44,
   102.555,        52,
   102.575,        55,
   102.596,        63,
   102.616,        52,
   102.636,        65,
   102.656,        64,
   102.676,        70,
   102.697,        66,
   102.717,        64,
   102.737,        46,
   102.757,        59,
   102.777,        50,
   102.798,        58,
   102.818,        60,
   102.838,        59,
   102.858,        63,
   102.878,        60,
   102.899,        55,
   102.919,        68,
   102.939,        57,
   102.959,        50,
   102.979,        59,
   102.999,        53,
    103.02,        48,
    103.04,        57,
    103.06,        52,
    103.08,        51,
     103.1,        65,
   103.121,        49,
   103.141,        62,
   103.161,        75,
   103.181,        60,
   103.201,        71,
   103.222,        54,
   103.242,        58,
   103.262,        54,
   103.282,        61,
   103.302,        52,
   103.323,        56,
   103.343,        50,
   103.363,        48,
   103.383,        56,
   103.403,        46,
   103.423,        46,
   103.444,        62,
   103.464,        60,
   103.484,        66,
   103.504,        72,
   103.524,        61,
   103.545,        57,
   103.565,        64,
   103.585,        53,
   103.605,        49,
   103.625,        49,
   103.646,        59,
   103.666,        62,
   103.686,        56,
   103.706,        51,
   103.726,        63,
   103.747,        59,
   103.767,        65,
   103.787,        46,
   103.807,        50,
   103.827,        65,
   103.847,        66,
   103.868,        47,
   103.888,        65,
   103.908,        52,
   103.928,        58,
   103.948,        50,
   103.969,        70,
   103.989,        64,
   104.009,        49,
   104.029,        54,
   104.049,        67,
    104.07,        66,
    104.09,        56,
    104.11,        54,
    104.13,        55,
    104.15,        53,
   104.171,        56,
   104.191,        48,
   104.211,        69,
   104.231,        64,
   104.251,        61,
   104.271,        46,
   104.292,        59,
   104.312,        53,
   104.332,        56,
   104.352,        55,
   104.372,        55,
   104.393,        56,
   104.413,        54,
   104.433,        60,
   104.453,        51,
   104.473,        55,
   104.494,        55,
   104.514,        63,
   104.534,        53,
   104.554,        57,
   104.574,        56,
   104.595,        45,
   104.615,        51,
   104.635,        49,
   104.655,        59,
   104.675,        67,
   104.695,        46,
   104.716,        57,
   104.736,        64,
   104.756,        58,
   104.776,        59,
   104.796,        65,
   104.817,        56,
   104.837,        53,
   104.857,        60,
   104.877,        60,
   104.897,        53,
   104.918,        60,
   104.938,        60,
   104.958,        66,
   104.978,        70,
   104.998,        58,
   105.019,        69,
   105.039,        66,
   105.059,        56,
   105.079,        66,
   105.099,        59,
   105.119,        71,
    105.14,        58,
    105.16,        68,
    105.18,        63,
     105.2,        64,
    105.22,        47,
   105.241,        65,
   105.261,        50,
   105.281,        56,
   105.301,        61,
   105.321,        51,
   105.342,        51,
   105.362,        46,
   105.382,        63,
   105.402,        58,
   105.422,        56,
   105.443,        54,
   105.463,        61,
   105.483,        68,
   105.503,        60,
   105.523,        54,
   105.543,        57,
   105.564,        69,
   105.584,        58,
   105.604,        49,
   105.624,        66,
   105.644,        63,
   105.665,        55,
   105.685,        50,
   105.705,        45,
   105.725,        67,
   105.745,        50,
   105.766,        65,
   105.786,        68,
   105.806,        55,
   105.826,        53,
   105.846,        62,
   105.867,        63,
   105.887,        54,
   105.907,        61,
   105.927,        58,
   105.947,        58,
   105.967,        48,
   105.988,        60,
   106.008,        52,
   106.028,        59,
   106.048,        72,
   106.068,        53,
   106.089,        51,
   106.109,        69,
   106.129,        44,
   106.149,        59,
   106.169,        56,
    106.19,        56,
    106.21,        46,
    106.23,        59,
    106.25,        55,
    106.27,        43,
   106.291,        54,
   106.311,        59,
   106.331,        49,
   106.351,        57,
   106.371,        62,
   106.391,        67,
   106.412,        52,
   106.432,        52,
   106.452,        47,
   106.472,        70,
   106.492,        46,
   106.513,        65,
   106.533,        67,
   106.553,        59,
   106.573,        59,
   106.593,        58,
   106.614,        53,
   106.634,        50,
   106.654,        49,
   106.674,        57,
   106.694,        72,
   106.715,        57,
   106.735,        49,
   106.755,        57,
   106.775,        61,
   106.795,        52,
   106.815,        48,
   106.836,        55,
   106.856,        56,
   106.876,        42,
   106.896,        58,
   106.916,        52,
   106.937,        58,
   106.957,        46,
   106.977,        58,
   106.997,        53,
   107.017,        55,
   107.038,        42,
   107.058,        58,
   107.078,        43,
   107.098,        52,
   107.118,        59,
   107.139,        68,
   107.159,        53,
   107.179,        54,
   107.199,        54,
   107.219,        48,
   107.239,        49,
    107.26,        43,
    107.28,        50,
     107.3,        64,
    107.32,        52,
    107.34,        60,
   107.361,        52,
   107.381,        56,
   107.401,        60,
   107.421,        43,
   107.441,        54,
   107.462,        35,
   107.482,        50,
   107.502,        47,
   107.522,        61,
   107.542,        58,
   107.563,        60,
   107.583,        53,
   107.603,        57,
   107.623,        55,
   107.643,        44,
   107.663,        50,
   107.684,        57,
   107.704,        54,
   107.724,        77,
   107.744,        60,
   107.764,        52,
   107.785,        63,
   107.805,        56,
   107.825,        51,
   107.845,        58,
   107.865,        46,
   107.886,        45,
   107.906,        69,
   107.926,        62,
   107.946,        48,
   107.966,        48,
   107.987,        59,
   108.007,        65,
   108.027,        46,
   108.047,        51,
   108.067,        48,
   108.087,        57,
   108.108,        53,
   108.128,        52,
   108.148,        51,
   108.168,        65,
   108.188,        53,
   108.209,        55,
   108.229,        47,
   108.249,        64,
   108.269,        51,
   108.289,        61,
    108.31,        60,
    108.33,        47,
    108.35,        61,
    108.37,        55,
    108.39,        61,
   108.411,        45,
   108.431,        56,
   108.451,        64,
   108.471,        59,
   108.491,        53,
   108.511,        43,
   108.532,        51,
   108.552,        59,
   108.572,        68,
   108.592,        52,
   108.612,        57,
   108.633,        58,
   108.653,        52,
   108.673,        61,
   108.693,        57,
   108.713,        63,
   108.734,        65,
   108.754,        48,
   108.774,        50,
   108.794,        54,
   108.814,        53,
   108.835,        64,
   108.855,        56,
   108.875,        52,
   108.895,        64,
   108.915,        45,
   108.935,        60,
   108.956,        69,
   108.976,        52,
   108.996,        62,
   109.016,        54,
   109.036,        48,
   109.057,        55,
   109.077,        51,
   109.097,        57,
   109.117,        42,
   109.137,        57,
   109.158,        54,
   109.178,        53,
   109.198,        63,
   109.218,        62,
   109.238,        57,
   109.259,        58,
   109.279,        53,
   109.299,        51,
   109.319,        52,
   109.339,        50,
   109.359,        51,
    109.38,        56,
     109.4,        57,
    109.42,        61,
    109.44,        58,
    109.46,        57,
   109.481,        50,
   109.501,        71,
   109.521,        40,
   109.541,        73,
   109.561,        53,
   109.582,        60,
   109.602,        61,
   109.622,        50,
   109.642,        60,
   109.662,        52,
   109.683,        69,
   109.703,        58,
   109.723,        45,
   109.743,        49,
   109.763,        45,
   109.783,        59,
   109.804,        52,
   109.824,        56,
   109.844,        57,
   109.864,        50,
   109.884,        60,
   109.905,        52,
   109.925,        60,
   109.945,        55,
   109.965,        52,
   109.985,        56,
   110.006,        54,
   110.026,        52,
   110.046,        58,
   110.066,        50,
   110.086,        54,
   110.107,        53,
   110.127,        59,
   110.147,        50,
   110.167,        50,
   110.187,        65,
   110.207,        67,
   110.228,        55,
   110.248,        60,
   110.268,        70,
   110.288,        61,
   110.308,        64,
   110.329,        55,
   110.349,        59,
   110.369,        62,
   110.389,        67,
   110.409,        65,
    110.43,        66,
    110.45,        55,
    110.47,        53,
    110.49,        63,
    110.51,        47,
   110.531,        57,
   110.551,        60,
   110.571,        54,
   110.591,        44,
   110.611,        47,
   110.631,        56,
   110.652,        57,
   110.672,        61,
   110.692,        56,
   110.712,        57,
   110.732,        60,
   110.753,        52,
   110.773,        46,
   110.793,        52,
   110.813,        54,
   110.833,        62,
   110.854,        70,
   110.874,        59,
   110.894,        59,
   110.914,        54,
   110.934,        55,
   110.955,        54,
   110.975,        53,
   110.995,        57,
   111.015,        43,
   111.035,        56,
   111.055,        70,
   111.076,        56,
   111.096,        57,
   111.116,        58,
   111.136,        50,
   111.156,        50,
   111.177,        65,
   111.197,        51,
   111.217,        41,
   111.237,        50,
   111.257,        62,
   111.278,        64,
   111.298,        61,
   111.318,        61,
   111.338,        60,
   111.358,        52,
   111.379,        66,
   111.399,        68,
   111.419,        67,
   111.439,        52,
   111.459,        71,
   111.479,        54,
     111.5,        62,
    111.52,        49,
    111.54,        56,
    111.56,        57,
    111.58,        51,
   111.601,        50,
   111.621,        52,
   111.641,        58,
   111.661,        60,
   111.681,        45,
   111.702,        53,
   111.722,        49,
   111.742,        61,
   111.762,        54,
   111.782,        73,
   111.803,        59,
   111.823,        54,
   111.843,        65,
   111.863,        65,
   111.883,        58,
   111.903,        57,
   111.924,        70,
   111.944,        63,
   111.964,        55,
   111.984,        61,
   112.004,        47,
   112.025,        47,
   112.045,        61,
   112.065,        71,
   112.085,        49,
   112.105,        52,
   112.126,        64,
   112.146,        53,
   112.166,        51,
   112.186,        56,
   112.206,        51,
   112.227,        62,
   112.247,        61,
   112.267,        60,
   112.287,        48,
   112.307,        61,
   112.327,        59,
   112.348,        55,
   112.368,        59,
   112.388,        53,
   112.408,        61,
   112.428,        48,
   112.449,        64,
   112.469,        50,
   112.489,        61,
   112.509,        52,
   112.529,        49,
    112.55,        57,
    112.57,        53,
    112.59,        59,
    112.61,        54,
    112.63,        67,
   112.651,        59,
   112.671,        56,
   112.691,        51,
   112.711,        58,
   112.731,        61,
   112.752,        46,
   112.772,        59,
   112.792,        59,
   112.812,        73,
   112.832,        56,
   112.852,        58,
   112.873,        49,
   112.893,        60,
   112.913,        65,
   112.933,        54,
   112.953,        63,
   112.974,        54,
   112.994,        63,
   113.014,        69,
   113.034,        66,
   113.054,        55,
   113.075,        56,
   113.095,        53,
   113.115,        57,
   113.135,        43,
   113.155,        84,
   113.176,        49,
   113.196,        56,
   113.216,        57,
   113.236,        68,
   113.256,        74,
   113.276,        69,
   113.297,        55,
   113.317,        52,
   113.337,        56,
   113.357,        60,
   113.377,        51,
   113.398,        56,
   113.418,        62,
   113.438,        55,
   113.458,        54,
   113.478,        44,
   113.499,        41,
   113.519,        59,
   113.539,        65,
   113.559,        45,
   113.579,        54,
     113.6,        50,
    113.62,        66,
    113.64,        61,
    113.66,        62,
    113.68,        59,
     113.7,        65,
   113.721,        55,
   113.741,        57,
   113.761,        67,
   113.781,        58,
   113.801,        58,
   113.822,        47,
   113.842,        67,
   113.862,        73,
   113.882,        47,
   113.902,        63,
   113.923,        59,
   113.943,        52,
   113.963,        60,
   113.983,        52,
   114.003,        71,
   114.024,        49,
   114.044,        56,
   114.064,        67,
   114.084,        51,
   114.104,        46,
   114.124,        59,
   114.145,        57,
   114.165,        62,
   114.185,        61,
   114.205,        61,
   114.225,        67,
   114.246,        58,
   114.266,        50,
   114.286,        55,
   114.306,        66,
   114.326,        63,
   114.347,        56,
   114.367,        52,
   114.387,        53,
   114.407,        59,
   114.427,        48,
   114.448,        48,
   114.468,        60,
   114.488,        66,
   114.508,        53,
   114.528,        56,
   114.548,        59,
   114.569,        60,
   114.589,        67,
   114.609,        42,
   114.629,        52,
   114.649,        64,
    114.67,        60,
    114.69,        62,
    114.71,        56,
    114.73,        57,
    114.75,        56,
   114.771,        55,
   114.791,        59,
   114.811,        59,
   114.831,        53,
   114.851,        67,
   114.872,        54,
   114.892,        66,
   114.912,        58,
   114.932,        78,
   114.952,        65,
   114.972,        55,
   114.993,        58,
   115.013,        61,
   115.033,        59,
   115.053,        56,
   115.073,        67,
   115.094,        64,
   115.114,        71,
   115.134,        54,
   115.154,        57,
   115.174,        66,
   115.195,        64,
   115.215,        63,
   115.235,        49,
   115.255,        56,
   115.275,        49,
   115.296,        51,
   115.316,        76,
   115.336,        48,
   115.356,        50,
   115.376,        59,
   115.396,        61,
   115.417,        55,
   115.437,        54,
   115.457,        55,
   115.477,        62,
   115.497,        68,
   115.518,        64,
   115.538,        54,
   115.558,        52,
   115.578,        52,
   115.598,        56,
   115.619,        76,
   115.639,        56,
   115.659,        53,
   115.679,        67,
   115.699,        59,
    115.72,        70,
    115.74,        63,
    115.76,        60,
    115.78,        55,
     115.8,        56,
    115.82,        54,
   115.841,        67,
   115.861,        57,
   115.881,        64,
   115.901,        57,
   115.921,        62,
   115.942,        58,
   115.962,        55,
   115.982,        62,
   116.002,        67,
   116.022,        62,
   116.043,        53,
   116.063,        63,
   116.083,        63,
   116.103,        58,
   116.123,        64,
   116.144,        70,
   116.164,        59,
   116.184,        61,
   116.204,        60,
   116.224,        54,
   116.244,        50,
   116.265,        53,
   116.285,        52,
   116.305,        63,
   116.325,        60,
   116.345,        61,
   116.366,        61,
   116.386,        55,
   116.406,        69,
   116.426,        60,
   116.446,        45,
   116.467,        56,
   116.487,        67,
   116.507,        45,
   116.527,        67,
   116.547,        46,
   116.568,        62,
   116.588,        61,
   116.608,        62,
   116.628,        52,
   116.648,        71,
   116.668,        60,
   116.689,        58,
   116.709,        52,
   116.729,        61,
   116.749,        62,
   116.769,        55,
    116.79,        42,
    116.81,        55,
    116.83,        54,
    116.85,        60,
    116.87,        61,
   116.891,        62,
   116.911,        66,
   116.931,        54,
   116.951,        46,
   116.971,        70,
   116.992,        58,
   117.012,        47,
   117.032,        59,
   117.052,        63,
   117.072,        60,
   117.092,        53,
   117.113,        67,
   117.133,        57,
   117.153,        57,
   117.173,        66,
   117.193,        55,
   117.214,        51,
   117.234,        60,
   117.254,        62,
   117.274,        59,
   117.294,        57,
   117.315,        50,
   117.335,        67,
   117.355,        51,
   117.375,        50,
   117.395,        64,
   117.416,        65,
   117.436,        53,
   117.456,        51,
   117.476,        68,
   117.496,        65,
   117.516,        54,
   117.537,        57,
   117.557,        65,
   117.577,        52,
   117.597,        55,
   117.617,        56,
   117.638,        61,
   117.658,        56,
   117.678,        66,
   117.698,        60,
   117.718,        56,
   117.739,        65,
   117.759,        66,
   117.779,        63,
   117.799,        62,
   117.819,        57,
    117.84,        71,
    117.86,        64,
    117.88,        50,
     117.9,        54,
    117.92,        61,
    117.94,        58,
   117.961,        59,
   117.981,        57,
   118.001,        62,
   118.021,        57,
   118.041,        49,
   118.062,        73,
   118.082,        61,
   118.102,        54,
   118.122,        59,
   118.142,        63,
   118.163,        51,
   118.183,        58,
   118.203,        51,
   118.223,        53,
   118.243,        56,
   118.264,        66,
   118.284,        55,
   118.304,        56,
   118.324,        56,
   118.344,        55,
   118.364,        61,
   118.385,        61,
   118.405,        56,
   118.425,        60,
   118.445,        57,
   118.465,        57,
   118.486,        52,
   118.506,        46,
   118.526,        65,
   118.546,        61,
   118.566,        69,
   118.587,        64,
   118.607,        49,
   118.627,        65,
   118.647,        60,
   118.667,        71,
   118.688,        65,
   118.708,        70,
   118.728,        66,
   118.748,        55,
   118.768,        53,
   118.788,        52,
   118.809,        52,
   118.829,        69,
   118.849,        61,
   118.869,        49,
   118.889,        78,
    118.91,        62,
    118.93,        51,
    118.95,        68,
    118.97,        65,
    118.99,        64,
   119.011,        66,
   119.031,        45,
   119.051,        60,
   119.071,        61,
   119.091,        56,
   119.112,        64,
   119.132,        57,
   119.152,        67,
   119.172,        58,
   119.192,        59,
   119.212,        47,
   119.233,        61,
   119.253,        64,
   119.273,        65,
   119.293,        47,
   119.313,        56,
   119.334,        75,
   119.354,        62,
   119.374,        66,
   119.394,        54,
   119.414,        67,
   119.435,        69,
   119.455,        58,
   119.475,        53,
   119.495,        56,
   119.515,        43,
   119.536,        64,
   119.556,        63,
   119.576,        57,
   119.596,        51,
   119.616,        59,
   119.636,        65,
   119.657,        66,
   119.677,        57,
   119.697,        51,
   119.717,        67,
   119.737,        58,
   119.758,        52,
   119.778,        47,
   119.798,        55,
   119.818,        59,
   119.838,        60,
   119.859,        67,
   119.879,        66,
   119.899,        66,
   119.919,        54,
   119.939,        69,
    119.96,        71,
    119.98,        65,
       120,        70,
