;RAW4.00
[RawHeader]
Date=04/22/2026
EstimatedTotalTime=571.859
FurtherDQLReading=0
HardwareIndicator=65519
MeasuredTotalTime=571.859
MeasurementFlag=1
NumberOfMeasuredRanges=1
NumberOfRanges=1
Time=14:21:18

[VarInfo]
Type=USER
Flags=0
Value=Lab Manager

[VarInfo]
Type=SAMPLEID
Flags=0
Value=Commander Sample ID

[VarInfo]
Type=COMMENT
Flags=0
Value=

[VarInfo]
Type=UTF
Flags=0
Value=

[VarInfo]
Type=CREATOR
Flags=0
Value=BrmlToV4Converter

[VarInfo]
Type=CREATOR_VERSION
Flags=0
Value=6.5.0.0

[HardwareConfiguration]
AbsorptionFactor=9999
ActivateAbsorber=0
Alpha1=1.5406
Alpha2=1.54439
AlphaAverage=1.54184
AlphaRatio=0.5
Analyzer=0
Anode=Cu
AntiScatteringSlit=9999
BeamOpticsFlags=0
Beta=1.39222
BetaRelativeIntensity=0
DeactivateAbsorber=0
DetectorSlit=9999
DivergenceSlit=9999
GoniometerControl=0
GoniometerDiameter=282
GoniometerModel=256
GoniometerStage=7
Monochromator=0
NearSampleSlit=9999
PrimarySollerSlit=9999
SampleChanger=0
SecondSollerSlit=9999
SynchronousAxis=0
ThinFilmAttachment=9999
WaveUnit=A

[RangeHeader]
ActuallyUsedLambda=1.54184
AdditionalDetectorMask=257
DataRecordLength=4
DelayTime=0
DisplayPlaneNumber=0
EstimatedScanTime=572
ExtraParametersMask=0
GeneratorCurrent=10
GeneratorVoltage=30
Increment=0.0201906
Increment3=0
NumberOfCompletedData=5449
NumberOfCounts=1
NumberOfDetectors=0
NumberOfDrives=3
NumberOfEncoderDrives=0
NumberOfMeasuredData=5449
NumberOfVaryingParameters=0
RangeStartTime=0
RotationSpeed=0
ScanMode=1
ScanType=Locked Coupled
SimulatedMeasConditions=0
SlitChangerIn=0
SmootingWidth=0
Start=10.0017
Steps=5449
SynchronousRotation=0
Time=16.5

[VarInfo]
Type=PSD_DISCRIM
Flags=0
Value=0.11;0.25

[PSD]
ActualTwoTheta=9999
FirstUsedChannel=0
FixedPSD=0
PSDOpening=4.99716
PSDType=5

[Drive]
DriveFlags=1
DriveName=2Theta
DriveNumber=2
DriveOffset=0
OffsetIndex=0
OscillationAmplitude=0
OscillationSpeed=0
StartPosition=10.0017

[Drive]
DriveFlags=1
DriveName=Theta
DriveNumber=1
DriveOffset=0
OffsetIndex=0
OscillationAmplitude=0
OscillationSpeed=0
StartPosition=5.00087

[Drive]
DriveFlags=1
DriveName=Phi
DriveNumber=3
DriveOffset=0
OffsetIndex=0
OscillationAmplitude=0
OscillationSpeed=0
StartPosition=359.986

[Data]
     Angle,       PSD,
   10.0017,       265,
   10.0219,       246,
   10.0421,       300,
   10.0623,       259,
   10.0825,       264,
   10.1027,       270,
   10.1229,       278,
   10.1431,       254,
   10.1633,       289,
   10.1834,       282,
   10.2036,       271,
   10.2238,       274,
    10.244,       297,
   10.2642,       269,
   10.2844,       349,
   10.3046,       345,
   10.3248,       376,
    10.345,       403,
   10.3652,       353,
   10.3854,       315,
   10.4055,       302,
   10.4257,       284,
   10.4459,       287,
   10.4661,       296,
   10.4863,       251,
   10.5065,       261,
   10.5267,       302,
   10.5469,       326,
   10.5671,       264,
   10.5873,       320,
   10.6075,       326,
   10.6276,       391,
   10.6478,       464,
    10.668,       580,
   10.6882,       793,
   10.7084,       956,
   10.7286,      1128,
   10.7488,      1027,
    10.769,       885,
   10.7892,       755,
   10.8094,       599,
   10.8295,       542,
   10.8497,       674,
   10.8699,       712,
   10.8901,       754,
   10.9103,       647,
   10.9305,       468,
   10.9507,       414,
   10.9709,       379,
   10.9911,       406,
   11.0113,       491,
   11.0315,       598,
   11.0516,       679,
   11.0718,       656,
    11.092,       704,
   11.1122,       695,
   11.1324,       702,
   11.1526,       718,
   11.1728,       680,
    11.193,       769,
   11.2132,       734,
   11.2334,       757,
   11.2535,       902,
   11.2737,      1303,
   11.2939,      2983,
   11.3141,      5473,
   11.3343,      7533,
   11.3545,     14291,
   11.3747,     28248,
   11.3949,     43980,
   11.4151,     47659,
   11.4353,     30299,
   11.4555,     12410,
   11.4756,      3246,
   11.4958,      1300,
    11.516,       886,
   11.5362,       833,
   11.5564,       792,
   11.5766,       731,
   11.5968,       753,
    11.617,       736,
   11.6372,       764,
   11.6574,       776,
   11.6776,       773,
   11.6977,       750,
   11.7179,       719,
   11.7381,       643,
   11.7583,       602,
   11.7785,       555,
   11.7987,       471,
   11.8189,       447,
   11.8391,       449,
   11.8593,       468,
   11.8795,       445,
   11.8996,       445,
   11.9198,       418,
     11.94,       405,
   11.9602,       397,
   11.9804,       422,
   12.0006,       422,
   12.0208,       395,
    12.041,       452,
   12.0612,       416,
   12.0814,       448,
   12.1016,       442,
   12.1217,       433,
   12.1419,       395,
   12.1621,       347,
   12.1823,       440,
   12.2025,       399,
   12.2227,       415,
   12.2429,       391,
   12.2631,       390,
   12.2833,       353,
   12.3035,       376,
   12.3236,       393,
   12.3438,       371,
    12.364,       379,
   12.3842,       386,
   12.4044,       406,
   12.4246,       371,
   12.4448,       348,
    12.465,       363,
   12.4852,       391,
   12.5054,       351,
   12.5256,       350,
   12.5457,       374,
   12.5659,       380,
   12.5861,       362,
   12.6063,       384,
   12.6265,       376,
   12.6467,       387,
   12.6669,       366,
   12.6871,       356,
   12.7073,       373,
   12.7275,       375,
   12.7477,       381,
   12.7678,       382,
    12.788,       346,
   12.8082,       369,
   12.8284,       343,
   12.8486,       360,
   12.8688,       339,
    12.889,       383,
   12.9092,       402,
   12.9294,       338,
   12.9496,       361,
   12.9697,       348,
   12.9899,       358,
   13.0101,       358,
   13.0303,       366,
   13.0505,       364,
   13.0707,       368,
   13.0909,       362,
   13.1111,       356,
   13.1313,       339,
   13.1515,       372,
   13.1717,       344,
   13.1918,       340,
    13.212,       312,
   13.2322,       308,
   13.2524,       313,
   13.2726,       368,
   13.2928,       354,
    13.313,       338,
   13.3332,       321,
   13.3534,       348,
   13.3736,       324,
   13.3937,       357,
   13.4139,       337,
   13.4341,       318,
   13.4543,       337,
   13.4745,       321,
   13.4947,       335,
   13.5149,       324,
   13.5351,       320,
   13.5553,       341,
   13.5755,       311,
   13.5957,       359,
   13.6158,       300,
    13.636,       373,
   13.6562,       349,
   13.6764,       342,
   13.6966,       269,
   13.7168,       308,
    13.737,       328,
   13.7572,       293,
   13.7774,       292,
   13.7976,       286,
   13.8177,       330,
   13.8379,       313,
   13.8581,       320,
   13.8783,       330,
   13.8985,       311,
   13.9187,       373,
   13.9389,       339,
   13.9591,       328,
   13.9793,       300,
   13.9995,       347,
   14.0197,       311,
   14.0398,       301,
     14.06,       339,
   14.0802,       330,
   14.1004,       323,
   14.1206,       343,
   14.1408,       348,
    14.161,       308,
   14.1812,       354,
   14.2014,       307,
   14.2216,       326,
   14.2418,       306,
   14.2619,       320,
   14.2821,       336,
   14.3023,       330,
   14.3225,       298,
   14.3427,       313,
   14.3629,       380,
   14.3831,       302,
   14.4033,       354,
   14.4235,       308,
   14.4437,       325,
   14.4638,       323,
    14.484,       315,
   14.5042,       320,
   14.5244,       304,
   14.5446,       284,
   14.5648,       337,
    14.585,       326,
   14.6052,       323,
   14.6254,       304,
   14.6456,       332,
   14.6658,       299,
   14.6859,       297,
   14.7061,       331,
   14.7263,       301,
   14.7465,       310,
   14.7667,       306,
   14.7869,       306,
   14.8071,       312,
   14.8273,       312,
   14.8475,       352,
   14.8677,       302,
   14.8878,       282,
    14.908,       319,
   14.9282,       303,
   14.9484,       308,
   14.9686,       332,
   14.9888,       285,
    15.009,       333,
   15.0292,       295,
   15.0494,       309,
   15.0696,       285,
   15.0898,       317,
   15.1099,       285,
   15.1301,       272,
   15.1503,       297,
   15.1705,       295,
   15.1907,       314,
   15.2109,       324,
   15.2311,       314,
   15.2513,       365,
   15.2715,       373,
   15.2917,       382,
   15.3119,       377,
    15.332,       380,
   15.3522,       310,
   15.3724,       310,
   15.3926,       299,
   15.4128,       301,
    15.433,       274,
   15.4532,       300,
   15.4734,       289,
   15.4936,       283,
   15.5138,       281,
   15.5339,       292,
   15.5541,       313,
   15.5743,       282,
   15.5945,       289,
   15.6147,       271,
   15.6349,       303,
   15.6551,       269,
   15.6753,       267,
   15.6955,       299,
   15.7157,       287,
   15.7359,       298,
    15.756,       281,
   15.7762,       321,
   15.7964,       333,
   15.8166,       348,
   15.8368,       388,
    15.857,       442,
   15.8772,       473,
   15.8974,       530,
   15.9176,       418,
   15.9378,       408,
   15.9579,       342,
   15.9781,       335,
   15.9983,       277,
   16.0185,       288,
   16.0387,       257,
   16.0589,       281,
   16.0791,       266,
   16.0993,       251,
   16.1195,       309,
   16.1397,       295,
   16.1599,       326,
     16.18,       386,
   16.2002,       395,
   16.2204,       364,
   16.2406,       398,
   16.2608,       421,
    16.281,       495,
   16.3012,       513,
   16.3214,       543,
   16.3416,       575,
   16.3618,       740,
    16.382,       792,
   16.4021,       830,
   16.4223,       692,
   16.4425,       581,
   16.4627,       552,
   16.4829,       556,
   16.5031,       560,
   16.5233,       594,
   16.5435,       645,
   16.5637,       628,
   16.5839,       617,
    16.604,       656,
   16.6242,       680,
   16.6444,       673,
   16.6646,       694,
   16.6848,       673,
    16.705,       742,
   16.7252,       824,
   16.7454,      1031,
   16.7656,      1599,
   16.7858,      3223,
    16.806,      5807,
   16.8261,      7550,
   16.8463,     13232,
   16.8665,     25277,
   16.8867,     39092,
   16.9069,     47961,
   16.9271,     37627,
   16.9473,     23320,
   16.9675,     12332,
   16.9877,      3218,
   17.0079,      1354,
    17.028,       942,
   17.0482,       827,
   17.0684,       816,
   17.0886,       788,
   17.1088,       786,
    17.129,       723,
   17.1492,       747,
   17.1694,       692,
   17.1896,       677,
   17.2098,       723,
     17.23,       645,
   17.2501,       577,
   17.2703,       520,
   17.2905,       471,
   17.3107,       461,
   17.3309,       427,
   17.3511,       402,
   17.3713,       403,
   17.3915,       404,
   17.4117,       383,
   17.4319,       368,
   17.4521,       360,
   17.4722,       404,
   17.4924,       343,
   17.5126,       381,
   17.5328,       378,
    17.553,       386,
   17.5732,       357,
   17.5934,       336,
   17.6136,       387,
   17.6338,       383,
    17.654,       382,
   17.6741,       351,
   17.6943,       348,
   17.7145,       357,
   17.7347,       334,
   17.7549,       359,
   17.7751,       357,
   17.7953,       366,
   17.8155,       355,
   17.8357,       352,
   17.8559,       351,
   17.8761,       345,
   17.8962,       350,
   17.9164,       343,
   17.9366,       359,
   17.9568,       323,
    17.977,       361,
   17.9972,       359,
   18.0174,       367,
   18.0376,       326,
   18.0578,       344,
    18.078,       367,
   18.0981,       319,
   18.1183,       314,
   18.1385,       356,
   18.1587,       336,
   18.1789,       320,
   18.1991,       337,
   18.2193,       320,
   18.2395,       308,
   18.2597,       331,
   18.2799,       334,
   18.3001,       325,
   18.3202,       282,
   18.3404,       312,
   18.3606,       288,
   18.3808,       328,
    18.401,       303,
   18.4212,       302,
   18.4414,       269,
   18.4616,       284,
   18.4818,       324,
    18.502,       333,
   18.5222,       269,
   18.5423,       327,
   18.5625,       330,
   18.5827,       292,
   18.6029,       290,
   18.6231,       283,
   18.6433,       329,
   18.6635,       305,
   18.6837,       329,
   18.7039,       284,
   18.7241,       289,
   18.7442,       298,
   18.7644,       286,
   18.7846,       276,
   18.8048,       286,
    18.825,       290,
   18.8452,       334,
   18.8654,       296,
   18.8856,       256,
   18.9058,       284,
    18.926,       237,
   18.9462,       308,
   18.9663,       280,
   18.9865,       316,
   19.0067,       294,
   19.0269,       292,
   19.0471,       312,
   19.0673,       292,
   19.0875,       267,
   19.1077,       259,
   19.1279,       277,
   19.1481,       251,
   19.1682,       274,
   19.1884,       301,
   19.2086,       262,
   19.2288,       294,
    19.249,       275,
   19.2692,       241,
   19.2894,       243,
   19.3096,       253,
   19.3298,       255,
     19.35,       257,
   19.3702,       272,
   19.3903,       263,
   19.4105,       240,
   19.4307,       261,
   19.4509,       309,
   19.4711,       251,
   19.4913,       257,
   19.5115,       249,
   19.5317,       248,
   19.5519,       246,
   19.5721,       271,
   19.5923,       261,
   19.6124,       250,
   19.6326,       264,
   19.6528,       270,
    19.673,       257,
   19.6932,       238,
   19.7134,       252,
   19.7336,       252,
   19.7538,       261,
    19.774,       252,
   19.7942,       255,
   19.8143,       230,
   19.8345,       249,
   19.8547,       260,
   19.8749,       256,
   19.8951,       257,
   19.9153,       264,
   19.9355,       238,
   19.9557,       247,
   19.9759,       227,
   19.9961,       229,
   20.0163,       208,
   20.0364,       231,
   20.0566,       271,
   20.0768,       247,
    20.097,       245,
   20.1172,       221,
   20.1374,       250,
   20.1576,       231,
   20.1778,       249,
    20.198,       236,
   20.2182,       242,
   20.2383,       265,
   20.2585,       224,
   20.2787,       261,
   20.2989,       233,
   20.3191,       230,
   20.3393,       202,
   20.3595,       220,
   20.3797,       234,
   20.3999,       217,
   20.4201,       210,
   20.4403,       242,
   20.4604,       243,
   20.4806,       231,
   20.5008,       211,
    20.521,       233,
   20.5412,       206,
   20.5614,       215,
   20.5816,       223,
   20.6018,       234,
    20.622,       247,
   20.6422,       241,
   20.6624,       232,
   20.6825,       236,
   20.7027,       216,
   20.7229,       220,
   20.7431,       204,
   20.7633,       230,
   20.7835,       229,
   20.8037,       215,
   20.8239,       227,
   20.8441,       201,
   20.8643,       230,
   20.8844,       247,
   20.9046,       231,
   20.9248,       246,
    20.945,       258,
   20.9652,       236,
   20.9854,       227,
   21.0056,       230,
   21.0258,       250,
    21.046,       302,
   21.0662,       281,
   21.0864,       296,
   21.1065,       311,
   21.1267,       289,
   21.1469,       268,
   21.1671,       246,
   21.1873,       233,
   21.2075,       228,
   21.2277,       251,
   21.2479,       228,
   21.2681,       227,
   21.2883,       198,
   21.3084,       210,
   21.3286,       236,
   21.3488,       230,
    21.369,       224,
   21.3892,       218,
   21.4094,       191,
   21.4296,       223,
   21.4498,       195,
     21.47,       216,
   21.4902,       214,
   21.5104,       216,
   21.5305,       204,
   21.5507,       248,
   21.5709,       215,
   21.5911,       212,
   21.6113,       241,
   21.6315,       209,
   21.6517,       206,
   21.6719,       249,
   21.6921,       231,
   21.7123,       218,
   21.7325,       232,
   21.7526,       267,
   21.7728,       217,
    21.793,       233,
   21.8132,       243,
   21.8334,       258,
   21.8536,       235,
   21.8738,       261,
    21.894,       245,
   21.9142,       251,
   21.9344,       262,
   21.9545,       257,
   21.9747,       235,
   21.9949,       247,
   22.0151,       261,
   22.0353,       259,
   22.0555,       248,
   22.0757,       218,
   22.0959,       214,
   22.1161,       215,
   22.1363,       243,
   22.1565,       209,
   22.1766,       271,
   22.1968,       267,
    22.217,       259,
   22.2372,       294,
   22.2574,       291,
   22.2776,       330,
   22.2978,       434,
    22.318,       704,
   22.3382,      1053,
   22.3584,      1210,
   22.3785,      1987,
   22.3987,      3927,
   22.4189,      5860,
   22.4391,      6561,
   22.4593,      4895,
   22.4795,      3582,
   22.4997,      2896,
   22.5199,      1301,
   22.5401,       506,
   22.5603,       371,
   22.5805,       290,
   22.6006,       288,
   22.6208,       266,
    22.641,       280,
   22.6612,       246,
   22.6814,       241,
   22.7016,       263,
   22.7218,       254,
    22.742,       231,
   22.7622,       231,
   22.7824,       256,
   22.8025,       241,
   22.8227,       231,
   22.8429,       239,
   22.8631,       178,
   22.8833,       188,
   22.9035,       192,
   22.9237,       224,
   22.9439,       215,
   22.9641,       198,
   22.9843,       207,
   23.0045,       206,
   23.0246,       212,
   23.0448,       187,
    23.065,       169,
   23.0852,       214,
   23.1054,       192,
   23.1256,       194,
   23.1458,       194,
    23.166,       208,
   23.1862,       212,
   23.2064,       199,
   23.2266,       188,
   23.2467,       234,
   23.2669,       174,
   23.2871,       204,
   23.3073,       200,
   23.3275,       197,
   23.3477,       171,
   23.3679,       184,
   23.3881,       193,
   23.4083,       190,
   23.4285,       179,
   23.4486,       188,
   23.4688,       172,
    23.489,       207,
   23.5092,       186,
   23.5294,       202,
   23.5496,       164,
   23.5698,       156,
     23.59,       188,
   23.6102,       170,
   23.6304,       168,
   23.6506,       190,
   23.6707,       187,
   23.6909,       170,
   23.7111,       163,
   23.7313,       201,
   23.7515,       216,
   23.7717,       207,
   23.7919,       215,
   23.8121,       183,
   23.8323,       185,
   23.8525,       194,
   23.8726,       179,
   23.8928,       177,
    23.913,       197,
   23.9332,       173,
   23.9534,       201,
   23.9736,       173,
   23.9938,       192,
    24.014,       189,
   24.0342,       197,
   24.0544,       176,
   24.0746,       186,
   24.0947,       160,
   24.1149,       160,
   24.1351,       196,
   24.1553,       155,
   24.1755,       160,
   24.1957,       171,
   24.2159,       185,
   24.2361,       167,
   24.2563,       173,
   24.2765,       182,
   24.2967,       162,
   24.3168,       172,
    24.337,       155,
   24.3572,       151,
   24.3774,       189,
   24.3976,       167,
   24.4178,       172,
    24.438,       160,
   24.4582,       184,
   24.4784,       182,
   24.4986,       162,
   24.5187,       162,
   24.5389,       169,
   24.5591,       169,
   24.5793,       153,
   24.5995,       183,
   24.6197,       166,
   24.6399,       167,
   24.6601,       156,
   24.6803,       162,
   24.7005,       140,
   24.7207,       158,
   24.7408,       166,
    24.761,       157,
   24.7812,       157,
   24.8014,       164,
   24.8216,       173,
   24.8418,       166,
    24.862,       167,
   24.8822,       139,
   24.9024,       167,
   24.9226,       167,
   24.9427,       171,
   24.9629,       160,
   24.9831,       189,
   25.0033,       195,
   25.0235,       158,
   25.0437,       169,
   25.0639,       173,
   25.0841,       153,
   25.1043,       166,
   25.1245,       159,
   25.1447,       159,
   25.1648,       152,
    25.185,       187,
   25.2052,       178,
   25.2254,       197,
   25.2456,       180,
   25.2658,       233,
    25.286,       301,
   25.3062,       326,
   25.3264,       311,
   25.3466,       274,
   25.3668,       198,
   25.3869,       177,
   25.4071,       149,
   25.4273,       154,
   25.4475,       170,
   25.4677,       157,
   25.4879,       156,
   25.5081,       165,
   25.5283,       157,
   25.5485,       152,
   25.5687,       133,
   25.5888,       162,
    25.609,       140,
   25.6292,       158,
   25.6494,       168,
   25.6696,       174,
   25.6898,       145,
     25.71,       162,
   25.7302,       140,
   25.7504,       148,
   25.7706,       153,
   25.7908,       164,
   25.8109,       156,
   25.8311,       144,
   25.8513,       144,
   25.8715,       157,
   25.8917,       154,
   25.9119,       149,
   25.9321,       166,
   25.9523,       160,
   25.9725,       151,
   25.9927,       130,
   26.0128,       132,
    26.033,       147,
   26.0532,       130,
   26.0734,       150,
   26.0936,       168,
   26.1138,       180,
    26.134,       151,
   26.1542,       159,
   26.1744,       185,
   26.1946,       211,
   26.2148,       187,
   26.2349,       233,
   26.2551,       262,
   26.2753,       343,
   26.2955,       405,
   26.3157,       349,
   26.3359,       323,
   26.3561,       258,
   26.3763,       229,
   26.3965,       223,
   26.4167,       173,
   26.4369,       171,
    26.457,       149,
   26.4772,       135,
   26.4974,       154,
   26.5176,       149,
   26.5378,       140,
    26.558,       159,
   26.5782,       137,
   26.5984,       134,
   26.6186,       143,
   26.6388,       152,
   26.6589,       158,
   26.6791,       157,
   26.6993,       190,
   26.7195,       159,
   26.7397,       168,
   26.7599,       182,
   26.7801,       149,
   26.8003,       163,
   26.8205,       170,
   26.8407,       153,
   26.8609,       162,
    26.881,       153,
   26.9012,       132,
   26.9214,       156,
   26.9416,       165,
   26.9618,       152,
    26.982,       163,
   27.0022,       193,
   27.0224,       191,
   27.0426,       242,
   27.0628,       311,
   27.0829,       333,
   27.1031,       327,
   27.1233,       374,
   27.1435,       366,
   27.1637,       380,
   27.1839,       393,
   27.2041,       344,
   27.2243,       385,
   27.2445,       388,
   27.2647,       375,
   27.2849,       389,
    27.305,       382,
   27.3252,       366,
   27.3454,       359,
   27.3656,       393,
   27.3858,       429,
    27.406,       460,
   27.4262,       518,
   27.4464,       547,
   27.4666,       640,
   27.4868,       668,
    27.507,       821,
   27.5271,       762,
   27.5473,       724,
   27.5675,       743,
   27.5877,       687,
   27.6079,       710,
   27.6281,       673,
   27.6483,       745,
   27.6685,       761,
   27.6887,       717,
   27.7089,       777,
    27.729,       813,
   27.7492,       853,
   27.7694,       988,
   27.7896,      1169,
   27.8098,      1678,
     27.83,      1926,
   27.8502,      2327,
   27.8704,      3215,
   27.8906,      5136,
   27.9108,      9312,
    27.931,     13791,
   27.9511,     18559,
   27.9713,     33546,
   27.9915,     60011,
   28.0117,     79626,
   28.0319,     63593,
   28.0521,     39303,
   28.0723,     38027,
   28.0925,     35279,
   28.1127,     18128,
   28.1329,      5767,
    28.153,      2476,
   28.1732,      1821,
   28.1934,      1517,
   28.2136,      1353,
   28.2338,      1221,
    28.254,      1147,
   28.2742,      1093,
   28.2944,      1041,
   28.3146,      1044,
   28.3348,       910,
    28.355,       826,
   28.3751,       747,
   28.3953,       714,
   28.4155,       567,
   28.4357,       553,
   28.4559,       506,
   28.4761,       472,
   28.4963,       407,
   28.5165,       415,
   28.5367,       395,
   28.5569,       422,
   28.5771,       407,
   28.5972,       397,
   28.6174,       352,
   28.6376,       369,
   28.6578,       341,
    28.678,       367,
   28.6982,       353,
   28.7184,       372,
   28.7386,       319,
   28.7588,       347,
    28.779,       332,
   28.7991,       352,
   28.8193,       325,
   28.8395,       351,
   28.8597,       364,
   28.8799,       335,
   28.9001,       283,
   28.9203,       327,
   28.9405,       291,
   28.9607,       308,
   28.9809,       316,
   29.0011,       315,
   29.0212,       304,
   29.0414,       283,
   29.0616,       290,
   29.0818,       317,
    29.102,       285,
   29.1222,       265,
   29.1424,       307,
   29.1626,       275,
   29.1828,       292,
    29.203,       273,
   29.2231,       278,
   29.2433,       266,
   29.2635,       317,
   29.2837,       268,
   29.3039,       288,
   29.3241,       286,
   29.3443,       311,
   29.3645,       283,
   29.3847,       271,
   29.4049,       277,
   29.4251,       288,
   29.4452,       301,
   29.4654,       269,
   29.4856,       252,
   29.5058,       277,
    29.526,       282,
   29.5462,       261,
   29.5664,       265,
   29.5866,       277,
   29.6068,       242,
    29.627,       264,
   29.6472,       270,
   29.6673,       333,
   29.6875,       306,
   29.7077,       319,
   29.7279,       349,
   29.7481,       356,
   29.7683,       311,
   29.7885,       326,
   29.8087,       330,
   29.8289,       285,
   29.8491,       276,
   29.8692,       240,
   29.8894,       273,
   29.9096,       273,
   29.9298,       255,
     29.95,       250,
   29.9702,       236,
   29.9904,       249,
   30.0106,       235,
   30.0308,       225,
    30.051,       259,
   30.0712,       242,
   30.0913,       250,
   30.1115,       267,
   30.1317,       267,
   30.1519,       275,
   30.1721,       250,
   30.1923,       262,
   30.2125,       271,
   30.2327,       268,
   30.2529,       337,
   30.2731,       362,
   30.2932,       364,
   30.3134,       378,
   30.3336,       436,
   30.3538,       566,
    30.374,       743,
   30.3942,       672,
   30.4144,       536,
   30.4346,       339,
   30.4548,       297,
    30.475,       286,
   30.4952,       238,
   30.5153,       254,
   30.5355,       257,
   30.5557,       261,
   30.5759,       219,
   30.5961,       280,
   30.6163,       242,
   30.6365,       268,
   30.6567,       252,
   30.6769,       231,
   30.6971,       253,
   30.7172,       239,
   30.7374,       231,
   30.7576,       229,
   30.7778,       224,
    30.798,       210,
   30.8182,       240,
   30.8384,       237,
   30.8586,       230,
   30.8788,       241,
    30.899,       213,
   30.9192,       227,
   30.9393,       233,
   30.9595,       213,
   30.9797,       241,
   30.9999,       220,
   31.0201,       243,
   31.0403,       245,
   31.0605,       259,
   31.0807,       215,
   31.1009,       257,
   31.1211,       264,
   31.1413,       254,
   31.1614,       216,
   31.1816,       257,
   31.2018,       223,
    31.222,       242,
   31.2422,       225,
   31.2624,       246,
   31.2826,       278,
   31.3028,       240,
    31.323,       232,
   31.3432,       249,
   31.3633,       247,
   31.3835,       274,
   31.4037,       328,
   31.4239,       296,
   31.4441,       349,
   31.4643,       423,
   31.4845,       545,
   31.5047,       709,
   31.5249,       967,
   31.5451,      1393,
   31.5653,      1833,
   31.5854,      2086,
   31.6056,      1788,
   31.6258,      1517,
    31.646,      1258,
   31.6662,      1181,
   31.6864,       954,
   31.7066,       622,
   31.7268,       396,
    31.747,       294,
   31.7672,       287,
   31.7873,       288,
   31.8075,       260,
   31.8277,       204,
   31.8479,       242,
   31.8681,       232,
   31.8883,       224,
   31.9085,       213,
   31.9287,       255,
   31.9489,       230,
   31.9691,       209,
   31.9893,       233,
   32.0094,       235,
   32.0296,       219,
   32.0498,       240,
     32.07,       188,
   32.0902,       218,
   32.1104,       223,
   32.1306,       229,
   32.1508,       253,
    32.171,       234,
   32.1912,       205,
   32.2114,       234,
   32.2315,       198,
   32.2517,       236,
   32.2719,       215,
   32.2921,       220,
   32.3123,       252,
   32.3325,       236,
   32.3527,       217,
   32.3729,       221,
   32.3931,       252,
   32.4133,       279,
   32.4334,       287,
   32.4536,       319,
   32.4738,       374,
    32.494,       474,
   32.5142,       602,
   32.5344,       594,
   32.5546,       611,
   32.5748,       736,
    32.595,       688,
   32.6152,       707,
   32.6354,       666,
   32.6555,       628,
   32.6757,       753,
   32.6959,       689,
   32.7161,       722,
   32.7363,       664,
   32.7565,       678,
   32.7767,       696,
   32.7969,       742,
   32.8171,       702,
   32.8373,       709,
   32.8574,       727,
   32.8776,       696,
   32.8978,       777,
    32.918,       758,
   32.9382,       736,
   32.9584,       745,
   32.9786,       727,
   32.9988,       723,
    33.019,       784,
   33.0392,       780,
   33.0594,       827,
   33.0795,       864,
   33.0997,      1063,
   33.1199,      1122,
   33.1401,      1328,
   33.1603,      1562,
   33.1805,      1686,
   33.2007,      1494,
   33.2209,      1503,
   33.2411,      1632,
   33.2613,      1814,
   33.2815,      1790,
   33.3016,      1741,
   33.3218,      1828,
    33.342,      1924,
   33.3622,      2049,
   33.3824,      2201,
   33.4026,      2505,
   33.4228,      2938,
    33.443,      4121,
   33.4632,      6052,
   33.4834,      7469,
   33.5035,      8358,
   33.5237,     10421,
   33.5439,     15625,
   33.5641,     27080,
   33.5843,     38105,
   33.6045,     51205,
   33.6247,     95921,
   33.6449,    162594,
   33.6651,    178700,
   33.6853,    129602,
   33.7055,     77524,
   33.7256,     80731,
   33.7458,     93239,
    33.766,     67791,
   33.7862,     27019,
   33.8064,     10089,
   33.8266,      5869,
   33.8468,      4207,
    33.867,      3693,
   33.8872,      3283,
   33.9074,      2970,
   33.9275,      2860,
   33.9477,      2744,
   33.9679,      2587,
   33.9881,      2461,
   34.0083,      2084,
   34.0285,      1766,
   34.0487,      1595,
   34.0689,      1461,
   34.0891,      1297,
   34.1093,      1169,
   34.1295,      1023,
   34.1496,       934,
   34.1698,       880,
     34.19,       931,
   34.2102,       850,
   34.2304,       885,
   34.2506,       818,
   34.2708,       767,
    34.291,       767,
   34.3112,       701,
   34.3314,       703,
   34.3516,       713,
   34.3717,       700,
   34.3919,       708,
   34.4121,       692,
   34.4323,       692,
   34.4525,       694,
   34.4727,       684,
   34.4929,       657,
   34.5131,       625,
   34.5333,       649,
   34.5535,       580,
   34.5736,       588,
   34.5938,       630,
    34.614,       610,
   34.6342,       566,
   34.6544,       581,
   34.6746,       582,
   34.6948,       585,
    34.715,       606,
   34.7352,       610,
   34.7554,       535,
   34.7756,       557,
   34.7957,       557,
   34.8159,       570,
   34.8361,       548,
   34.8563,       579,
   34.8765,       568,
   34.8967,       522,
   34.9169,       557,
   34.9371,       524,
   34.9573,       527,
   34.9775,       502,
   34.9976,       503,
   35.0178,       531,
    35.038,       519,
   35.0582,       525,
   35.0784,       488,
   35.0986,       525,
   35.1188,       532,
    35.139,       508,
   35.1592,       519,
   35.1794,       559,
   35.1996,       482,
   35.2197,       519,
   35.2399,       495,
   35.2601,       510,
   35.2803,       506,
   35.3005,       468,
   35.3207,       526,
   35.3409,       507,
   35.3611,       539,
   35.3813,       521,
   35.4015,       493,
   35.4217,       529,
   35.4418,       542,
    35.462,       593,
   35.4822,       723,
   35.5024,       794,
   35.5226,       771,
   35.5428,       741,
    35.563,       489,
   35.5832,       558,
   35.6034,       453,
   35.6236,       459,
   35.6437,       474,
   35.6639,       525,
   35.6841,       458,
   35.7043,       462,
   35.7245,       477,
   35.7447,       464,
   35.7649,       433,
   35.7851,       467,
   35.8053,       455,
   35.8255,       462,
   35.8457,       474,
   35.8658,       492,
    35.886,       457,
   35.9062,       435,
   35.9264,       415,
   35.9466,       413,
   35.9668,       433,
    35.987,       434,
   36.0072,       437,
   36.0274,       398,
   36.0476,       384,
   36.0677,       423,
   36.0879,       406,
   36.1081,       382,
   36.1283,       407,
   36.1485,       411,
   36.1687,       403,
   36.1889,       428,
   36.2091,       409,
   36.2293,       421,
   36.2495,       384,
   36.2697,       452,
   36.2898,       445,
     36.31,       375,
   36.3302,       400,
   36.3504,       400,
   36.3706,       377,
   36.3908,       393,
    36.411,       365,
   36.4312,       402,
   36.4514,       363,
   36.4716,       401,
   36.4918,       354,
   36.5119,       402,
   36.5321,       392,
   36.5523,       367,
   36.5725,       435,
   36.5927,       380,
   36.6129,       415,
   36.6331,       398,
   36.6533,       381,
   36.6735,       367,
   36.6937,       402,
   36.7138,       427,
    36.734,       439,
   36.7542,       416,
   36.7744,       439,
   36.7946,       435,
   36.8148,       514,
    36.835,       660,
   36.8552,       788,
   36.8754,      1078,
   36.8956,      1376,
   36.9158,      1829,
   36.9359,      1936,
   36.9561,      1781,
   36.9763,      1428,
   36.9965,      1265,
   37.0167,      1235,
   37.0369,      1124,
   37.0571,       936,
   37.0773,       624,
   37.0975,       545,
   37.1177,       399,
   37.1378,       413,
    37.158,       396,
   37.1782,       394,
   37.1984,       397,
   37.2186,       367,
   37.2388,       395,
    37.259,       369,
   37.2792,       351,
   37.2994,       336,
   37.3196,       336,
   37.3398,       372,
   37.3599,       349,
   37.3801,       346,
   37.4003,       349,
   37.4205,       376,
   37.4407,       360,
   37.4609,       383,
   37.4811,       390,
   37.5013,       451,
   37.5215,       448,
   37.5417,       447,
   37.5619,       500,
    37.582,       505,
   37.6022,       514,
   37.6224,       405,
   37.6426,       408,
   37.6628,       423,
    37.683,       428,
   37.7032,       364,
   37.7234,       383,
   37.7436,       347,
   37.7638,       339,
   37.7839,       342,
   37.8041,       339,
   37.8243,       344,
   37.8445,       328,
   37.8647,       331,
   37.8849,       336,
   37.9051,       316,
   37.9253,       371,
   37.9455,       347,
   37.9657,       392,
   37.9859,       452,
    38.006,       461,
   38.0262,       581,
   38.0464,       684,
   38.0666,       670,
   38.0868,       686,
    38.107,       649,
   38.1272,       632,
   38.1474,       677,
   38.1676,       706,
   38.1878,       612,
   38.2079,       726,
   38.2281,       666,
   38.2483,       683,
   38.2685,       646,
   38.2887,       668,
   38.3089,       676,
   38.3291,       665,
   38.3493,       720,
   38.3695,       673,
   38.3897,       674,
   38.4099,       704,
     38.43,       705,
   38.4502,       679,
   38.4704,       725,
   38.4906,       772,
   38.5108,       767,
    38.531,       710,
   38.5512,       691,
   38.5714,       685,
   38.5916,       758,
   38.6118,       762,
   38.6319,       737,
   38.6521,       752,
   38.6723,       761,
   38.6925,       735,
   38.7127,       769,
   38.7329,       692,
   38.7531,       795,
   38.7733,       867,
   38.7935,       830,
   38.8137,       888,
   38.8339,       929,
    38.854,       913,
   38.8742,       996,
   38.8944,      1062,
   38.9146,      1286,
   38.9348,      1384,
    38.955,      1307,
   38.9752,      1385,
   38.9954,      1551,
   39.0156,      1617,
   39.0358,      1890,
    39.056,      1755,
   39.0761,      1851,
   39.0963,      2012,
   39.1165,      2219,
   39.1367,      2570,
   39.1569,      3091,
   39.1771,      4126,
   39.1973,      5859,
   39.2175,      7675,
   39.2377,      8011,
   39.2579,      9119,
    39.278,     13479,
   39.2982,     23046,
   39.3184,     34641,
   39.3386,     48760,
   39.3588,     86226,
    39.379,    131735,
   39.3992,    145146,
   39.4194,    103811,
   39.4396,     55645,
   39.4598,     49974,
     39.48,     72695,
   39.5001,     75548,
   39.5203,     48561,
   39.5405,     20283,
   39.5607,      8162,
   39.5809,      5292,
   39.6011,      4097,
   39.6213,      3288,
   39.6415,      3050,
   39.6617,      2808,
   39.6819,      2555,
    39.702,      2506,
   39.7222,      2295,
   39.7424,      1948,
   39.7626,      1600,
   39.7828,      1523,
    39.803,      1541,
   39.8232,      1297,
   39.8434,      1153,
   39.8636,      1103,
   39.8838,       965,
    39.904,       877,
   39.9241,       866,
   39.9443,       854,
   39.9645,       833,
   39.9847,       855,
   40.0049,       736,
   40.0251,       786,
   40.0453,       772,
   40.0655,       736,
   40.0857,       729,
   40.1059,       685,
   40.1261,       667,
   40.1462,       688,
   40.1664,       650,
   40.1866,       670,
   40.2068,       646,
    40.227,       583,
   40.2472,       594,
   40.2674,       639,
   40.2876,       615,
   40.3078,       597,
    40.328,       571,
   40.3481,       577,
   40.3683,       575,
   40.3885,       582,
   40.4087,       582,
   40.4289,       575,
   40.4491,       549,
   40.4693,       521,
   40.4895,       536,
   40.5097,       545,
   40.5299,       547,
   40.5501,       542,
   40.5702,       507,
   40.5904,       502,
   40.6106,       512,
   40.6308,       518,
    40.651,       516,
   40.6712,       557,
   40.6914,       608,
   40.7116,       627,
   40.7318,       626,
    40.752,       571,
   40.7721,       532,
   40.7923,       508,
   40.8125,       504,
   40.8327,       489,
   40.8529,       476,
   40.8731,       502,
   40.8933,       443,
   40.9135,       430,
   40.9337,       510,
   40.9539,       445,
   40.9741,       476,
   40.9942,       444,
   41.0144,       466,
   41.0346,       461,
   41.0548,       483,
    41.075,       447,
   41.0952,       436,
   41.1154,       460,
   41.1356,       430,
   41.1558,       396,
    41.176,       454,
   41.1962,       409,
   41.2163,       413,
   41.2365,       428,
   41.2567,       402,
   41.2769,       436,
   41.2971,       429,
   41.3173,       381,
   41.3375,       415,
   41.3577,       465,
   41.3779,       409,
   41.3981,       422,
   41.4182,       410,
   41.4384,       427,
   41.4586,       384,
   41.4788,       414,
    41.499,       427,
   41.5192,       411,
   41.5394,       428,
   41.5596,       389,
   41.5798,       424,
      41.6,       447,
   41.6202,       411,
   41.6403,       447,
   41.6605,       456,
   41.6807,       409,
   41.7009,       418,
   41.7211,       461,
   41.7413,       440,
   41.7615,       444,
   41.7817,       418,
   41.8019,       443,
   41.8221,       464,
   41.8422,       449,
   41.8624,       416,
   41.8826,       429,
   41.9028,       473,
    41.923,       483,
   41.9432,       423,
   41.9634,       438,
   41.9836,       452,
   42.0038,       459,
    42.024,       439,
   42.0442,       437,
   42.0643,       428,
   42.0845,       399,
   42.1047,       409,
   42.1249,       408,
   42.1451,       381,
   42.1653,       436,
   42.1855,       460,
   42.2057,       431,
   42.2259,       436,
   42.2461,       447,
   42.2663,       531,
   42.2864,       636,
   42.3066,       745,
   42.3268,       872,
    42.347,      1076,
   42.3672,      1210,
   42.3874,      1106,
   42.4076,       932,
   42.4278,       803,
    42.448,       809,
   42.4682,       774,
   42.4883,       793,
   42.5085,       647,
   42.5287,       524,
   42.5489,       505,
   42.5691,       408,
   42.5893,       402,
   42.6095,       423,
   42.6297,       400,
   42.6499,       398,
   42.6701,       376,
   42.6903,       412,
   42.7104,       340,
   42.7306,       383,
   42.7508,       359,
    42.771,       330,
   42.7912,       339,
   42.8114,       380,
   42.8316,       365,
   42.8518,       349,
    42.872,       369,
   42.8922,       356,
   42.9123,       375,
   42.9325,       347,
   42.9527,       368,
   42.9729,       352,
   42.9931,       323,
   43.0133,       345,
   43.0335,       330,
   43.0537,       367,
   43.0739,       363,
   43.0941,       350,
   43.1143,       353,
   43.1344,       359,
   43.1546,       377,
   43.1748,       347,
    43.195,       369,
   43.2152,       326,
   43.2354,       319,
   43.2556,       324,
   43.2758,       315,
    43.296,       336,
   43.3162,       332,
   43.3364,       302,
   43.3565,       330,
   43.3767,       347,
   43.3969,       323,
   43.4171,       357,
   43.4373,       334,
   43.4575,       323,
   43.4777,       293,
   43.4979,       336,
   43.5181,       290,
   43.5383,       347,
   43.5584,       333,
   43.5786,       382,
   43.5988,       350,
    43.619,       383,
   43.6392,       410,
   43.6594,       416,
   43.6796,       493,
   43.6998,       427,
     43.72,       447,
   43.7402,       463,
   43.7604,       462,
   43.7805,       441,
   43.8007,       457,
   43.8209,       447,
   43.8411,       457,
   43.8613,       446,
   43.8815,       435,
   43.9017,       450,
   43.9219,       462,
   43.9421,       440,
   43.9623,       465,
   43.9824,       460,
   44.0026,       457,
   44.0228,       460,
    44.043,       425,
   44.0632,       471,
   44.0834,       485,
   44.1036,       432,
   44.1238,       403,
    44.144,       475,
   44.1642,       428,
   44.1844,       434,
   44.2045,       446,
   44.2247,       407,
   44.2449,       451,
   44.2651,       490,
   44.2853,       436,
   44.3055,       454,
   44.3257,       443,
   44.3459,       441,
   44.3661,       493,
   44.3863,       482,
   44.4065,       476,
   44.4266,       485,
   44.4468,       475,
    44.467,       453,
   44.4872,       441,
   44.5074,       470,
   44.5276,       476,
   44.5478,       504,
    44.568,       519,
   44.5882,       526,
   44.6084,       523,
   44.6285,       557,
   44.6487,       528,
   44.6689,       528,
   44.6891,       596,
   44.7093,       618,
   44.7295,       651,
   44.7497,       620,
   44.7699,       722,
   44.7901,       739,
   44.8103,       728,
   44.8305,       829,
   44.8506,       856,
   44.8708,       842,
    44.891,       967,
   44.9112,      1030,
   44.9314,      1064,
   44.9516,      1274,
   44.9718,      1363,
    44.992,      1548,
   45.0122,      1810,
   45.0324,      2159,
   45.0525,      2693,
   45.0727,      3161,
   45.0929,      3792,
   45.1131,      5205,
   45.1333,      8663,
   45.1535,     13397,
   45.1737,     19108,
   45.1939,     32217,
   45.2141,     56109,
   45.2343,     68124,
   45.2545,     46506,
   45.2746,     23500,
   45.2948,     16202,
    45.315,     20085,
   45.3352,     29700,
   45.3554,     32327,
   45.3756,     20342,
   45.3958,      8667,
    45.416,      3928,
   45.4362,      2548,
   45.4564,      1945,
   45.4766,      1668,
   45.4967,      1495,
   45.5169,      1366,
   45.5371,      1293,
   45.5573,      1174,
   45.5775,      1069,
   45.5977,       977,
   45.6179,       821,
   45.6381,       795,
   45.6583,       755,
   45.6785,       745,
   45.6986,       619,
   45.7188,       600,
    45.739,       551,
   45.7592,       535,
   45.7794,       535,
   45.7996,       488,
   45.8198,       510,
     45.84,       515,
   45.8602,       488,
   45.8804,       494,
   45.9006,       476,
   45.9207,       484,
   45.9409,       459,
   45.9611,       439,
   45.9813,       478,
   46.0015,       500,
   46.0217,       415,
   46.0419,       421,
   46.0621,       426,
   46.0823,       410,
   46.1025,       362,
   46.1226,       390,
   46.1428,       409,
    46.163,       416,
   46.1832,       352,
   46.2034,       385,
   46.2236,       408,
   46.2438,       383,
    46.264,       338,
   46.2842,       386,
   46.3044,       327,
   46.3246,       378,
   46.3447,       358,
   46.3649,       370,
   46.3851,       361,
   46.4053,       345,
   46.4255,       331,
   46.4457,       358,
   46.4659,       335,
   46.4861,       352,
   46.5063,       341,
   46.5265,       302,
   46.5467,       319,
   46.5668,       308,
    46.587,       297,
   46.6072,       291,
   46.6274,       338,
   46.6476,       306,
   46.6678,       330,
    46.688,       342,
   46.7082,       308,
   46.7284,       347,
   46.7486,       334,
   46.7687,       342,
   46.7889,       300,
   46.8091,       289,
   46.8293,       306,
   46.8495,       308,
   46.8697,       314,
   46.8899,       309,
   46.9101,       296,
   46.9303,       310,
   46.9505,       294,
   46.9707,       272,
   46.9908,       275,
    47.011,       288,
   47.0312,       312,
   47.0514,       262,
   47.0716,       294,
   47.0918,       289,
    47.112,       285,
   47.1322,       286,
   47.1524,       240,
   47.1726,       309,
   47.1927,       300,
   47.2129,       234,
   47.2331,       257,
   47.2533,       265,
   47.2735,       284,
   47.2937,       267,
   47.3139,       254,
   47.3341,       293,
   47.3543,       279,
   47.3745,       271,
   47.3947,       243,
   47.4148,       234,
    47.435,       261,
   47.4552,       289,
   47.4754,       281,
   47.4956,       283,
   47.5158,       277,
    47.536,       280,
   47.5562,       251,
   47.5764,       255,
   47.5966,       251,
   47.6167,       236,
   47.6369,       237,
   47.6571,       274,
   47.6773,       285,
   47.6975,       265,
   47.7177,       262,
   47.7379,       242,
   47.7581,       241,
   47.7783,       245,
   47.7985,       237,
   47.8187,       266,
   47.8388,       258,
    47.859,       263,
   47.8792,       247,
   47.8994,       241,
   47.9196,       282,
   47.9398,       252,
     47.96,       255,
   47.9802,       235,
   48.0004,       266,
   48.0206,       239,
   48.0408,       233,
   48.0609,       255,
   48.0811,       228,
   48.1013,       238,
   48.1215,       253,
   48.1417,       226,
   48.1619,       237,
   48.1821,       249,
   48.2023,       232,
   48.2225,       233,
   48.2427,       245,
   48.2628,       216,
    48.283,       235,
   48.3032,       211,
   48.3234,       226,
   48.3436,       198,
   48.3638,       235,
    48.384,       215,
   48.4042,       211,
   48.4244,       224,
   48.4446,       219,
   48.4648,       236,
   48.4849,       226,
   48.5051,       241,
   48.5253,       234,
   48.5455,       225,
   48.5657,       221,
   48.5859,       199,
   48.6061,       225,
   48.6263,       196,
   48.6465,       223,
   48.6667,       205,
   48.6868,       266,
    48.707,       231,
   48.7272,       226,
   48.7474,       222,
   48.7676,       228,
   48.7878,       209,
    48.808,       212,
   48.8282,       219,
   48.8484,       244,
   48.8686,       270,
   48.8888,       238,
   48.9089,       230,
   48.9291,       239,
   48.9493,       243,
   48.9695,       258,
   48.9897,       211,
   49.0099,       262,
   49.0301,       228,
   49.0503,       247,
   49.0705,       261,
   49.0907,       247,
   49.1109,       223,
    49.131,       232,
   49.1512,       229,
   49.1714,       231,
   49.1916,       247,
   49.2118,       243,
    49.232,       222,
   49.2522,       227,
   49.2724,       246,
   49.2926,       247,
   49.3128,       197,
   49.3329,       264,
   49.3531,       242,
   49.3733,       247,
   49.3935,       240,
   49.4137,       234,
   49.4339,       250,
   49.4541,       230,
   49.4743,       219,
   49.4945,       240,
   49.5147,       229,
   49.5349,       244,
    49.555,       241,
   49.5752,       261,
   49.5954,       227,
   49.6156,       274,
   49.6358,       246,
    49.656,       234,
   49.6762,       248,
   49.6964,       230,
   49.7166,       236,
   49.7368,       231,
   49.7569,       218,
   49.7771,       266,
   49.7973,       244,
   49.8175,       238,
   49.8377,       246,
   49.8579,       250,
   49.8781,       271,
   49.8983,       240,
   49.9185,       240,
   49.9387,       232,
   49.9589,       243,
    49.979,       219,
   49.9992,       231,
   50.0194,       208,
   50.0396,       236,
   50.0598,       260,
     50.08,       233,
   50.1002,       246,
   50.1204,       226,
   50.1406,       233,
   50.1608,       231,
    50.181,       222,
   50.2011,       238,
   50.2213,       216,
   50.2415,       210,
   50.2617,       213,
   50.2819,       233,
   50.3021,       235,
   50.3223,       212,
   50.3425,       225,
   50.3627,       243,
   50.3829,       216,
    50.403,       210,
   50.4232,       218,
   50.4434,       221,
   50.4636,       257,
   50.4838,       242,
    50.504,       229,
   50.5242,       227,
   50.5444,       240,
   50.5646,       261,
   50.5848,       213,
    50.605,       234,
   50.6251,       235,
   50.6453,       266,
   50.6655,       279,
   50.6857,       303,
   50.7059,       317,
   50.7261,       283,
   50.7463,       276,
   50.7665,       290,
   50.7867,       304,
   50.8069,       317,
    50.827,       290,
   50.8472,       291,
   50.8674,       306,
   50.8876,       322,
   50.9078,       339,
    50.928,       343,
   50.9482,       398,
   50.9684,       385,
   50.9886,       399,
   51.0088,       403,
    51.029,       459,
   51.0491,       524,
   51.0693,       621,
   51.0895,       905,
   51.1097,      1338,
   51.1299,      2158,
   51.1501,      3629,
   51.1703,      6072,
   51.1905,      7784,
   51.2107,      6273,
   51.2309,      3647,
   51.2511,      1979,
   51.2712,      1889,
   51.2914,      2530,
   51.3116,      3716,
   51.3318,      4172,
    51.352,      2893,
   51.3722,      1516,
   51.3924,       773,
   51.4126,       549,
   51.4328,       469,
    51.453,       401,
   51.4731,       397,
   51.4933,       329,
   51.5135,       331,
   51.5337,       313,
   51.5539,       262,
   51.5741,       257,
   51.5943,       262,
   51.6145,       217,
   51.6347,       237,
   51.6549,       237,
   51.6751,       222,
   51.6952,       245,
   51.7154,       226,
   51.7356,       223,
   51.7558,       225,
    51.776,       223,
   51.7962,       232,
   51.8164,       201,
   51.8366,       186,
   51.8568,       199,
    51.877,       193,
   51.8971,       206,
   51.9173,       212,
   51.9375,       203,
   51.9577,       201,
   51.9779,       174,
   51.9981,       194,
   52.0183,       223,
   52.0385,       203,
   52.0587,       201,
   52.0789,       199,
   52.0991,       197,
   52.1192,       154,
   52.1394,       188,
   52.1596,       176,
   52.1798,       189,
      52.2,       198,
   52.2202,       172,
   52.2404,       182,
   52.2606,       168,
   52.2808,       190,
    52.301,       178,
   52.3212,       157,
   52.3413,       176,
   52.3615,       188,
   52.3817,       199,
   52.4019,       166,
   52.4221,       193,
   52.4423,       164,
   52.4625,       173,
   52.4827,       136,
   52.5029,       194,
   52.5231,       173,
   52.5432,       179,
   52.5634,       202,
   52.5836,       179,
   52.6038,       183,
    52.624,       189,
   52.6442,       184,
   52.6644,       170,
   52.6846,       144,
   52.7048,       165,
    52.725,       158,
   52.7452,       152,
   52.7653,       186,
   52.7855,       176,
   52.8057,       160,
   52.8259,       170,
   52.8461,       163,
   52.8663,       172,
   52.8865,       146,
   52.9067,       181,
   52.9269,       163,
   52.9471,       163,
   52.9672,       166,
   52.9874,       172,
   53.0076,       175,
   53.0278,       156,
    53.048,       169,
   53.0682,       173,
   53.0884,       151,
   53.1086,       175,
   53.1288,       180,
    53.149,       171,
   53.1692,       167,
   53.1893,       185,
   53.2095,       179,
   53.2297,       156,
   53.2499,       168,
   53.2701,       158,
   53.2903,       166,
   53.3105,       164,
   53.3307,       180,
   53.3509,       170,
   53.3711,       168,
   53.3913,       153,
   53.4114,       165,
   53.4316,       157,
   53.4518,       188,
    53.472,       206,
   53.4922,       201,
   53.5124,       221,
   53.5326,       272,
   53.5528,       273,
    53.573,       268,
   53.5932,       232,
   53.6133,       208,
   53.6335,       232,
   53.6537,       215,
   53.6739,       209,
   53.6941,       221,
   53.7143,       199,
   53.7345,       174,
   53.7547,       173,
   53.7749,       174,
   53.7951,       162,
   53.8153,       168,
   53.8354,       175,
   53.8556,       149,
   53.8758,       147,
    53.896,       149,
   53.9162,       134,
   53.9364,       168,
   53.9566,       156,
   53.9768,       143,
    53.997,       171,
   54.0172,       151,
   54.0373,       177,
   54.0575,       178,
   54.0777,       172,
   54.0979,       170,
   54.1181,       160,
   54.1383,       171,
   54.1585,       131,
   54.1787,       164,
   54.1989,       127,
   54.2191,       128,
   54.2393,       158,
   54.2594,       157,
   54.2796,       156,
   54.2998,       151,
     54.32,       174,
   54.3402,       144,
   54.3604,       155,
   54.3806,       152,
   54.4008,       154,
    54.421,       135,
   54.4412,       131,
   54.4614,       155,
   54.4815,       148,
   54.5017,       155,
   54.5219,       185,
   54.5421,       114,
   54.5623,       153,
   54.5825,       163,
   54.6027,       144,
   54.6229,       126,
   54.6431,       156,
   54.6633,       132,
   54.6834,       162,
   54.7036,       142,
   54.7238,       143,
    54.744,       139,
   54.7642,       165,
   54.7844,       145,
   54.8046,       154,
   54.8248,       140,
    54.845,       125,
   54.8652,       138,
   54.8854,       137,
   54.9055,       142,
   54.9257,       124,
   54.9459,       128,
   54.9661,       149,
   54.9863,       130,
   55.0065,       123,
   55.0267,       137,
   55.0469,       128,
   55.0671,       142,
   55.0873,       141,
   55.1074,       145,
   55.1276,       160,
   55.1478,       153,
    55.168,       149,
   55.1882,       139,
   55.2084,       153,
   55.2286,       162,
   55.2488,       149,
    55.269,       176,
   55.2892,       164,
   55.3094,       148,
   55.3295,       135,
   55.3497,       163,
   55.3699,       149,
   55.3901,       184,
   55.4103,       180,
   55.4305,       151,
   55.4507,       149,
   55.4709,       175,
   55.4911,       149,
   55.5113,       142,
   55.5314,       150,
   55.5516,       167,
   55.5718,       183,
    55.592,       152,
   55.6122,       140,
   55.6324,       158,
   55.6526,       172,
   55.6728,       155,
    55.693,       165,
   55.7132,       149,
   55.7334,       150,
   55.7535,       156,
   55.7737,       174,
   55.7939,       142,
   55.8141,       164,
   55.8343,       175,
   55.8545,       177,
   55.8747,       146,
   55.8949,       140,
   55.9151,       169,
   55.9353,       179,
   55.9555,       175,
   55.9756,       148,
   55.9958,       171,
    56.016,       153,
   56.0362,       159,
   56.0564,       165,
   56.0766,       153,
   56.0968,       155,
    56.117,       172,
   56.1372,       150,
   56.1574,       147,
   56.1775,       173,
   56.1977,       171,
   56.2179,       148,
   56.2381,       166,
   56.2583,       162,
   56.2785,       153,
   56.2987,       142,
   56.3189,       197,
   56.3391,       158,
   56.3593,       178,
   56.3795,       149,
   56.3996,       185,
   56.4198,       199,
     56.44,       160,
   56.4602,       168,
   56.4804,       167,
   56.5006,       182,
   56.5208,       172,
    56.541,       206,
   56.5612,       192,
   56.5814,       198,
   56.6015,       179,
   56.6217,       184,
   56.6419,       176,
   56.6621,       198,
   56.6823,       182,
   56.7025,       190,
   56.7227,       192,
   56.7429,       212,
   56.7631,       228,
   56.7833,       206,
   56.8035,       248,
   56.8236,       220,
   56.8438,       262,
    56.864,       233,
   56.8842,       266,
   56.9044,       265,
   56.9246,       286,
   56.9448,       323,
    56.965,       324,
   56.9852,       360,
   57.0054,       403,
   57.0256,       411,
   57.0457,       458,
   57.0659,       444,
   57.0861,       454,
   57.1063,       460,
   57.1265,       457,
   57.1467,       578,
   57.1669,       717,
   57.1871,       960,
   57.2073,      1385,
   57.2275,      2331,
   57.2476,      4039,
   57.2678,      7176,
    57.288,     11554,
   57.3082,     13778,
   57.3284,      9870,
   57.3486,      5152,
   57.3688,      2762,
    57.389,      2242,
   57.4092,      2951,
   57.4294,      4787,
   57.4496,      6994,
   57.4697,      6898,
   57.4899,      4524,
   57.5101,      2168,
   57.5303,      1125,
   57.5505,       745,
   57.5707,       615,
   57.5909,       523,
   57.6111,       418,
   57.6313,       435,
   57.6515,       381,
   57.6716,       349,
   57.6918,       297,
    57.712,       295,
   57.7322,       293,
   57.7524,       278,
   57.7726,       270,
   57.7928,       262,
    57.813,       228,
   57.8332,       232,
   57.8534,       219,
   57.8736,       218,
   57.8937,       178,
   57.9139,       198,
   57.9341,       206,
   57.9543,       178,
   57.9745,       185,
   57.9947,       177,
   58.0149,       159,
   58.0351,       164,
   58.0553,       186,
   58.0755,       165,
   58.0957,       157,
   58.1158,       168,
    58.136,       185,
   58.1562,       169,
   58.1764,       148,
   58.1966,       148,
   58.2168,       156,
    58.237,       172,
   58.2572,       179,
   58.2774,       153,
   58.2976,       161,
   58.3177,       161,
   58.3379,       170,
   58.3581,       135,
   58.3783,       151,
   58.3985,       158,
   58.4187,       167,
   58.4389,       131,
   58.4591,       151,
   58.4793,       176,
   58.4995,       143,
   58.5197,       125,
   58.5398,       132,
     58.56,       148,
   58.5802,       156,
   58.6004,       148,
   58.6206,       163,
   58.6408,       150,
    58.661,       140,
   58.6812,       154,
   58.7014,       165,
   58.7216,       138,
   58.7417,       162,
   58.7619,       172,
   58.7821,       137,
   58.8023,       131,
   58.8225,       152,
   58.8427,       163,
   58.8629,       155,
   58.8831,       125,
   58.9033,       158,
   58.9235,       129,
   58.9437,       150,
   58.9638,       141,
    58.984,       143,
   59.0042,       151,
   59.0244,       146,
   59.0446,       156,
   59.0648,       142,
    59.085,       145,
   59.1052,       135,
   59.1254,       134,
   59.1456,       146,
   59.1658,       148,
   59.1859,       116,
   59.2061,       154,
   59.2263,       138,
   59.2465,       114,
   59.2667,       131,
   59.2869,       140,
   59.3071,       168,
   59.3273,       139,
   59.3475,       155,
   59.3677,       166,
   59.3878,       152,
    59.408,       134,
   59.4282,       145,
   59.4484,       149,
   59.4686,       134,
   59.4888,       131,
    59.509,       124,
   59.5292,       132,
   59.5494,       143,
   59.5696,       130,
   59.5898,       146,
   59.6099,       126,
   59.6301,       161,
   59.6503,       140,
   59.6705,       133,
   59.6907,       135,
   59.7109,       138,
   59.7311,       129,
   59.7513,       141,
   59.7715,       150,
   59.7917,       139,
   59.8118,       168,
    59.832,       181,
   59.8522,       166,
   59.8724,       132,
   59.8926,       149,
   59.9128,       185,
    59.933,       153,
   59.9532,       139,
   59.9734,       138,
   59.9936,       145,
   60.0138,       133,
   60.0339,       136,
   60.0541,       149,
   60.0743,       133,
   60.0945,       114,
   60.1147,       146,
   60.1349,       139,
   60.1551,       137,
   60.1753,       136,
   60.1955,       121,
   60.2157,       112,
   60.2359,       118,
    60.256,       137,
   60.2762,       119,
   60.2964,       119,
   60.3166,       122,
   60.3368,        99,
    60.357,       131,
   60.3772,        91,
   60.3974,       129,
   60.4176,       129,
   60.4378,       115,
   60.4579,       138,
   60.4781,       128,
   60.4983,       120,
   60.5185,       122,
   60.5387,       123,
   60.5589,       117,
   60.5791,       133,
   60.5993,       112,
   60.6195,       118,
   60.6397,       126,
   60.6599,       124,
     60.68,       139,
   60.7002,       137,
   60.7204,       118,
   60.7406,       136,
   60.7608,       107,
    60.781,       142,
   60.8012,       130,
   60.8214,       112,
   60.8416,       121,
   60.8618,       118,
   60.8819,       122,
   60.9021,       129,
   60.9223,       133,
   60.9425,        96,
   60.9627,       125,
   60.9829,       147,
   61.0031,       116,
   61.0233,       122,
   61.0435,       122,
   61.0637,       121,
   61.0839,       124,
    61.104,       128,
   61.1242,       122,
   61.1444,       108,
   61.1646,       104,
   61.1848,       123,
    61.205,       116,
   61.2252,       101,
   61.2454,       103,
   61.2656,       136,
   61.2858,       124,
    61.306,       106,
   61.3261,       131,
   61.3463,       133,
   61.3665,       117,
   61.3867,       128,
   61.4069,       111,
   61.4271,       129,
   61.4473,       115,
   61.4675,       101,
   61.4877,       106,
   61.5079,       121,
    61.528,       122,
   61.5482,       109,
   61.5684,       118,
   61.5886,       104,
   61.6088,       112,
    61.629,       135,
   61.6492,       102,
   61.6694,       114,
   61.6896,       122,
   61.7098,       124,
     61.73,       113,
   61.7501,        97,
   61.7703,       115,
   61.7905,       115,
   61.8107,       126,
   61.8309,       116,
   61.8511,       105,
   61.8713,       114,
   61.8915,       113,
   61.9117,       109,
   61.9319,        97,
    61.952,       107,
   61.9722,       148,
   61.9924,       126,
   62.0126,        99,
   62.0328,       108,
    62.053,       125,
   62.0732,       102,
   62.0934,       113,
   62.1136,       118,
   62.1338,       105,
    62.154,       106,
   62.1741,       120,
   62.1943,       106,
   62.2145,       108,
   62.2347,       125,
   62.2549,       117,
   62.2751,       102,
   62.2953,       121,
   62.3155,       101,
   62.3357,       132,
   62.3559,       129,
   62.3761,       110,
   62.3962,       125,
   62.4164,       116,
   62.4366,       124,
   62.4568,       123,
    62.477,       120,
   62.4972,       131,
   62.5174,       132,
   62.5376,       115,
   62.5578,       127,
    62.578,       119,
   62.5981,       109,
   62.6183,       137,
   62.6385,       135,
   62.6587,       131,
   62.6789,       120,
   62.6991,       116,
   62.7193,       115,
   62.7395,       118,
   62.7597,       103,
   62.7799,       105,
   62.8001,       109,
   62.8202,        99,
   62.8404,       112,
   62.8606,        94,
   62.8808,        96,
    62.901,       127,
   62.9212,       122,
   62.9414,        94,
   62.9616,       112,
   62.9818,       112,
    63.002,       102,
   63.0221,       119,
   63.0423,       110,
   63.0625,       115,
   63.0827,       106,
   63.1029,        96,
   63.1231,       124,
   63.1433,       112,
   63.1635,        93,
   63.1837,       118,
   63.2039,       137,
   63.2241,       107,
   63.2442,       119,
   63.2644,        97,
   63.2846,       135,
   63.3048,        86,
    63.325,       112,
   63.3452,       108,
   63.3654,       101,
   63.3856,       130,
   63.4058,       117,
    63.426,       118,
   63.4462,       119,
   63.4663,       114,
   63.4865,       123,
   63.5067,       127,
   63.5269,       150,
   63.5471,       135,
   63.5673,       185,
   63.5875,       224,
   63.6077,       274,
   63.6279,       248,
   63.6481,       172,
   63.6682,       136,
   63.6884,       151,
   63.7086,       141,
   63.7288,       146,
    63.749,       141,
   63.7692,       195,
   63.7894,       189,
   63.8096,       177,
   63.8298,       138,
     63.85,       121,
   63.8702,       122,
   63.8903,       107,
   63.9105,       122,
   63.9307,       109,
   63.9509,        98,
   63.9711,       104,
   63.9913,       109,
   64.0115,       106,
   64.0317,        93,
   64.0519,        93,
   64.0721,       112,
   64.0922,       107,
   64.1124,       105,
   64.1326,       111,
   64.1528,       116,
    64.173,       106,
   64.1932,       106,
   64.2134,        98,
   64.2336,       112,
   64.2538,       102,
    64.274,       105,
   64.2942,       102,
   64.3143,       110,
   64.3345,       123,
   64.3547,       109,
   64.3749,       106,
   64.3951,        93,
   64.4153,       102,
   64.4355,        99,
   64.4557,       126,
   64.4759,        98,
   64.4961,       111,
   64.5162,       109,
   64.5364,       117,
   64.5566,        88,
   64.5768,       102,
    64.597,        84,
   64.6172,       106,
   64.6374,       115,
   64.6576,       108,
   64.6778,       100,
    64.698,       110,
   64.7182,        96,
   64.7383,       119,
   64.7585,        98,
   64.7787,        93,
   64.7989,       107,
   64.8191,       132,
   64.8393,       133,
   64.8595,        97,
   64.8797,        91,
   64.8999,       108,
   64.9201,       107,
   64.9403,       104,
   64.9604,       119,
   64.9806,       114,
   65.0008,       119,
    65.021,       104,
   65.0412,        89,
   65.0614,       106,
   65.0816,       104,
   65.1018,       101,
    65.122,       100,
   65.1422,       103,
   65.1623,       100,
   65.1825,       112,
   65.2027,        67,
   65.2229,       111,
   65.2431,       111,
   65.2633,       114,
   65.2835,       117,
   65.3037,       107,
   65.3239,        86,
   65.3441,       104,
   65.3643,        97,
   65.3844,        99,
   65.4046,       113,
   65.4248,       123,
    65.445,       100,
   65.4652,       112,
   65.4854,       106,
   65.5056,       108,
   65.5258,       115,
    65.546,       111,
   65.5662,        84,
   65.5863,       106,
   65.6065,       103,
   65.6267,       113,
   65.6469,        93,
   65.6671,       103,
   65.6873,        99,
   65.7075,       109,
   65.7277,        92,
   65.7479,       102,
   65.7681,       124,
   65.7883,        91,
   65.8084,       115,
   65.8286,        96,
   65.8488,       106,
    65.869,        76,
   65.8892,       106,
   65.9094,        98,
   65.9296,       103,
   65.9498,       119,
     65.97,       104,
   65.9902,        91,
   66.0104,       111,
   66.0305,       114,
   66.0507,       103,
   66.0709,       105,
   66.0911,       103,
   66.1113,        94,
   66.1315,       110,
   66.1517,       111,
   66.1719,        92,
   66.1921,        84,
   66.2123,       105,
   66.2324,        87,
   66.2526,       105,
   66.2728,       104,
    66.293,        87,
   66.3132,       107,
   66.3334,       101,
   66.3536,        98,
   66.3738,       107,
    66.394,        96,
   66.4142,        82,
   66.4344,        89,
   66.4545,       106,
   66.4747,        95,
   66.4949,       118,
   66.5151,       110,
   66.5353,       103,
   66.5555,        79,
   66.5757,        98,
   66.5959,       108,
   66.6161,        95,
   66.6363,        92,
   66.6564,        92,
   66.6766,        93,
   66.6968,       106,
    66.717,       110,
   66.7372,       103,
   66.7574,        98,
   66.7776,       103,
   66.7978,       101,
    66.818,        96,
   66.8382,       122,
   66.8584,       110,
   66.8785,        88,
   66.8987,        94,
   66.9189,       101,
   66.9391,       108,
   66.9593,       109,
   66.9795,       104,
   66.9997,       110,
   67.0199,        97,
   67.0401,        99,
   67.0603,       126,
   67.0805,        98,
   67.1006,        96,
   67.1208,        88,
    67.141,       113,
   67.1612,       111,
   67.1814,        99,
   67.2016,        93,
   67.2218,        99,
    67.242,        88,
   67.2622,       116,
   67.2824,        99,
   67.3025,       108,
   67.3227,       100,
   67.3429,        91,
   67.3631,       105,
   67.3833,       101,
   67.4035,        95,
   67.4237,        99,
   67.4439,       103,
   67.4641,       102,
   67.4843,       112,
   67.5045,       109,
   67.5246,       119,
   67.5448,       115,
    67.565,       110,
   67.5852,       114,
   67.6054,       108,
   67.6256,       106,
   67.6458,       105,
    67.666,       112,
   67.6862,       120,
   67.7064,       104,
   67.7265,       109,
   67.7467,       110,
   67.7669,       124,
   67.7871,       102,
   67.8073,       123,
   67.8275,       114,
   67.8477,       120,
   67.8679,       111,
   67.8881,       120,
   67.9083,       105,
   67.9285,       116,
   67.9486,       117,
   67.9688,        93,
    67.989,       120,
   68.0092,       124,
   68.0294,       106,
   68.0496,       120,
   68.0698,       106,
     68.09,       107,
   68.1102,       128,
   68.1304,       101,
   68.1506,       110,
   68.1707,       149,
   68.1909,       107,
   68.2111,        98,
   68.2313,       125,
   68.2515,       119,
   68.2717,       139,
   68.2919,       116,
   68.3121,       118,
   68.3323,       124,
   68.3525,       124,
   68.3726,       160,
   68.3928,       148,
    68.413,       152,
   68.4332,       158,
   68.4534,       179,
   68.4736,       171,
   68.4938,       165,
    68.514,       142,
   68.5342,       121,
   68.5544,       117,
   68.5746,       127,
   68.5947,       121,
   68.6149,       107,
   68.6351,       120,
   68.6553,       115,
   68.6755,       120,
   68.6957,       126,
   68.7159,       132,
   68.7361,        95,
   68.7563,       118,
   68.7765,       133,
   68.7966,       135,
   68.8168,       118,
    68.837,       122,
   68.8572,       139,
   68.8774,       105,
   68.8976,       123,
   68.9178,       114,
    68.938,       124,
   68.9582,       116,
   68.9784,       116,
   68.9986,       114,
   69.0187,       136,
   69.0389,       129,
   69.0591,       109,
   69.0793,       133,
   69.0995,       118,
   69.1197,       124,
   69.1399,       141,
   69.1601,       117,
   69.1803,       128,
   69.2005,       128,
   69.2207,       123,
   69.2408,       115,
    69.261,       100,
   69.2812,       115,
   69.3014,       131,
   69.3216,       135,
   69.3418,       130,
    69.362,       146,
   69.3822,       142,
   69.4024,       141,
   69.4226,       148,
   69.4427,       158,
   69.4629,       123,
   69.4831,       147,
   69.5033,       153,
   69.5235,       164,
   69.5437,       145,
   69.5639,       150,
   69.5841,       157,
   69.6043,       141,
   69.6245,       170,
   69.6447,       188,
   69.6648,       182,
    69.685,       193,
   69.7052,       215,
   69.7254,       239,
   69.7456,       227,
   69.7658,       233,
    69.786,       229,
   69.8062,       276,
   69.8264,       250,
   69.8466,       254,
   69.8667,       307,
   69.8869,       292,
   69.9071,       284,
   69.9273,       325,
   69.9475,       357,
   69.9677,       407,
   69.9879,       546,
   70.0081,       694,
   70.0283,       896,
   70.0485,      1420,
   70.0687,      2523,
   70.0888,      4508,
    70.109,      7363,
   70.1292,      8147,
   70.1494,      5961,
   70.1696,      3185,
   70.1898,      1705,
     70.21,      1161,
   70.2302,      1015,
   70.2504,      1069,
   70.2706,      1628,
   70.2908,      2681,
   70.3109,      3979,
   70.3311,      4060,
   70.3513,      2697,
   70.3715,      1582,
   70.3917,       859,
   70.4119,       612,
   70.4321,       407,
   70.4523,       394,
   70.4725,       330,
   70.4927,       292,
   70.5128,       257,
    70.533,       243,
   70.5532,       216,
   70.5734,       235,
   70.5936,       195,
   70.6138,       211,
    70.634,       179,
   70.6542,       183,
   70.6744,       198,
   70.6946,       183,
   70.7148,       174,
   70.7349,       173,
   70.7551,       186,
   70.7753,       139,
   70.7955,       160,
   70.8157,       150,
   70.8359,       156,
   70.8561,       145,
   70.8763,       165,
   70.8965,       157,
   70.9167,       154,
   70.9368,       149,
    70.957,       142,
   70.9772,       127,
   70.9974,       141,
   71.0176,       121,
   71.0378,       129,
    71.058,       120,
   71.0782,       136,
   71.0984,       122,
   71.1186,       146,
   71.1388,       137,
   71.1589,       108,
   71.1791,       131,
   71.1993,       140,
   71.2195,       124,
   71.2397,       136,
   71.2599,       128,
   71.2801,       138,
   71.3003,       137,
   71.3205,       120,
   71.3407,       125,
   71.3609,       134,
    71.381,       151,
   71.4012,       145,
   71.4214,       138,
   71.4416,       142,
   71.4618,       151,
    71.482,       154,
   71.5022,       175,
   71.5224,       172,
   71.5426,       158,
   71.5628,       151,
   71.5829,       131,
   71.6031,       130,
   71.6233,       130,
   71.6435,       129,
   71.6637,       130,
   71.6839,       150,
   71.7041,       143,
   71.7243,       144,
   71.7445,       153,
   71.7647,       134,
   71.7849,       125,
    71.805,       104,
   71.8252,       112,
   71.8454,       120,
   71.8656,       143,
   71.8858,       121,
    71.906,       127,
   71.9262,       122,
   71.9464,       110,
   71.9666,       133,
   71.9868,       115,
   72.0069,       105,
   72.0271,       110,
   72.0473,       125,
   72.0675,       119,
   72.0877,       120,
   72.1079,       110,
   72.1281,       122,
   72.1483,       142,
   72.1685,       121,
   72.1887,       114,
   72.2089,       112,
    72.229,       106,
   72.2492,       118,
   72.2694,       110,
   72.2896,        94,
   72.3098,       128,
     72.33,       118,
   72.3502,       104,
   72.3704,       123,
   72.3906,       105,
   72.4108,       101,
   72.4309,       110,
   72.4511,       108,
   72.4713,       114,
   72.4915,       113,
   72.5117,        99,
   72.5319,       122,
   72.5521,       117,
   72.5723,        93,
   72.5925,       124,
   72.6127,       101,
   72.6329,       136,
    72.653,       103,
   72.6732,       108,
   72.6934,       110,
   72.7136,       116,
   72.7338,        84,
    72.754,       107,
   72.7742,       137,
   72.7944,       115,
   72.8146,       113,
   72.8348,       130,
    72.855,       120,
   72.8751,       106,
   72.8953,       104,
   72.9155,       113,
   72.9357,       127,
   72.9559,       109,
   72.9761,       128,
   72.9963,       127,
   73.0165,       119,
   73.0367,       130,
   73.0569,       127,
    73.077,       116,
   73.0972,       109,
   73.1174,       108,
   73.1376,       119,
   73.1578,       108,
    73.178,       121,
   73.1982,       122,
   73.2184,       127,
   73.2386,       122,
   73.2588,       112,
    73.279,       122,
   73.2991,       133,
   73.3193,       108,
   73.3395,       125,
   73.3597,       110,
   73.3799,       128,
   73.4001,       108,
   73.4203,       131,
   73.4405,       114,
   73.4607,       111,
   73.4809,       115,
    73.501,       113,
   73.5212,       123,
   73.5414,       126,
   73.5616,       134,
   73.5818,       116,
    73.602,       130,
   73.6222,       112,
   73.6424,       139,
   73.6626,       131,
   73.6828,       130,
    73.703,       128,
   73.7231,       116,
   73.7433,       120,
   73.7635,       116,
   73.7837,       112,
   73.8039,       132,
   73.8241,       120,
   73.8443,       128,
   73.8645,       137,
   73.8847,       132,
   73.9049,       155,
   73.9251,       132,
   73.9452,       155,
   73.9654,       132,
   73.9856,       149,
   74.0058,       128,
    74.026,       146,
   74.0462,       148,
   74.0664,       165,
   74.0866,       165,
   74.1068,       155,
    74.127,       142,
   74.1471,       153,
   74.1673,       142,
   74.1875,       168,
   74.2077,       142,
   74.2279,       146,
   74.2481,       148,
   74.2683,       147,
   74.2885,       165,
   74.3087,       160,
   74.3289,       168,
   74.3491,       156,
   74.3692,       171,
   74.3894,       181,
   74.4096,       170,
   74.4298,       166,
     74.45,       172,
   74.4702,       173,
   74.4904,       171,
   74.5106,       163,
   74.5308,       179,
    74.551,       174,
   74.5711,       163,
   74.5913,       158,
   74.6115,       164,
   74.6317,       158,
   74.6519,       165,
   74.6721,       158,
   74.6923,       153,
   74.7125,       168,
   74.7327,       151,
   74.7529,       167,
   74.7731,       169,
   74.7932,       148,
   74.8134,       151,
   74.8336,       182,
   74.8538,       170,
    74.874,       175,
   74.8942,       173,
   74.9144,       177,
   74.9346,       171,
   74.9548,       166,
    74.975,       163,
   74.9952,       154,
   75.0153,       171,
   75.0355,       179,
   75.0557,       177,
   75.0759,       160,
   75.0961,       183,
   75.1163,       183,
   75.1365,       187,
   75.1567,       207,
   75.1769,       177,
   75.1971,       175,
   75.2172,       200,
   75.2374,       175,
   75.2576,       170,
   75.2778,       143,
    75.298,       189,
   75.3182,       183,
   75.3384,       176,
   75.3586,       179,
   75.3788,       176,
    75.399,       182,
   75.4192,       168,
   75.4393,       186,
   75.4595,       187,
   75.4797,       194,
   75.4999,       203,
   75.5201,       163,
   75.5403,       183,
   75.5605,       185,
   75.5807,       209,
   75.6009,       203,
   75.6211,       164,
   75.6412,       176,
   75.6614,       179,
   75.6816,       200,
   75.7018,       192,
    75.722,       198,
   75.7422,       205,
   75.7624,       197,
   75.7826,       188,
   75.8028,       208,
    75.823,       207,
   75.8432,       194,
   75.8633,       204,
   75.8835,       211,
   75.9037,       209,
   75.9239,       223,
   75.9441,       220,
   75.9643,       220,
   75.9845,       217,
   76.0047,       243,
   76.0249,       211,
   76.0451,       218,
   76.0653,       238,
   76.0854,       266,
   76.1056,       225,
   76.1258,       252,
    76.146,       275,
   76.1662,       240,
   76.1864,       248,
   76.2066,       279,
   76.2268,       294,
    76.247,       291,
   76.2672,       287,
   76.2873,       304,
   76.3075,       297,
   76.3277,       306,
   76.3479,       328,
   76.3681,       361,
   76.3883,       363,
   76.4085,       438,
   76.4287,       462,
   76.4489,       457,
   76.4691,       558,
   76.4893,       590,
   76.5094,       641,
   76.5296,       652,
   76.5498,       709,
     76.57,       667,
   76.5902,       701,
   76.6104,       692,
   76.6306,       775,
   76.6508,       739,
    76.671,       803,
   76.6912,       888,
   76.7113,       974,
   76.7315,      1138,
   76.7517,      1320,
   76.7719,      1665,
   76.7921,      2049,
   76.8123,      3107,
   76.8325,      4535,
   76.8527,      7738,
   76.8729,     13977,
   76.8931,     23501,
   76.9133,     28202,
   76.9334,     21987,
   76.9536,     12952,
   76.9738,      6946,
    76.994,      4278,
   77.0142,      3225,
   77.0344,      2862,
   77.0546,      3463,
   77.0748,      4646,
    77.095,      7528,
   77.1152,     11717,
   77.1354,     14264,
   77.1555,     11884,
   77.1757,      7393,
   77.1959,      4377,
   77.2161,      2600,
   77.2363,      1806,
   77.2565,      1390,
   77.2767,      1135,
   77.2969,       915,
   77.3171,       799,
   77.3373,       711,
   77.3574,       648,
   77.3776,       620,
   77.3978,       574,
    77.418,       573,
   77.4382,       522,
   77.4584,       483,
   77.4786,       455,
   77.4988,       362,
    77.519,       375,
   77.5392,       373,
   77.5594,       366,
   77.5795,       331,
   77.5997,       341,
   77.6199,       307,
   77.6401,       278,
   77.6603,       263,
   77.6805,       319,
   77.7007,       283,
   77.7209,       289,
   77.7411,       265,
   77.7613,       264,
   77.7814,       280,
   77.8016,       251,
   77.8218,       262,
    77.842,       289,
   77.8622,       291,
   77.8824,       262,
   77.9026,       257,
   77.9228,       302,
    77.943,       274,
   77.9632,       265,
   77.9834,       247,
   78.0035,       255,
   78.0237,       245,
   78.0439,       253,
   78.0641,       220,
   78.0843,       249,
   78.1045,       225,
   78.1247,       213,
   78.1449,       234,
   78.1651,       223,
   78.1853,       227,
   78.2055,       220,
   78.2256,       212,
   78.2458,       210,
    78.266,       201,
   78.2862,       205,
   78.3064,       226,
   78.3266,       172,
   78.3468,       189,
    78.367,       179,
   78.3872,       194,
   78.4074,       198,
   78.4275,       196,
   78.4477,       182,
   78.4679,       184,
   78.4881,       199,
   78.5083,       180,
   78.5285,       183,
   78.5487,       165,
   78.5689,       182,
   78.5891,       192,
   78.6093,       179,
   78.6295,       173,
   78.6496,       188,
   78.6698,       179,
     78.69,       184,
   78.7102,       165,
   78.7304,       171,
   78.7506,       174,
   78.7708,       168,
    78.791,       160,
   78.8112,       167,
   78.8314,       160,
   78.8515,       167,
   78.8717,       170,
   78.8919,       157,
   78.9121,       165,
   78.9323,       147,
   78.9525,       147,
   78.9727,       153,
   78.9929,       164,
   79.0131,       163,
   79.0333,       156,
   79.0535,       142,
   79.0736,       156,
   79.0938,       157,
    79.114,       166,
   79.1342,       174,
   79.1544,       154,
   79.1746,       134,
   79.1948,       129,
    79.215,       139,
   79.2352,       152,
   79.2554,       172,
   79.2756,       149,
   79.2957,       150,
   79.3159,       179,
   79.3361,       158,
   79.3563,       128,
   79.3765,       150,
   79.3967,       147,
   79.4169,       152,
   79.4371,       150,
   79.4573,       149,
   79.4775,       161,
   79.4976,       153,
   79.5178,       160,
    79.538,       128,
   79.5582,       134,
   79.5784,       147,
   79.5986,       153,
   79.6188,       156,
    79.639,       156,
   79.6592,       147,
   79.6794,       142,
   79.6996,       148,
   79.7197,       158,
   79.7399,       136,
   79.7601,       127,
   79.7803,       133,
   79.8005,       143,
   79.8207,       149,
   79.8409,       151,
   79.8611,       132,
   79.8813,       140,
   79.9015,       128,
   79.9216,       151,
   79.9418,       147,
    79.962,       130,
   79.9822,       127,
   80.0024,       143,
   80.0226,       146,
   80.0428,       151,
    80.063,       126,
   80.0832,       132,
   80.1034,       130,
   80.1236,       145,
   80.1437,       143,
   80.1639,       138,
   80.1841,       144,
   80.2043,       149,
   80.2245,       152,
   80.2447,       123,
   80.2649,       144,
   80.2851,       149,
   80.3053,       164,
   80.3255,       148,
   80.3456,       127,
   80.3658,       124,
    80.386,       136,
   80.4062,       151,
   80.4264,       144,
   80.4466,       159,
   80.4668,       130,
    80.487,       125,
   80.5072,       144,
   80.5274,       133,
   80.5476,       126,
   80.5677,       133,
   80.5879,       160,
   80.6081,       145,
   80.6283,       144,
   80.6485,       140,
   80.6687,       139,
   80.6889,       169,
   80.7091,       164,
   80.7293,       139,
   80.7495,       142,
   80.7697,       125,
   80.7898,       145,
     80.81,       132,
   80.8302,       145,
   80.8504,       157,
   80.8706,       131,
   80.8908,       121,
    80.911,       143,
   80.9312,       153,
   80.9514,       142,
   80.9716,       138,
   80.9917,       141,
   81.0119,       135,
   81.0321,       141,
   81.0523,       137,
   81.0725,       145,
   81.0927,       151,
   81.1129,       134,
   81.1331,       149,
   81.1533,       142,
   81.1735,       143,
   81.1937,       155,
   81.2138,       166,
    81.234,       125,
   81.2542,       135,
   81.2744,       140,
   81.2946,       153,
   81.3148,       149,
    81.335,       140,
   81.3552,       148,
   81.3754,       155,
   81.3956,       136,
   81.4157,       155,
   81.4359,       169,
   81.4561,       128,
   81.4763,       146,
   81.4965,       135,
   81.5167,       128,
   81.5369,       145,
   81.5571,       145,
   81.5773,       132,
   81.5975,       149,
   81.6177,       140,
   81.6378,       162,
    81.658,       131,
   81.6782,       148,
   81.6984,       121,
   81.7186,       151,
   81.7388,       147,
    81.759,       154,
   81.7792,       143,
   81.7994,       159,
   81.8196,       137,
   81.8398,       141,
   81.8599,       155,
   81.8801,       147,
   81.9003,       160,
   81.9205,       130,
   81.9407,       136,
   81.9609,       153,
   81.9811,       143,
   82.0013,       143,
   82.0215,       147,
   82.0417,       162,
   82.0618,       134,
    82.082,       157,
   82.1022,       141,
   82.1224,       149,
   82.1426,       150,
   82.1628,       134,
    82.183,       155,
   82.2032,       144,
   82.2234,       154,
   82.2436,       160,
   82.2638,       124,
   82.2839,       149,
   82.3041,       150,
   82.3243,       146,
   82.3445,       157,
   82.3647,       120,
   82.3849,       135,
   82.4051,       126,
   82.4253,       158,
   82.4455,       127,
   82.4657,       143,
   82.4858,       128,
    82.506,       133,
   82.5262,       116,
   82.5464,       152,
   82.5666,       150,
   82.5868,       156,
    82.607,       141,
   82.6272,       141,
   82.6474,       149,
   82.6676,       127,
   82.6878,       140,
   82.7079,       158,
   82.7281,       158,
   82.7483,       159,
   82.7685,       152,
   82.7887,       132,
   82.8089,       179,
   82.8291,       134,
   82.8493,       153,
   82.8695,       148,
   82.8897,       168,
   82.9099,       154,
     82.93,       156,
   82.9502,       156,
   82.9704,       177,
   82.9906,       162,
   83.0108,       158,
    83.031,       165,
   83.0512,       164,
   83.0714,       149,
   83.0916,       150,
   83.1118,       159,
   83.1319,       175,
   83.1521,       154,
   83.1723,       166,
   83.1925,       148,
   83.2127,       147,
   83.2329,       159,
   83.2531,       174,
   83.2733,       167,
   83.2935,       170,
   83.3137,       181,
   83.3339,       168,
    83.354,       177,
   83.3742,       166,
   83.3944,       196,
   83.4146,       206,
   83.4348,       199,
    83.455,       214,
   83.4752,       205,
   83.4954,       210,
   83.5156,       230,
   83.5358,       245,
   83.5559,       200,
   83.5761,       263,
   83.5963,       289,
   83.6165,       294,
   83.6367,       312,
   83.6569,       293,
   83.6771,       333,
   83.6973,       325,
   83.7175,       323,
   83.7377,       335,
   83.7579,       325,
    83.778,       342,
   83.7982,       369,
   83.8184,       397,
   83.8386,       443,
   83.8588,       531,
    83.879,       617,
   83.8992,       733,
   83.9194,       944,
   83.9396,      1199,
   83.9598,      1889,
     83.98,      3010,
   84.0001,      5403,
   84.0203,      8044,
   84.0405,      8694,
   84.0607,      6274,
   84.0809,      3750,
   84.1011,      2200,
   84.1213,      1487,
   84.1415,      1110,
   84.1617,       981,
   84.1819,      1002,
    84.202,      1145,
   84.2222,      1485,
   84.2424,      2191,
   84.2626,      3410,
   84.2828,      4387,
    84.303,      4119,
   84.3232,      2878,
   84.3434,      1869,
   84.3636,      1138,
   84.3838,       854,
    84.404,       606,
   84.4241,       445,
   84.4443,       383,
   84.4645,       390,
   84.4847,       370,
   84.5049,       337,
   84.5251,       331,
   84.5453,       296,
   84.5655,       283,
   84.5857,       254,
   84.6059,       263,
    84.626,       262,
   84.6462,       279,
   84.6664,       278,
   84.6866,       234,
   84.7068,       207,
    84.727,       207,
   84.7472,       204,
   84.7674,       181,
   84.7876,       184,
   84.8078,       194,
    84.828,       196,
   84.8481,       162,
   84.8683,       160,
   84.8885,       198,
   84.9087,       197,
   84.9289,       182,
   84.9491,       184,
   84.9693,       187,
   84.9895,       178,
   85.0097,       176,
   85.0299,       169,
   85.0501,       156,
   85.0702,       160,
   85.0904,       177,
   85.1106,       147,
   85.1308,       152,
    85.151,       150,
   85.1712,       167,
   85.1914,       144,
   85.2116,       153,
   85.2318,       157,
    85.252,       153,
   85.2721,       150,
   85.2923,       122,
   85.3125,       150,
   85.3327,       155,
   85.3529,       128,
   85.3731,       153,
   85.3933,       146,
   85.4135,       120,
   85.4337,       131,
   85.4539,       144,
   85.4741,       114,
   85.4942,       136,
   85.5144,       134,
   85.5346,       143,
   85.5548,       155,
    85.575,       132,
   85.5952,       134,
   85.6154,       145,
   85.6356,       133,
   85.6558,       152,
    85.676,       120,
   85.6961,       136,
   85.7163,       144,
   85.7365,       142,
   85.7567,       130,
   85.7769,       111,
   85.7971,       135,
   85.8173,       126,
   85.8375,       132,
   85.8577,       141,
   85.8779,       118,
   85.8981,       128,
   85.9182,       125,
   85.9384,       132,
   85.9586,       118,
   85.9788,       137,
    85.999,       123,
   86.0192,       115,
   86.0394,       125,
   86.0596,       131,
   86.0798,       125,
      86.1,       124,
   86.1202,       111,
   86.1403,       135,
   86.1605,       122,
   86.1807,       149,
   86.2009,       128,
   86.2211,       109,
   86.2413,       119,
   86.2615,       125,
   86.2817,       124,
   86.3019,       112,
   86.3221,       123,
   86.3422,       136,
   86.3624,       124,
   86.3826,       109,
   86.4028,       153,
    86.423,       107,
   86.4432,       130,
   86.4634,       125,
   86.4836,       124,
   86.5038,       122,
    86.524,       120,
   86.5442,       120,
   86.5643,       117,
   86.5845,       134,
   86.6047,       106,
   86.6249,       118,
   86.6451,       116,
   86.6653,       110,
   86.6855,       127,
   86.7057,       114,
   86.7259,       113,
   86.7461,       136,
   86.7662,       110,
   86.7864,       113,
   86.8066,       117,
   86.8268,       110,
    86.847,       128,
   86.8672,       120,
   86.8874,       129,
   86.9076,       121,
   86.9278,       124,
    86.948,       137,
   86.9682,       137,
   86.9883,       123,
   87.0085,       115,
   87.0287,       125,
   87.0489,       128,
   87.0691,       113,
   87.0893,       112,
   87.1095,       130,
   87.1297,       114,
   87.1499,       106,
   87.1701,       129,
   87.1903,       110,
   87.2104,       127,
   87.2306,       120,
   87.2508,       106,
    87.271,       121,
   87.2912,       107,
   87.3114,       107,
   87.3316,       117,
   87.3518,       117,
    87.372,       106,
   87.3922,        96,
   87.4123,       114,
   87.4325,       105,
   87.4527,       116,
   87.4729,       137,
   87.4931,        88,
   87.5133,       110,
   87.5335,       118,
   87.5537,       133,
   87.5739,       113,
   87.5941,       126,
   87.6143,       119,
   87.6344,       107,
   87.6546,       103,
   87.6748,       127,
    87.695,       117,
   87.7152,       120,
   87.7354,       100,
   87.7556,       113,
   87.7758,       113,
    87.796,       120,
   87.8162,       107,
   87.8363,       120,
   87.8565,       133,
   87.8767,       111,
   87.8969,       115,
   87.9171,       111,
   87.9373,       112,
   87.9575,       105,
   87.9777,       134,
   87.9979,       123,
   88.0181,       124,
   88.0383,       119,
   88.0584,       114,
   88.0786,       113,
   88.0988,       125,
    88.119,       121,
   88.1392,       119,
   88.1594,       107,
   88.1796,       102,
   88.1998,       111,
     88.22,       122,
   88.2402,       123,
   88.2604,       109,
   88.2805,       126,
   88.3007,       104,
   88.3209,       118,
   88.3411,       131,
   88.3613,       120,
   88.3815,       118,
   88.4017,       131,
   88.4219,       113,
   88.4421,       124,
   88.4623,       136,
   88.4824,       127,
   88.5026,       113,
   88.5228,       113,
    88.543,       119,
   88.5632,       127,
   88.5834,       125,
   88.6036,       120,
   88.6238,       110,
    88.644,       129,
   88.6642,       103,
   88.6844,       105,
   88.7045,       120,
   88.7247,       137,
   88.7449,       126,
   88.7651,       125,
   88.7853,       131,
   88.8055,       118,
   88.8257,       107,
   88.8459,       121,
   88.8661,       118,
   88.8863,       111,
   88.9064,       112,
   88.9266,       121,
   88.9468,       115,
    88.967,       118,
   88.9872,       119,
   89.0074,       127,
   89.0276,       121,
   89.0478,       122,
    89.068,       105,
   89.0882,       111,
   89.1084,       106,
   89.1285,       136,
   89.1487,       120,
   89.1689,       117,
   89.1891,       111,
   89.2093,       119,
   89.2295,       100,
   89.2497,       121,
   89.2699,       114,
   89.2901,       130,
   89.3103,       120,
   89.3304,        97,
   89.3506,       134,
   89.3708,       118,
    89.391,       115,
   89.4112,       136,
   89.4314,       145,
   89.4516,       123,
   89.4718,       124,
    89.492,        90,
   89.5122,       152,
   89.5324,       124,
   89.5525,       117,
   89.5727,       107,
   89.5929,       116,
   89.6131,       119,
   89.6333,       111,
   89.6535,       112,
   89.6737,       118,
   89.6939,       111,
   89.7141,       113,
   89.7343,       124,
   89.7545,       113,
   89.7746,       123,
   89.7948,       114,
    89.815,       130,
   89.8352,       127,
   89.8554,       111,
   89.8756,       144,
   89.8958,       111,
    89.916,       105,
   89.9362,       121,
   89.9564,       133,
   89.9765,       111,
   89.9967,       133,
   90.0169,       116,
   90.0371,       125,
   90.0573,       133,
   90.0775,       132,
   90.0977,       126,
   90.1179,        95,
   90.1381,       124,
   90.1583,       104,
   90.1785,       124,
   90.1986,       122,
   90.2188,       115,
    90.239,       142,
   90.2592,       121,
   90.2794,       128,
   90.2996,       141,
   90.3198,       130,
     90.34,       119,
   90.3602,       121,
   90.3804,       119,
   90.4005,       138,
   90.4207,       133,
   90.4409,       130,
   90.4611,       149,
   90.4813,       127,
   90.5015,       134,
   90.5217,       134,
   90.5419,       145,
   90.5621,       138,
   90.5823,       132,
   90.6025,       146,
   90.6226,       127,
   90.6428,       135,
    90.663,       141,
   90.6832,       144,
   90.7034,       152,
   90.7236,       142,
   90.7438,       122,
    90.764,       127,
   90.7842,       121,
   90.8044,       146,
   90.8246,       138,
   90.8447,       134,
   90.8649,       148,
   90.8851,       132,
   90.9053,       136,
   90.9255,       138,
   90.9457,       131,
   90.9659,       161,
   90.9861,       148,
   91.0063,       182,
   91.0265,       144,
   91.0466,       173,
   91.0668,       213,
    91.087,       204,
   91.1072,       193,
   91.1274,       190,
   91.1476,       184,
   91.1678,       194,
    91.188,       206,
   91.2082,       188,
   91.2284,       203,
   91.2486,       226,
   91.2687,       211,
   91.2889,       229,
   91.3091,       226,
   91.3293,       255,
   91.3495,       273,
   91.3697,       275,
   91.3899,       310,
   91.4101,       351,
   91.4303,       417,
   91.4505,       478,
   91.4706,       646,
   91.4908,       854,
    91.511,      1231,
   91.5312,      1876,
   91.5514,      3086,
   91.5716,      4134,
   91.5918,      4060,
    91.612,      3080,
   91.6322,      1865,
   91.6524,      1185,
   91.6726,       791,
   91.6927,       601,
   91.7129,       511,
   91.7331,       495,
   91.7533,       474,
   91.7735,       549,
   91.7937,       730,
   91.8139,       984,
   91.8341,      1437,
   91.8543,      1958,
   91.8745,      2116,
   91.8947,      1790,
   91.9148,      1318,
    91.935,       804,
   91.9552,       598,
   91.9754,       417,
   91.9956,       376,
   92.0158,       310,
    92.036,       249,
   92.0562,       231,
   92.0764,       213,
   92.0966,       223,
   92.1167,       237,
   92.1369,       182,
   92.1571,       183,
   92.1773,       189,
   92.1975,       182,
   92.2177,       156,
   92.2379,       168,
   92.2581,       159,
   92.2783,       150,
   92.2985,       156,
   92.3187,       139,
   92.3388,       154,
    92.359,       155,
   92.3792,       146,
   92.3994,       140,
   92.4196,       147,
   92.4398,       124,
     92.46,       145,
   92.4802,       129,
   92.5004,       147,
   92.5206,       141,
   92.5407,       127,
   92.5609,       121,
   92.5811,       122,
   92.6013,       132,
   92.6215,       113,
   92.6417,       130,
   92.6619,       130,
   92.6821,       119,
   92.7023,       123,
   92.7225,       121,
   92.7427,       127,
   92.7628,       107,
    92.783,       110,
   92.8032,       102,
   92.8234,       123,
   92.8436,       113,
   92.8638,       119,
    92.884,       112,
   92.9042,       107,
   92.9244,       125,
   92.9446,       109,
   92.9648,       112,
   92.9849,       112,
   93.0051,       127,
   93.0253,       112,
   93.0455,       126,
   93.0657,       115,
   93.0859,       120,
   93.1061,       125,
   93.1263,       100,
   93.1465,       125,
   93.1667,       119,
   93.1868,       106,
    93.207,        98,
   93.2272,       111,
   93.2474,       115,
   93.2676,       111,
   93.2878,       104,
    93.308,       117,
   93.3282,       109,
   93.3484,       108,
   93.3686,       104,
   93.3888,       136,
   93.4089,       127,
   93.4291,       126,
   93.4493,       117,
   93.4695,       109,
   93.4897,       118,
   93.5099,        92,
   93.5301,       108,
   93.5503,       119,
   93.5705,       104,
   93.5907,       108,
   93.6108,       118,
    93.631,       103,
   93.6512,       105,
   93.6714,       101,
   93.6916,       106,
   93.7118,       104,
    93.732,       103,
   93.7522,       101,
   93.7724,       106,
   93.7926,       101,
   93.8128,       108,
   93.8329,       103,
   93.8531,       108,
   93.8733,       117,
   93.8935,       110,
   93.9137,       106,
   93.9339,       110,
   93.9541,       106,
   93.9743,       105,
   93.9945,        98,
   94.0147,       112,
   94.0349,        92,
    94.055,       109,
   94.0752,       105,
   94.0954,        83,
   94.1156,       101,
   94.1358,       109,
    94.156,        97,
   94.1762,       125,
   94.1964,       107,
   94.2166,       105,
   94.2368,        90,
   94.2569,       121,
   94.2771,       106,
   94.2973,        93,
   94.3175,        93,
   94.3377,        81,
   94.3579,       101,
   94.3781,        97,
   94.3983,       100,
   94.4185,       136,
   94.4387,       102,
   94.4589,       118,
    94.479,        90,
   94.4992,       103,
   94.5194,        98,
   94.5396,       107,
   94.5598,       102,
     94.58,       113,
   94.6002,       110,
   94.6204,        91,
   94.6406,        96,
   94.6608,        94,
   94.6809,        97,
   94.7011,       108,
   94.7213,       105,
   94.7415,       112,
   94.7617,        94,
   94.7819,       105,
   94.8021,       112,
   94.8223,        95,
   94.8425,       103,
   94.8627,        86,
   94.8829,       107,
    94.903,       110,
   94.9232,        92,
   94.9434,        96,
   94.9636,        94,
   94.9838,       120,
    95.004,       107,
   95.0242,       114,
   95.0444,       104,
   95.0646,       115,
   95.0848,        92,
    95.105,        81,
   95.1251,        91,
   95.1453,       102,
   95.1655,        82,
   95.1857,       100,
   95.2059,       101,
   95.2261,       105,
   95.2463,       105,
   95.2665,        98,
   95.2867,        99,
   95.3069,        88,
    95.327,        85,
   95.3472,       102,
   95.3674,       103,
   95.3876,        89,
   95.4078,       108,
    95.428,        99,
   95.4482,        95,
   95.4684,       107,
   95.4886,        82,
   95.5088,        90,
    95.529,        75,
   95.5491,       107,
   95.5693,        96,
   95.5895,        83,
   95.6097,        89,
   95.6299,        99,
   95.6501,       104,
   95.6703,        98,
   95.6905,        94,
   95.7107,        94,
   95.7309,       105,
    95.751,       102,
   95.7712,        92,
   95.7914,        96,
   95.8116,       118,
   95.8318,       105,
    95.852,        77,
   95.8722,       106,
   95.8924,        87,
   95.9126,        94,
   95.9328,        87,
    95.953,        95,
   95.9731,        89,
   95.9933,       104,
   96.0135,       118,
   96.0337,        90,
   96.0539,        79,
   96.0741,        83,
   96.0943,        94,
   96.1145,        92,
   96.1347,       111,
   96.1549,       105,
   96.1751,        90,
   96.1952,        97,
   96.2154,        92,
   96.2356,        79,
   96.2558,       104,
    96.276,       100,
   96.2962,        79,
   96.3164,       101,
   96.3366,        86,
   96.3568,       107,
    96.377,        92,
   96.3971,        92,
   96.4173,        92,
   96.4375,       111,
   96.4577,        93,
   96.4779,        85,
   96.4981,       100,
   96.5183,       105,
   96.5385,        91,
   96.5587,       114,
   96.5789,        91,
   96.5991,        98,
   96.6192,        94,
   96.6394,        79,
   96.6596,       119,
   96.6798,       110,
      96.7,        99,
   96.7202,        84,
   96.7404,        96,
   96.7606,        81,
   96.7808,        94,
    96.801,        96,
   96.8211,        89,
   96.8413,       113,
   96.8615,       102,
   96.8817,        94,
   96.9019,        88,
   96.9221,       100,
   96.9423,        95,
   96.9625,       118,
   96.9827,       100,
   97.0029,        80,
   97.0231,        88,
   97.0432,        90,
   97.0634,        83,
   97.0836,        97,
   97.1038,        87,
    97.124,        86,
   97.1442,        98,
   97.1644,        95,
   97.1846,       104,
   97.2048,       100,
    97.225,        95,
   97.2451,        95,
   97.2653,        77,
   97.2855,        99,
   97.3057,        67,
   97.3259,        86,
   97.3461,        93,
   97.3663,        92,
   97.3865,       112,
   97.4067,        94,
   97.4269,        72,
   97.4471,        74,
   97.4672,        79,
   97.4874,        84,
   97.5076,        92,
   97.5278,        97,
    97.548,        91,
   97.5682,        86,
   97.5884,        96,
   97.6086,        96,
   97.6288,       106,
    97.649,       101,
   97.6692,       109,
   97.6893,        84,
   97.7095,        92,
   97.7297,       103,
   97.7499,       105,
   97.7701,        89,
   97.7903,        77,
   97.8105,        81,
   97.8307,        88,
   97.8509,        93,
   97.8711,       100,
   97.8912,        95,
   97.9114,        99,
   97.9316,        82,
   97.9518,       105,
    97.972,        93,
   97.9922,        81,
   98.0124,       112,
   98.0326,       106,
   98.0528,       100,
    98.073,       108,
   98.0932,        84,
   98.1133,       101,
   98.1335,        95,
   98.1537,        89,
   98.1739,        82,
   98.1941,        98,
   98.2143,        87,
   98.2345,        77,
   98.2547,       102,
   98.2749,        88,
   98.2951,        98,
   98.3152,        86,
   98.3354,        92,
   98.3556,        89,
   98.3758,        77,
    98.396,        97,
   98.4162,        97,
   98.4364,        77,
   98.4566,        97,
   98.4768,        94,
    98.497,        95,
   98.5172,        87,
   98.5373,        88,
   98.5575,        87,
   98.5777,       102,
   98.5979,        93,
   98.6181,       102,
   98.6383,       109,
   98.6585,        86,
   98.6787,        84,
   98.6989,        90,
   98.7191,        83,
   98.7393,        87,
   98.7594,        92,
   98.7796,        74,
   98.7998,        81,
     98.82,        85,
   98.8402,       102,
   98.8604,        84,
   98.8806,       109,
   98.9008,        98,
    98.921,        78,
   98.9412,        83,
   98.9613,       102,
   98.9815,        80,
   99.0017,       103,
   99.0219,        77,
   99.0421,       101,
   99.0623,        90,
   99.0825,        98,
   99.1027,        91,
   99.1229,        95,
   99.1431,        95,
   99.1633,       108,
   99.1834,        79,
   99.2036,        96,
   99.2238,        97,
    99.244,       104,
   99.2642,       100,
   99.2844,        89,
   99.3046,        90,
   99.3248,        91,
    99.345,       106,
   99.3652,        94,
   99.3853,       105,
   99.4055,       100,
   99.4257,        99,
   99.4459,        78,
   99.4661,        87,
   99.4863,       113,
   99.5065,        83,
   99.5267,       101,
   99.5469,       104,
   99.5671,       108,
   99.5873,        94,
   99.6074,       118,
   99.6276,       125,
   99.6478,       129,
    99.668,       134,
   99.6882,       123,
   99.7084,       128,
   99.7286,       101,
   99.7488,        93,
    99.769,       100,
   99.7892,       107,
   99.8094,        82,
   99.8295,        91,
   99.8497,       101,
   99.8699,        99,
   99.8901,        82,
   99.9103,        97,
   99.9305,        86,
   99.9507,       111,
   99.9709,       112,
   99.9911,       111,
   100.011,       113,
   100.031,       123,
   100.052,       104,
   100.072,       101,
   100.092,       112,
   100.112,       107,
   100.132,       100,
   100.153,        99,
   100.173,       105,
   100.193,        89,
   100.213,        84,
   100.233,        92,
   100.254,       106,
   100.274,        71,
   100.294,        90,
   100.314,        91,
   100.334,        91,
   100.354,        88,
   100.375,       102,
   100.395,        90,
   100.415,        83,
   100.435,        88,
   100.455,        79,
   100.476,        82,
   100.496,       104,
   100.516,       103,
   100.536,        99,
   100.556,        87,
   100.577,        77,
   100.597,        84,
   100.617,       103,
   100.637,       100,
   100.657,        90,
   100.678,        98,
   100.698,        98,
   100.718,        94,
   100.738,        95,
   100.758,        94,
   100.778,        99,
   100.799,        94,
   100.819,        89,
   100.839,        85,
   100.859,        93,
   100.879,        89,
     100.9,        89,
    100.92,       103,
    100.94,        90,
    100.96,        88,
    100.98,        99,
   101.001,       116,
   101.021,        96,
   101.041,        85,
   101.061,        95,
   101.081,        87,
   101.102,        83,
   101.122,        93,
   101.142,        97,
   101.162,        89,
   101.182,        98,
   101.202,        90,
   101.223,        83,
   101.243,       109,
   101.263,       100,
   101.283,        80,
   101.303,       104,
   101.324,        84,
   101.344,        96,
   101.364,        95,
   101.384,        91,
   101.404,        81,
   101.425,       104,
   101.445,        95,
   101.465,        97,
   101.485,        98,
   101.505,        99,
   101.526,        92,
   101.546,       103,
   101.566,        86,
   101.586,        89,
   101.606,        86,
   101.627,       100,
   101.647,        86,
   101.667,        93,
   101.687,        72,
   101.707,       105,
   101.727,        94,
   101.748,        91,
   101.768,        81,
   101.788,        86,
   101.808,        72,
   101.828,        94,
   101.849,        95,
   101.869,        90,
   101.889,       108,
   101.909,        81,
   101.929,        89,
    101.95,        90,
    101.97,        95,
    101.99,        83,
    102.01,       106,
    102.03,       100,
   102.051,       106,
   102.071,        90,
   102.091,        78,
   102.111,        87,
   102.131,        82,
   102.151,        84,
   102.172,        86,
   102.192,        89,
   102.212,        91,
   102.232,        93,
   102.252,        84,
   102.273,        84,
   102.293,        81,
   102.313,        95,
   102.333,       104,
   102.353,        93,
   102.374,        98,
   102.394,        92,
   102.414,        89,
   102.434,        97,
   102.454,        91,
   102.475,        81,
   102.495,        78,
   102.515,        64,
   102.535,        92,
   102.555,        81,
   102.575,        98,
   102.596,        82,
   102.616,        79,
   102.636,       109,
   102.656,        87,
   102.676,        95,
   102.697,        92,
   102.717,        90,
   102.737,        86,
   102.757,       105,
   102.777,        82,
   102.798,        96,
   102.818,        75,
   102.838,        93,
   102.858,        92,
   102.878,        93,
   102.899,        81,
   102.919,        83,
   102.939,        87,
   102.959,        72,
   102.979,        90,
   102.999,        92,
    103.02,        87,
    103.04,       100,
    103.06,        95,
    103.08,        99,
     103.1,        96,
   103.121,        94,
   103.141,        81,
   103.161,        87,
   103.181,        93,
   103.201,        77,
   103.222,       103,
   103.242,        85,
   103.262,        76,
   103.282,        93,
   103.302,        84,
   103.323,        81,
   103.343,        87,
   103.363,        79,
   103.383,        98,
   103.403,        77,
   103.423,        88,
   103.444,        98,
   103.464,        87,
   103.484,        91,
   103.504,        86,
   103.524,        82,
   103.545,        89,
   103.565,        92,
   103.585,        93,
   103.605,        94,
   103.625,        89,
   103.646,        94,
   103.666,        89,
   103.686,        90,
   103.706,        67,
   103.726,       102,
   103.747,        84,
   103.767,        83,
   103.787,        94,
   103.807,       102,
   103.827,        86,
   103.847,        92,
   103.868,        83,
   103.888,        85,
   103.908,       108,
   103.928,        95,
   103.948,        91,
   103.969,        88,
   103.989,        88,
   104.009,        98,
   104.029,       100,
   104.049,        94,
    104.07,        95,
    104.09,        87,
    104.11,        84,
    104.13,        92,
    104.15,        87,
   104.171,        80,
   104.191,       102,
   104.211,        93,
   104.231,        75,
   104.251,        90,
   104.271,        81,
   104.292,        94,
   104.312,        94,
   104.332,        78,
   104.352,        90,
   104.372,        89,
   104.393,        96,
   104.413,        88,
   104.433,        88,
   104.453,        83,
   104.473,       101,
   104.494,        90,
   104.514,        93,
   104.534,       103,
   104.554,        93,
   104.574,        85,
   104.595,        90,
   104.615,       110,
   104.635,        95,
   104.655,        80,
   104.675,        79,
   104.695,        92,
   104.716,        88,
   104.736,        81,
   104.756,        92,
   104.776,       102,
   104.796,        78,
   104.817,        88,
   104.837,        81,
   104.857,       105,
   104.877,        90,
   104.897,        76,
   104.918,        91,
   104.938,        80,
   104.958,       104,
   104.978,       100,
   104.998,        79,
   105.019,        71,
   105.039,        98,
   105.059,        86,
   105.079,       106,
   105.099,       104,
   105.119,       103,
    105.14,        98,
    105.16,        70,
    105.18,        85,
     105.2,        82,
    105.22,        76,
   105.241,        86,
   105.261,        79,
   105.281,        93,
   105.301,        99,
   105.321,        90,
   105.342,        77,
   105.362,        74,
   105.382,        89,
   105.402,        87,
   105.422,        97,
   105.443,        75,
   105.463,        92,
   105.483,        90,
   105.503,        94,
   105.523,        80,
   105.543,        87,
   105.564,        97,
   105.584,        92,
   105.604,        92,
   105.624,       110,
   105.644,        90,
   105.665,        87,
   105.685,        74,
   105.705,        88,
   105.725,        80,
   105.745,        82,
   105.766,        86,
   105.786,        71,
   105.806,        83,
   105.826,        93,
   105.846,        96,
   105.867,       102,
   105.887,        91,
   105.907,        94,
   105.927,        87,
   105.947,        92,
   105.967,        99,
   105.988,        87,
   106.008,        91,
   106.028,        80,
   106.048,        95,
   106.068,        91,
   106.089,        81,
   106.109,        80,
   106.129,        94,
   106.149,        91,
   106.169,        89,
    106.19,        82,
    106.21,        91,
    106.23,        89,
    106.25,        74,
    106.27,        98,
   106.291,        91,
   106.311,        85,
   106.331,        82,
   106.351,        76,
   106.371,        69,
   106.391,        88,
   106.412,        84,
   106.432,        95,
   106.452,        86,
   106.472,        92,
   106.492,        95,
   106.513,        88,
   106.533,        74,
   106.553,        75,
   106.573,        87,
   106.593,       105,
   106.614,        93,
   106.634,        97,
   106.654,        83,
   106.674,        93,
   106.694,        74,
   106.715,        82,
   106.735,        72,
   106.755,        91,
   106.775,        84,
   106.795,        96,
   106.815,       106,
   106.836,        90,
   106.856,       106,
   106.876,        86,
   106.896,        91,
   106.916,        91,
   106.937,        77,
   106.957,        89,
   106.977,        87,
   106.997,        91,
   107.017,        93,
   107.038,        81,
   107.058,        85,
   107.078,        87,
   107.098,       109,
   107.118,        87,
   107.139,        93,
   107.159,        98,
   107.179,        94,
   107.199,        89,
   107.219,        80,
   107.239,        84,
    107.26,        91,
    107.28,        96,
     107.3,        95,
    107.32,        90,
    107.34,        84,
   107.361,        97,
   107.381,        92,
   107.401,       102,
   107.421,        67,
   107.441,        94,
   107.462,       100,
   107.482,        72,
   107.502,        93,
   107.522,        72,
   107.542,       105,
   107.563,        78,
   107.583,        89,
   107.603,        83,
   107.623,        99,
   107.643,        68,
   107.663,        89,
   107.684,        91,
   107.704,        92,
   107.724,        89,
   107.744,       106,
   107.764,        90,
   107.785,        94,
   107.805,        82,
   107.825,        74,
   107.845,        69,
   107.865,        89,
   107.886,        98,
   107.906,        81,
   107.926,        86,
   107.946,        85,
   107.966,        84,
   107.987,        90,
   108.007,        90,
   108.027,        95,
   108.047,        97,
   108.067,        87,
   108.087,        95,
   108.108,        83,
   108.128,        86,
   108.148,        89,
   108.168,        95,
   108.188,        89,
   108.209,        90,
   108.229,        87,
   108.249,        96,
   108.269,        89,
   108.289,        91,
    108.31,        86,
    108.33,        97,
    108.35,        72,
    108.37,        78,
    108.39,       105,
   108.411,        74,
   108.431,        93,
   108.451,       101,
   108.471,       117,
   108.491,        99,
   108.511,       120,
   108.532,       120,
   108.552,       109,
   108.572,       119,
   108.592,       113,
   108.612,        90,
   108.633,        78,
   108.653,        88,
   108.673,        72,
   108.693,        77,
   108.713,        86,
   108.734,        76,
   108.754,        92,
   108.774,       104,
   108.794,        73,
   108.814,        91,
   108.835,        84,
   108.855,       117,
   108.875,       103,
   108.895,        88,
   108.915,        80,
   108.935,       106,
   108.956,        98,
   108.976,        87,
   108.996,        96,
   109.016,        84,
   109.036,        90,
   109.057,        92,
   109.077,       100,
   109.097,        93,
   109.117,        82,
   109.137,       103,
   109.158,        78,
   109.178,        98,
   109.198,        79,
   109.218,        85,
   109.238,        79,
   109.259,        82,
   109.279,        81,
   109.299,        99,
   109.319,       114,
   109.339,        82,
   109.359,        89,
    109.38,        65,
     109.4,        89,
    109.42,        89,
    109.44,        83,
    109.46,        83,
   109.481,        80,
   109.501,        96,
   109.521,        96,
   109.541,        74,
   109.561,        90,
   109.582,        77,
   109.602,        83,
   109.622,        96,
   109.642,        81,
   109.662,        84,
   109.683,        78,
   109.703,        84,
   109.723,        80,
   109.743,        86,
   109.763,        92,
   109.783,        86,
   109.804,        96,
   109.824,        89,
   109.844,        91,
   109.864,        88,
   109.884,        83,
   109.905,        91,
   109.925,        88,
   109.945,        89,
   109.965,       102,
   109.985,        88,
   110.006,       101,
   110.026,        80,
   110.046,        75,
   110.066,        92,
   110.086,       100,
   110.107,        92,
   110.127,        84,
   110.147,       101,
   110.167,        93,
   110.187,        98,
   110.207,       101,
   110.228,        87,
   110.248,        92,
   110.268,        79,
   110.288,        97,
   110.308,        85,
   110.329,        75,
   110.349,        94,
   110.369,        75,
   110.389,        82,
   110.409,        89,
    110.43,        94,
    110.45,        77,
    110.47,        78,
    110.49,        75,
    110.51,        91,
   110.531,        82,
   110.551,        88,
   110.571,        94,
   110.591,        86,
   110.611,        91,
   110.631,        93,
   110.652,        91,
   110.672,        90,
   110.692,        86,
   110.712,        79,
   110.732,        96,
   110.753,        92,
   110.773,       100,
   110.793,        87,
   110.813,       101,
   110.833,        67,
   110.854,        76,
   110.874,        87,
   110.894,        88,
   110.914,        76,
   110.934,        75,
   110.955,        76,
   110.975,        83,
   110.995,        92,
   111.015,        97,
   111.035,        96,
   111.055,        90,
   111.076,        79,
   111.096,        77,
   111.116,        89,
   111.136,        76,
   111.156,        74,
   111.177,        91,
   111.197,        95,
   111.217,        96,
   111.237,        94,
   111.257,        91,
   111.278,        72,
   111.298,        95,
   111.318,        86,
   111.338,        97,
   111.358,        79,
   111.379,        76,
   111.399,        86,
   111.419,        81,
   111.439,        83,
   111.459,        87,
   111.479,        76,
     111.5,        81,
    111.52,        87,
    111.54,        91,
    111.56,        97,
    111.58,        92,
   111.601,        96,
   111.621,        80,
   111.641,        81,
   111.661,        88,
   111.681,        79,
   111.702,        82,
   111.722,        79,
   111.742,        93,
   111.762,        90,
   111.782,        93,
   111.803,        88,
   111.823,       105,
   111.843,        72,
   111.863,       100,
   111.883,        99,
   111.903,        70,
   111.924,        94,
   111.944,        80,
   111.964,        83,
   111.984,        91,
   112.004,        85,
   112.025,        81,
   112.045,        77,
   112.065,        90,
   112.085,        96,
   112.105,       107,
   112.126,       100,
   112.146,        71,
   112.166,        78,
   112.186,        72,
   112.206,        96,
   112.227,        93,
   112.247,        79,
   112.267,        97,
   112.287,        78,
   112.307,        85,
   112.327,        88,
   112.348,        77,
   112.368,        78,
   112.388,        87,
   112.408,        94,
   112.428,        81,
   112.449,        98,
   112.469,        90,
   112.489,        80,
   112.509,        81,
   112.529,       101,
    112.55,        83,
    112.57,        88,
    112.59,        89,
    112.61,       110,
    112.63,        92,
   112.651,        93,
   112.671,        91,
   112.691,        78,
   112.711,        82,
   112.731,        84,
   112.752,        96,
   112.772,       105,
   112.792,        73,
   112.812,        88,
   112.832,        92,
   112.852,        97,
   112.873,        91,
   112.893,        86,
   112.913,       105,
   112.933,        75,
   112.953,        90,
   112.974,        87,
   112.994,        83,
   113.014,        88,
   113.034,        97,
   113.054,        86,
   113.075,        89,
   113.095,       104,
   113.115,        72,
   113.135,        81,
   113.155,       104,
   113.176,        81,
   113.196,        92,
   113.216,        83,
   113.236,        81,
   113.256,        86,
   113.276,        97,
   113.297,        74,
   113.317,        97,
   113.337,        73,
   113.357,        77,
   113.377,        97,
   113.398,        86,
   113.418,        75,
   113.438,        90,
   113.458,        96,
   113.478,        86,
   113.499,        90,
   113.519,        82,
   113.539,        78,
   113.559,       102,
   113.579,        85,
     113.6,        94,
    113.62,        84,
    113.64,        90,
    113.66,        86,
    113.68,        86,
     113.7,        94,
   113.721,       102,
   113.741,       105,
   113.761,        77,
   113.781,        90,
   113.801,        78,
   113.822,        82,
   113.842,        76,
   113.862,        80,
   113.882,        90,
   113.902,       100,
   113.923,       100,
   113.943,        90,
   113.963,        82,
   113.983,        84,
   114.003,        85,
   114.024,        90,
   114.044,        89,
   114.064,       104,
   114.084,        93,
   114.104,       109,
   114.124,        93,
   114.145,        85,
   114.165,        94,
   114.185,        83,
   114.205,        92,
   114.225,        89,
   114.246,       114,
   114.266,        81,
   114.286,        88,
   114.306,        88,
   114.326,        84,
   114.347,        85,
   114.367,        94,
   114.387,        95,
   114.407,        81,
   114.427,        85,
   114.448,        89,
   114.468,        69,
   114.488,        91,
   114.508,        91,
   114.528,        91,
   114.548,        85,
   114.569,        85,
   114.589,        85,
   114.609,        92,
   114.629,        92,
   114.649,        89,
    114.67,       101,
    114.69,        73,
    114.71,       108,
    114.73,        91,
    114.75,        86,
   114.771,       102,
   114.791,        89,
   114.811,        84,
   114.831,        66,
   114.851,        82,
   114.872,       100,
   114.892,       101,
   114.912,       100,
   114.932,        88,
   114.952,        99,
   114.972,        87,
   114.993,        87,
   115.013,        94,
   115.033,        96,
   115.053,        95,
   115.073,        90,
   115.094,        96,
   115.114,        82,
   115.134,       102,
   115.154,        92,
   115.174,        82,
   115.195,        83,
   115.215,        94,
   115.235,        72,
   115.255,       100,
   115.275,        88,
   115.296,       105,
   115.316,        92,
   115.336,        86,
   115.356,        89,
   115.376,        95,
   115.396,        86,
   115.417,        90,
   115.437,        85,
   115.457,        83,
   115.477,        97,
   115.497,        83,
   115.518,        74,
   115.538,        87,
   115.558,        80,
   115.578,        76,
   115.598,        95,
   115.619,        95,
   115.639,        80,
   115.659,        96,
   115.679,        83,
   115.699,        78,
    115.72,        95,
    115.74,        78,
    115.76,        85,
    115.78,        98,
     115.8,        95,
    115.82,        90,
   115.841,        91,
   115.861,        79,
   115.881,        87,
   115.901,        96,
   115.921,        84,
   115.942,        82,
   115.962,        92,
   115.982,       101,
   116.002,        97,
   116.022,       105,
   116.043,        89,
   116.063,        93,
   116.083,       111,
   116.103,        80,
   116.123,        83,
   116.144,        91,
   116.164,        86,
   116.184,        78,
   116.204,       113,
   116.224,        95,
   116.244,        80,
   116.265,       105,
   116.285,        87,
   116.305,        82,
   116.325,        93,
   116.345,        89,
   116.366,        76,
   116.386,        96,
   116.406,       110,
   116.426,       105,
   116.446,       115,
   116.467,        89,
   116.487,        89,
   116.507,        94,
   116.527,        98,
   116.547,        81,
   116.568,        93,
   116.588,       102,
   116.608,        96,
   116.628,        95,
   116.648,        99,
   116.668,        99,
   116.689,        90,
   116.709,        90,
   116.729,        95,
   116.749,        78,
   116.769,       111,
    116.79,        92,
    116.81,        93,
    116.83,        86,
    116.85,       116,
    116.87,       105,
   116.891,        86,
   116.911,        88,
   116.931,        83,
   116.951,       108,
   116.971,        98,
   116.992,        96,
   117.012,        96,
   117.032,        87,
   117.052,        83,
   117.072,        89,
   117.092,        96,
   117.113,        98,
   117.133,        94,
   117.153,        73,
   117.173,       101,
   117.193,       104,
   117.214,        96,
   117.234,        95,
   117.254,        77,
   117.274,        90,
   117.294,        90,
   117.315,       108,
   117.335,        94,
   117.355,        91,
   117.375,        85,
   117.395,        79,
   117.416,        91,
   117.436,       101,
   117.456,       105,
   117.476,       113,
   117.496,        93,
   117.516,        86,
   117.537,       105,
   117.557,        94,
   117.577,       104,
   117.597,        95,
   117.617,        90,
   117.638,       104,
   117.658,        93,
   117.678,        99,
   117.698,        99,
   117.718,        98,
   117.739,       101,
   117.759,       110,
   117.779,        98,
   117.799,       110,
   117.819,       108,
    117.84,       100,
    117.86,        86,
    117.88,        98,
     117.9,        93,
    117.92,       112,
    117.94,       108,
   117.961,       115,
   117.981,       120,
   118.001,       100,
   118.021,       116,
   118.041,       110,
   118.062,       103,
   118.082,       108,
   118.102,       105,
   118.122,       123,
   118.142,       121,
   118.163,       140,
   118.183,       126,
   118.203,       156,
   118.223,       144,
   118.243,       183,
   118.264,       198,
   118.284,       246,
   118.304,       251,
   118.324,       313,
   118.344,       385,
   118.364,       512,
   118.385,       633,
   118.405,       735,
   118.425,       704,
   118.445,       629,
   118.465,       485,
   118.486,       390,
   118.506,       296,
   118.526,       275,
   118.546,       227,
   118.566,       213,
   118.587,       174,
   118.607,       169,
   118.627,       166,
   118.647,       166,
   118.667,       147,
   118.688,       156,
   118.708,       154,
   118.728,       151,
   118.748,       176,
   118.768,       179,
   118.788,       201,
   118.809,       248,
   118.829,       276,
   118.849,       321,
   118.869,       391,
   118.889,       400,
    118.91,       351,
    118.93,       329,
    118.95,       279,
    118.97,       221,
    118.99,       203,
   119.011,       172,
   119.031,       150,
   119.051,       132,
   119.071,       162,
   119.091,       142,
   119.112,       116,
   119.132,       147,
   119.152,       114,
   119.172,       117,
   119.192,        92,
   119.212,       136,
   119.233,       122,
   119.253,       134,
   119.273,       111,
   119.293,       109,
   119.313,       114,
   119.334,       101,
   119.354,        98,
   119.374,       105,
   119.394,       111,
   119.414,       104,
   119.435,       118,
   119.455,       119,
   119.475,        91,
   119.495,       107,
   119.515,       118,
   119.536,        98,
   119.556,       109,
   119.576,        98,
   119.596,        93,
   119.616,       114,
   119.636,       103,
   119.657,        90,
   119.677,       110,
   119.697,       103,
   119.717,       113,
   119.737,       100,
   119.758,        97,
   119.778,       104,
   119.798,        99,
   119.818,       101,
   119.838,       106,
   119.859,        90,
   119.879,       101,
   119.899,        98,
   119.919,       105,
   119.939,       104,
    119.96,       109,
    119.98,       102,
       120,        79,
