;RAW4.00
[RawHeader]
Date=04/22/2026
EstimatedTotalTime=586.691
FurtherDQLReading=0
HardwareIndicator=65519
MeasuredTotalTime=586.691
MeasurementFlag=1
NumberOfMeasuredRanges=1
NumberOfRanges=1
Time=15:53:39

[VarInfo]
Type=USER
Flags=0
Value=Lab Manager

[VarInfo]
Type=SAMPLEID
Flags=0
Value=Commander Sample ID

[VarInfo]
Type=COMMENT
Flags=0
Value=

[VarInfo]
Type=UTF
Flags=0
Value=

[VarInfo]
Type=CREATOR
Flags=0
Value=BrmlToV4Converter

[VarInfo]
Type=CREATOR_VERSION
Flags=0
Value=6.5.0.0

[HardwareConfiguration]
AbsorptionFactor=9999
ActivateAbsorber=0
Alpha1=1.5406
Alpha2=1.54439
AlphaAverage=1.54184
AlphaRatio=0.5
Analyzer=0
Anode=Cu
AntiScatteringSlit=9999
BeamOpticsFlags=0
Beta=1.39222
BetaRelativeIntensity=0
DeactivateAbsorber=0
DetectorSlit=9999
DivergenceSlit=9999
GoniometerControl=0
GoniometerDiameter=282
GoniometerModel=256
GoniometerStage=7
Monochromator=0
NearSampleSlit=9999
PrimarySollerSlit=9999
SampleChanger=0
SecondSollerSlit=9999
SynchronousAxis=0
ThinFilmAttachment=9999
WaveUnit=A

[RangeHeader]
ActuallyUsedLambda=1.54184
AdditionalDetectorMask=257
DataRecordLength=4
DelayTime=0
DisplayPlaneNumber=0
EstimatedScanTime=587
ExtraParametersMask=0
GeneratorCurrent=10
GeneratorVoltage=30
Increment=0.0201906
Increment3=0
NumberOfCompletedData=5449
NumberOfCounts=1
NumberOfDetectors=0
NumberOfDrives=3
NumberOfEncoderDrives=0
NumberOfMeasuredData=5449
NumberOfVaryingParameters=0
RangeStartTime=0
RotationSpeed=0
ScanMode=1
ScanType=Locked Coupled
SimulatedMeasConditions=0
SlitChangerIn=0
SmootingWidth=0
Start=10.0017
Steps=5449
SynchronousRotation=0
Time=16.5

[VarInfo]
Type=PSD_DISCRIM
Flags=0
Value=0.11;0.25

[PSD]
ActualTwoTheta=9999
FirstUsedChannel=0
FixedPSD=0
PSDOpening=4.99716
PSDType=5

[Drive]
DriveFlags=1
DriveName=2Theta
DriveNumber=2
DriveOffset=0
OffsetIndex=0
OscillationAmplitude=0
OscillationSpeed=0
StartPosition=10.0017

[Drive]
DriveFlags=1
DriveName=Theta
DriveNumber=1
DriveOffset=0
OffsetIndex=0
OscillationAmplitude=0
OscillationSpeed=0
StartPosition=5.00087

[Drive]
DriveFlags=1
DriveName=Phi
DriveNumber=3
DriveOffset=0
OffsetIndex=0
OscillationAmplitude=0
OscillationSpeed=0
StartPosition=359.993

[Data]
     Angle,       PSD,
   10.0017,       198,
   10.0219,       226,
   10.0421,       218,
   10.0623,       222,
   10.0825,       190,
   10.1027,       224,
   10.1229,       202,
   10.1431,       193,
   10.1633,       181,
   10.1834,       194,
   10.2036,       228,
   10.2238,       224,
    10.244,       232,
   10.2642,       233,
   10.2844,       202,
   10.3046,       245,
   10.3248,       204,
    10.345,       231,
   10.3652,       247,
   10.3854,       217,
   10.4055,       250,
   10.4257,       244,
   10.4459,       239,
   10.4661,       263,
   10.4863,       282,
   10.5065,       320,
   10.5267,       460,
   10.5469,       743,
   10.5671,       870,
   10.5873,      1052,
   10.6075,      1003,
   10.6276,      1079,
   10.6478,      1479,
    10.668,      2002,
   10.6882,      1346,
   10.7084,       793,
   10.7286,       471,
   10.7488,       398,
    10.769,       431,
   10.7892,       424,
   10.8094,       437,
   10.8295,       526,
   10.8497,       651,
   10.8699,       866,
   10.8901,      1676,
   10.9103,      5854,
   10.9305,     13504,
   10.9507,     16907,
   10.9709,     15291,
   10.9911,      9387,
   11.0113,      4917,
   11.0315,      2272,
   11.0516,      1185,
   11.0718,       653,
    11.092,       443,
   11.1122,       421,
   11.1324,       378,
   11.1526,       402,
   11.1728,       349,
    11.193,       361,
   11.2132,       366,
   11.2334,       381,
   11.2535,       335,
   11.2737,       338,
   11.2939,       342,
   11.3141,       340,
   11.3343,       293,
   11.3545,       299,
   11.3747,       280,
   11.3949,       304,
   11.4151,       308,
   11.4353,       288,
   11.4555,       267,
   11.4756,       265,
   11.4958,       257,
    11.516,       264,
   11.5362,       256,
   11.5564,       256,
   11.5766,       266,
   11.5968,       293,
    11.617,       244,
   11.6372,       240,
   11.6574,       256,
   11.6776,       240,
   11.6977,       247,
   11.7179,       274,
   11.7381,       228,
   11.7583,       270,
   11.7785,       263,
   11.7987,       252,
   11.8189,       227,
   11.8391,       247,
   11.8593,       243,
   11.8795,       256,
   11.8996,       260,
   11.9198,       230,
     11.94,       247,
   11.9602,       225,
   11.9804,       253,
   12.0006,       239,
   12.0208,       240,
    12.041,       221,
   12.0612,       232,
   12.0814,       235,
   12.1016,       239,
   12.1217,       211,
   12.1419,       225,
   12.1621,       233,
   12.1823,       249,
   12.2025,       233,
   12.2227,       235,
   12.2429,       250,
   12.2631,       231,
   12.2833,       224,
   12.3035,       231,
   12.3236,       224,
   12.3438,       229,
    12.364,       232,
   12.3842,       234,
   12.4044,       220,
   12.4246,       214,
   12.4448,       265,
    12.465,       234,
   12.4852,       247,
   12.5054,       231,
   12.5256,       225,
   12.5457,       245,
   12.5659,       252,
   12.5861,       227,
   12.6063,       252,
   12.6265,       204,
   12.6467,       215,
   12.6669,       204,
   12.6871,       190,
   12.7073,       222,
   12.7275,       207,
   12.7477,       219,
   12.7678,       194,
    12.788,       216,
   12.8082,       210,
   12.8284,       250,
   12.8486,       221,
   12.8688,       228,
    12.889,       213,
   12.9092,       222,
   12.9294,       232,
   12.9496,       186,
   12.9697,       200,
   12.9899,       205,
   13.0101,       222,
   13.0303,       205,
   13.0505,       221,
   13.0707,       193,
   13.0909,       216,
   13.1111,       197,
   13.1313,       223,
   13.1515,       223,
   13.1717,       215,
   13.1918,       228,
    13.212,       243,
   13.2322,       224,
   13.2524,       226,
   13.2726,       233,
   13.2928,       221,
    13.313,       213,
   13.3332,       195,
   13.3534,       208,
   13.3736,       210,
   13.3937,       201,
   13.4139,       215,
   13.4341,       200,
   13.4543,       253,
   13.4745,       191,
   13.4947,       242,
   13.5149,       210,
   13.5351,       207,
   13.5553,       188,
   13.5755,       237,
   13.5957,       221,
   13.6158,       228,
    13.636,       205,
   13.6562,       206,
   13.6764,       239,
   13.6966,       230,
   13.7168,       244,
    13.737,       241,
   13.7572,       191,
   13.7774,       213,
   13.7976,       225,
   13.8177,       229,
   13.8379,       225,
   13.8581,       219,
   13.8783,       212,
   13.8985,       215,
   13.9187,       226,
   13.9389,       215,
   13.9591,       217,
   13.9793,       221,
   13.9995,       216,
   14.0197,       231,
   14.0398,       233,
     14.06,       218,
   14.0802,       238,
   14.1004,       235,
   14.1206,       225,
   14.1408,       231,
    14.161,       191,
   14.1812,       229,
   14.2014,       219,
   14.2216,       206,
   14.2418,       223,
   14.2619,       215,
   14.2821,       228,
   14.3023,       189,
   14.3225,       259,
   14.3427,       194,
   14.3629,       192,
   14.3831,       227,
   14.4033,       214,
   14.4235,       243,
   14.4437,       217,
   14.4638,       220,
    14.484,       226,
   14.5042,       233,
   14.5244,       221,
   14.5446,       204,
   14.5648,       218,
    14.585,       184,
   14.6052,       255,
   14.6254,       211,
   14.6456,       202,
   14.6658,       235,
   14.6859,       226,
   14.7061,       203,
   14.7263,       240,
   14.7465,       222,
   14.7667,       213,
   14.7869,       196,
   14.8071,       196,
   14.8273,       226,
   14.8475,       287,
   14.8677,       232,
   14.8878,       256,
    14.908,       219,
   14.9282,       217,
   14.9484,       206,
   14.9686,       213,
   14.9888,       213,
    15.009,       199,
   15.0292,       197,
   15.0494,       192,
   15.0696,       207,
   15.0898,       224,
   15.1099,       226,
   15.1301,       211,
   15.1503,       230,
   15.1705,       209,
   15.1907,       221,
   15.2109,       190,
   15.2311,       190,
   15.2513,       166,
   15.2715,       175,
   15.2917,       215,
   15.3119,       209,
    15.332,       211,
   15.3522,       182,
   15.3724,       211,
   15.3926,       231,
   15.4128,       186,
    15.433,       198,
   15.4532,       212,
   15.4734,       209,
   15.4936,       218,
   15.5138,       185,
   15.5339,       201,
   15.5541,       226,
   15.5743,       214,
   15.5945,       235,
   15.6147,       224,
   15.6349,       248,
   15.6551,       243,
   15.6753,       200,
   15.6955,       237,
   15.7157,       245,
   15.7359,       234,
    15.756,       241,
   15.7762,       202,
   15.7964,       235,
   15.8166,       223,
   15.8368,       211,
    15.857,       225,
   15.8772,       279,
   15.8974,       263,
   15.9176,       358,
   15.9378,       327,
   15.9579,       387,
   15.9781,       419,
   15.9983,       393,
   16.0185,       447,
   16.0387,       714,
   16.0589,       933,
   16.0791,      1152,
   16.0993,      1426,
   16.1195,      1457,
   16.1397,      2163,
   16.1599,      2641,
     16.18,      1766,
   16.2002,      1407,
   16.2204,       866,
   16.2406,       508,
   16.2608,       456,
    16.281,       474,
   16.3012,       539,
   16.3214,       573,
   16.3416,       704,
   16.3618,       967,
    16.382,      1886,
   16.4021,      6261,
   16.4223,     15584,
   16.4425,     20927,
   16.4627,     22307,
   16.4829,     18267,
   16.5031,     11423,
   16.5233,      6134,
   16.5435,      2557,
   16.5637,      1343,
   16.5839,       749,
    16.604,       546,
   16.6242,       483,
   16.6444,       462,
   16.6646,       424,
   16.6848,       443,
    16.705,       434,
   16.7252,       453,
   16.7454,       406,
   16.7656,       407,
   16.7858,       400,
    16.806,       395,
   16.8261,       374,
   16.8463,       320,
   16.8665,       334,
   16.8867,       278,
   16.9069,       268,
   16.9271,       312,
   16.9473,       285,
   16.9675,       266,
   16.9877,       281,
   17.0079,       261,
    17.028,       284,
   17.0482,       254,
   17.0684,       235,
   17.0886,       262,
   17.1088,       258,
    17.129,       240,
   17.1492,       277,
   17.1694,       192,
   17.1896,       269,
   17.2098,       265,
     17.23,       294,
   17.2501,       257,
   17.2703,       232,
   17.2905,       287,
   17.3107,       288,
   17.3309,       250,
   17.3511,       239,
   17.3713,       264,
   17.3915,       236,
   17.4117,       250,
   17.4319,       229,
   17.4521,       225,
   17.4722,       240,
   17.4924,       197,
   17.5126,       218,
   17.5328,       236,
    17.553,       219,
   17.5732,       250,
   17.5934,       234,
   17.6136,       219,
   17.6338,       219,
    17.654,       227,
   17.6741,       245,
   17.6943,       242,
   17.7145,       237,
   17.7347,       237,
   17.7549,       232,
   17.7751,       249,
   17.7953,       223,
   17.8155,       241,
   17.8357,       248,
   17.8559,       251,
   17.8761,       240,
   17.8962,       245,
   17.9164,       239,
   17.9366,       243,
   17.9568,       207,
    17.977,       234,
   17.9972,       221,
   18.0174,       240,
   18.0376,       201,
   18.0578,       200,
    18.078,       223,
   18.0981,       195,
   18.1183,       211,
   18.1385,       218,
   18.1587,       230,
   18.1789,       208,
   18.1991,       200,
   18.2193,       181,
   18.2395,       180,
   18.2597,       174,
   18.2799,       182,
   18.3001,       191,
   18.3202,       190,
   18.3404,       199,
   18.3606,       203,
   18.3808,       220,
    18.401,       176,
   18.4212,       221,
   18.4414,       221,
   18.4616,       186,
   18.4818,       216,
    18.502,       187,
   18.5222,       226,
   18.5423,       197,
   18.5625,       187,
   18.5827,       239,
   18.6029,       207,
   18.6231,       206,
   18.6433,       184,
   18.6635,       205,
   18.6837,       218,
   18.7039,       171,
   18.7241,       165,
   18.7442,       209,
   18.7644,       182,
   18.7846,       200,
   18.8048,       169,
    18.825,       220,
   18.8452,       190,
   18.8654,       193,
   18.8856,       171,
   18.9058,       208,
    18.926,       163,
   18.9462,       180,
   18.9663,       175,
   18.9865,       147,
   19.0067,       194,
   19.0269,       210,
   19.0471,       183,
   19.0673,       163,
   19.0875,       185,
   19.1077,       183,
   19.1279,       172,
   19.1481,       199,
   19.1682,       178,
   19.1884,       182,
   19.2086,       157,
   19.2288,       159,
    19.249,       187,
   19.2692,       155,
   19.2894,       170,
   19.3096,       165,
   19.3298,       170,
     19.35,       197,
   19.3702,       186,
   19.3903,       191,
   19.4105,       154,
   19.4307,       170,
   19.4509,       166,
   19.4711,       175,
   19.4913,       177,
   19.5115,       162,
   19.5317,       171,
   19.5519,       187,
   19.5721,       179,
   19.5923,       186,
   19.6124,       194,
   19.6326,       193,
   19.6528,       182,
    19.673,       186,
   19.6932,       175,
   19.7134,       164,
   19.7336,       157,
   19.7538,       172,
    19.774,       175,
   19.7942,       172,
   19.8143,       142,
   19.8345,       162,
   19.8547,       142,
   19.8749,       151,
   19.8951,       186,
   19.9153,       173,
   19.9355,       160,
   19.9557,       144,
   19.9759,       152,
   19.9961,       185,
   20.0163,       148,
   20.0364,       167,
   20.0566,       168,
   20.0768,       166,
    20.097,       181,
   20.1172,       144,
   20.1374,       173,
   20.1576,       134,
   20.1778,       171,
    20.198,       191,
   20.2182,       172,
   20.2383,       176,
   20.2585,       183,
   20.2787,       181,
   20.2989,       183,
   20.3191,       188,
   20.3393,       176,
   20.3595,       165,
   20.3797,       163,
   20.3999,       154,
   20.4201,       159,
   20.4403,       190,
   20.4604,       145,
   20.4806,       171,
   20.5008,       174,
    20.521,       157,
   20.5412,       190,
   20.5614,       152,
   20.5816,       148,
   20.6018,       175,
    20.622,       173,
   20.6422,       161,
   20.6624,       167,
   20.6825,       152,
   20.7027,       180,
   20.7229,       164,
   20.7431,       173,
   20.7633,       149,
   20.7835,       132,
   20.8037,       175,
   20.8239,       170,
   20.8441,       157,
   20.8643,       166,
   20.8844,       162,
   20.9046,       171,
   20.9248,       147,
    20.945,       166,
   20.9652,       154,
   20.9854,       140,
   21.0056,       146,
   21.0258,       157,
    21.046,       152,
   21.0662,       155,
   21.0864,       172,
   21.1065,       133,
   21.1267,       157,
   21.1469,       179,
   21.1671,       148,
   21.1873,       156,
   21.2075,       135,
   21.2277,       134,
   21.2479,       165,
   21.2681,       167,
   21.2883,       180,
   21.3084,       154,
   21.3286,       185,
   21.3488,       162,
    21.369,       169,
   21.3892,       139,
   21.4094,       192,
   21.4296,       191,
   21.4498,       168,
     21.47,       127,
   21.4902,       135,
   21.5104,       182,
   21.5305,       168,
   21.5507,       164,
   21.5709,       204,
   21.5911,       223,
   21.6113,       248,
   21.6315,       260,
   21.6517,       322,
   21.6719,       385,
   21.6921,       486,
   21.7123,       371,
   21.7325,       277,
   21.7526,       318,
   21.7728,       238,
    21.793,       204,
   21.8132,       184,
   21.8334,       196,
   21.8536,       231,
   21.8738,       284,
    21.894,       310,
   21.9142,       451,
   21.9344,      1115,
   21.9545,      2463,
   21.9747,      3186,
   21.9949,      3238,
   22.0151,      2844,
   22.0353,      2203,
   22.0555,      1593,
   22.0757,       781,
   22.0959,       380,
   22.1161,       290,
   22.1363,       197,
   22.1565,       202,
   22.1766,       159,
   22.1968,       177,
    22.217,       159,
   22.2372,       182,
   22.2574,       191,
   22.2776,       167,
   22.2978,       170,
    22.318,       164,
   22.3382,       201,
   22.3584,       185,
   22.3785,       160,
   22.3987,       149,
   22.4189,       160,
   22.4391,       147,
   22.4593,       142,
   22.4795,       174,
   22.4997,       147,
   22.5199,       154,
   22.5401,       139,
   22.5603,       146,
   22.5805,       126,
   22.6006,       128,
   22.6208,       136,
    22.641,       128,
   22.6612,       116,
   22.6814,       127,
   22.7016,       145,
   22.7218,       120,
    22.742,       142,
   22.7622,       134,
   22.7824,       170,
   22.8025,       148,
   22.8227,       153,
   22.8429,       147,
   22.8631,       131,
   22.8833,       144,
   22.9035,       141,
   22.9237,       119,
   22.9439,       136,
   22.9641,       115,
   22.9843,       129,
   23.0045,       128,
   23.0246,       131,
   23.0448,       142,
    23.065,       140,
   23.0852,       135,
   23.1054,       130,
   23.1256,       143,
   23.1458,       122,
    23.166,       139,
   23.1862,       129,
   23.2064,       108,
   23.2266,       111,
   23.2467,       137,
   23.2669,       141,
   23.2871,       142,
   23.3073,       109,
   23.3275,       129,
   23.3477,       122,
   23.3679,       145,
   23.3881,       126,
   23.4083,       139,
   23.4285,       149,
   23.4486,       129,
   23.4688,       132,
    23.489,       115,
   23.5092,       141,
   23.5294,       137,
   23.5496,       142,
   23.5698,       117,
     23.59,       124,
   23.6102,       125,
   23.6304,       125,
   23.6506,       121,
   23.6707,       113,
   23.6909,       111,
   23.7111,       120,
   23.7313,       117,
   23.7515,       128,
   23.7717,       137,
   23.7919,       138,
   23.8121,       130,
   23.8323,       136,
   23.8525,       130,
   23.8726,       118,
   23.8928,       137,
    23.913,       111,
   23.9332,       124,
   23.9534,       121,
   23.9736,       106,
   23.9938,       139,
    24.014,       114,
   24.0342,       126,
   24.0544,       135,
   24.0746,       116,
   24.0947,       121,
   24.1149,       128,
   24.1351,        91,
   24.1553,       116,
   24.1755,       113,
   24.1957,       115,
   24.2159,       134,
   24.2361,       122,
   24.2563,       121,
   24.2765,       127,
   24.2967,       115,
   24.3168,       117,
    24.337,       119,
   24.3572,       125,
   24.3774,       122,
   24.3976,       137,
   24.4178,       116,
    24.438,       122,
   24.4582,       116,
   24.4784,       117,
   24.4986,       127,
   24.5187,       130,
   24.5389,       130,
   24.5591,       134,
   24.5793,       123,
   24.5995,       119,
   24.6197,       112,
   24.6399,       128,
   24.6601,       114,
   24.6803,       123,
   24.7005,       115,
   24.7207,       111,
   24.7408,       116,
    24.761,       128,
   24.7812,       136,
   24.8014,       115,
   24.8216,       167,
   24.8418,       190,
    24.862,       203,
   24.8822,       200,
   24.9024,       179,
   24.9226,       116,
   24.9427,       127,
   24.9629,       133,
   24.9831,       104,
   25.0033,       131,
   25.0235,       135,
   25.0437,        96,
   25.0639,       129,
   25.0841,       112,
   25.1043,       133,
   25.1245,       110,
   25.1447,       119,
   25.1648,       133,
    25.185,       104,
   25.2052,       106,
   25.2254,       115,
   25.2456,       110,
   25.2658,       102,
    25.286,        98,
   25.3062,       113,
   25.3264,        96,
   25.3466,       118,
   25.3668,       109,
   25.3869,       116,
   25.4071,       109,
   25.4273,       116,
   25.4475,       107,
   25.4677,       128,
   25.4879,       113,
   25.5081,       117,
   25.5283,        92,
   25.5485,       119,
   25.5687,       122,
   25.5888,       118,
    25.609,       101,
   25.6292,       103,
   25.6494,       100,
   25.6696,       104,
   25.6898,        95,
     25.71,        95,
   25.7302,       115,
   25.7504,       130,
   25.7706,       103,
   25.7908,       114,
   25.8109,       124,
   25.8311,       121,
   25.8513,       137,
   25.8715,       120,
   25.8917,       117,
   25.9119,       107,
   25.9321,       124,
   25.9523,        93,
   25.9725,        99,
   25.9927,        84,
   26.0128,       109,
    26.033,       108,
   26.0532,       120,
   26.0734,       128,
   26.0936,       118,
   26.1138,       111,
    26.134,       118,
   26.1542,       101,
   26.1744,       107,
   26.1946,       130,
   26.2148,       108,
   26.2349,       107,
   26.2551,       109,
   26.2753,       102,
   26.2955,       101,
   26.3157,        95,
   26.3359,       115,
   26.3561,        99,
   26.3763,       117,
   26.3965,       118,
   26.4167,       115,
   26.4369,       109,
    26.457,       117,
   26.4772,       116,
   26.4974,       135,
   26.5176,       108,
   26.5378,       118,
    26.558,       124,
   26.5782,       132,
   26.5984,       136,
   26.6186,       192,
   26.6388,       209,
   26.6589,       243,
   26.6791,       245,
   26.6993,       256,
   26.7195,       229,
   26.7397,       251,
   26.7599,       209,
   26.7801,       240,
   26.8003,       235,
   26.8205,       242,
   26.8407,       217,
   26.8609,       247,
    26.881,       235,
   26.9012,       284,
   26.9214,       286,
   26.9416,       251,
   26.9618,       261,
    26.982,       257,
   27.0022,       277,
   27.0224,       269,
   27.0426,       290,
   27.0628,       350,
   27.0829,       349,
   27.1031,       407,
   27.1233,       458,
   27.1435,       502,
   27.1637,       648,
   27.1839,       862,
   27.2041,      1050,
   27.2243,      1058,
   27.2445,      1432,
   27.2647,      2095,
   27.2849,      3161,
    27.305,      2103,
   27.3252,      1301,
   27.3454,      1774,
   27.3656,      1574,
   27.3858,       935,
    27.406,       870,
   27.4262,      1074,
   27.4464,      1349,
   27.4666,      1689,
   27.4868,      2611,
    27.507,      6344,
   27.5271,     18479,
   27.5473,     34360,
   27.5675,     37889,
   27.5877,     34365,
   27.6079,     29175,
   27.6281,     24545,
   27.6483,     19645,
   27.6685,     11975,
   27.6887,      5351,
   27.7089,      2700,
    27.729,      1476,
   27.7492,      1012,
   27.7694,       793,
   27.7896,       685,
   27.8098,       681,
     27.83,       617,
   27.8502,       606,
   27.8704,       586,
   27.8906,       557,
   27.9108,       553,
    27.931,       480,
   27.9511,       420,
   27.9713,       409,
   27.9915,       361,
   28.0117,       328,
   28.0319,       285,
   28.0521,       270,
   28.0723,       247,
   28.0925,       279,
   28.1127,       285,
   28.1329,       238,
    28.153,       291,
   28.1732,       231,
   28.1934,       245,
   28.2136,       225,
   28.2338,       250,
    28.254,       229,
   28.2742,       220,
   28.2944,       237,
   28.3146,       208,
   28.3348,       229,
    28.355,       192,
   28.3751,       219,
   28.3953,       205,
   28.4155,       200,
   28.4357,       194,
   28.4559,       234,
   28.4761,       215,
   28.4963,       211,
   28.5165,       195,
   28.5367,       213,
   28.5569,       178,
   28.5771,       181,
   28.5972,       192,
   28.6174,       206,
   28.6376,       198,
   28.6578,       162,
    28.678,       187,
   28.6982,       194,
   28.7184,       214,
   28.7386,       227,
   28.7588,       179,
    28.779,       194,
   28.7991,       180,
   28.8193,       192,
   28.8395,       178,
   28.8597,       228,
   28.8799,       209,
   28.9001,       163,
   28.9203,       177,
   28.9405,       202,
   28.9607,       189,
   28.9809,       191,
   29.0011,       211,
   29.0212,       166,
   29.0414,       195,
   29.0616,       200,
   29.0818,       191,
    29.102,       185,
   29.1222,       181,
   29.1424,       205,
   29.1626,       186,
   29.1828,       171,
    29.203,       160,
   29.2231,       162,
   29.2433,       182,
   29.2635,       173,
   29.2837,       163,
   29.3039,       175,
   29.3241,       191,
   29.3443,       149,
   29.3645,       162,
   29.3847,       179,
   29.4049,       165,
   29.4251,       198,
   29.4452,       194,
   29.4654,       203,
   29.4856,       201,
   29.5058,       175,
    29.526,       184,
   29.5462,       151,
   29.5664,       149,
   29.5866,       175,
   29.6068,       171,
    29.627,       177,
   29.6472,       203,
   29.6673,       179,
   29.6875,       159,
   29.7077,       143,
   29.7279,       154,
   29.7481,       165,
   29.7683,       172,
   29.7885,       177,
   29.8087,       171,
   29.8289,       166,
   29.8491,       185,
   29.8692,       201,
   29.8894,       214,
   29.9096,       315,
   29.9298,       384,
     29.95,       395,
   29.9702,       340,
   29.9904,       294,
   30.0106,       203,
   30.0308,       177,
    30.051,       195,
   30.0712,       179,
   30.0913,       150,
   30.1115,       157,
   30.1317,       172,
   30.1519,       187,
   30.1721,       187,
   30.1923,       164,
   30.2125,       167,
   30.2327,       178,
   30.2529,       221,
   30.2731,       251,
   30.2932,       206,
   30.3134,       225,
   30.3336,       229,
   30.3538,       193,
    30.374,       170,
   30.3942,       197,
   30.4144,       164,
   30.4346,       186,
   30.4548,       155,
    30.475,       159,
   30.4952,       150,
   30.5153,       136,
   30.5355,       146,
   30.5557,       164,
   30.5759,       163,
   30.5961,       158,
   30.6163,       155,
   30.6365,       154,
   30.6567,       143,
   30.6769,       156,
   30.6971,       154,
   30.7172,       150,
   30.7374,       146,
   30.7576,       131,
   30.7778,       157,
    30.798,       158,
   30.8182,       125,
   30.8384,       153,
   30.8586,       157,
   30.8788,       142,
    30.899,       152,
   30.9192,       132,
   30.9393,       148,
   30.9595,       132,
   30.9797,       124,
   30.9999,       131,
   31.0201,       124,
   31.0403,       139,
   31.0605,       155,
   31.0807,       129,
   31.1009,       151,
   31.1211,       164,
   31.1413,       162,
   31.1614,       141,
   31.1816,       148,
   31.2018,       127,
    31.222,       142,
   31.2422,       128,
   31.2624,       149,
   31.2826,       143,
   31.3028,       122,
    31.323,       140,
   31.3432,       157,
   31.3633,       135,
   31.3835,       134,
   31.4037,       135,
   31.4239,       137,
   31.4441,       133,
   31.4643,       148,
   31.4845,       145,
   31.5047,       181,
   31.5249,       132,
   31.5451,       143,
   31.5653,       130,
   31.5854,       134,
   31.6056,       142,
   31.6258,       161,
    31.646,       128,
   31.6662,       148,
   31.6864,       131,
   31.7066,       136,
   31.7268,       154,
    31.747,       156,
   31.7672,       135,
   31.7873,       145,
   31.8075,       119,
   31.8277,       163,
   31.8479,       157,
   31.8681,       164,
   31.8883,       142,
   31.9085,       157,
   31.9287,       188,
   31.9489,       181,
   31.9691,       177,
   31.9893,       180,
   32.0094,       191,
   32.0296,       204,
   32.0498,       268,
     32.07,       335,
   32.0902,       377,
   32.1104,       373,
   32.1306,       407,
   32.1508,       404,
    32.171,       410,
   32.1912,       397,
   32.2114,       393,
   32.2315,       397,
   32.2517,       403,
   32.2719,       389,
   32.2921,       447,
   32.3123,       412,
   32.3325,       441,
   32.3527,       416,
   32.3729,       440,
   32.3931,       376,
   32.4133,       435,
   32.4334,       433,
   32.4536,       433,
   32.4738,       462,
    32.494,       454,
   32.5142,       448,
   32.5344,       484,
   32.5546,       489,
   32.5748,       478,
    32.595,       515,
   32.6152,       532,
   32.6354,       513,
   32.6555,       532,
   32.6757,       599,
   32.6959,       626,
   32.7161,       721,
   32.7363,       761,
   32.7565,       818,
   32.7767,       932,
   32.7969,       992,
   32.8171,      1236,
   32.8373,      1734,
   32.8574,      1989,
   32.8776,      2103,
   32.8978,      2665,
    32.918,      4144,
   32.9382,      6546,
   32.9584,      5375,
   32.9786,      2878,
   32.9988,      2793,
    33.019,      3781,
   33.0392,      4331,
   33.0594,      3476,
   33.0795,      3211,
   33.0997,      3524,
   33.1199,      4379,
   33.1401,      7069,
   33.1603,     15555,
   33.1805,     43212,
   33.2007,     82895,
   33.2209,     99539,
   33.2411,     80627,
   33.2613,     57393,
   33.2815,     53151,
   33.3016,     54461,
   33.3218,     45950,
    33.342,     26853,
   33.3622,     12026,
   33.3824,      6062,
   33.4026,      3669,
   33.4228,      2472,
    33.443,      1875,
   33.4632,      1668,
   33.4834,      1500,
   33.5035,      1427,
   33.5237,      1384,
   33.5439,      1398,
   33.5641,      1332,
   33.5843,      1149,
   33.6045,      1004,
   33.6247,       908,
   33.6449,       835,
   33.6651,       742,
   33.6853,       660,
   33.7055,       589,
   33.7256,       605,
   33.7458,       528,
    33.766,       535,
   33.7862,       511,
   33.8064,       482,
   33.8266,       503,
   33.8468,       481,
    33.867,       435,
   33.8872,       439,
   33.9074,       444,
   33.9275,       405,
   33.9477,       433,
   33.9679,       404,
   33.9881,       401,
   34.0083,       407,
   34.0285,       394,
   34.0487,       416,
   34.0689,       396,
   34.0891,       393,
   34.1093,       425,
   34.1295,       423,
   34.1496,       412,
   34.1698,       471,
     34.19,       454,
   34.2102,       446,
   34.2304,       498,
   34.2506,       481,
   34.2708,       496,
    34.291,       634,
   34.3112,       837,
   34.3314,       997,
   34.3516,       885,
   34.3717,       650,
   34.3919,       640,
   34.4121,       709,
   34.4323,       610,
   34.4525,       503,
   34.4727,       407,
   34.4929,       387,
   34.5131,       353,
   34.5333,       352,
   34.5535,       351,
   34.5736,       296,
   34.5938,       300,
    34.614,       340,
   34.6342,       324,
   34.6544,       314,
   34.6746,       298,
   34.6948,       337,
    34.715,       348,
   34.7352,       323,
   34.7554,       341,
   34.7756,       356,
   34.7957,       337,
   34.8159,       324,
   34.8361,       321,
   34.8563,       290,
   34.8765,       281,
   34.8967,       287,
   34.9169,       321,
   34.9371,       307,
   34.9573,       295,
   34.9775,       290,
   34.9976,       282,
   35.0178,       354,
    35.038,       405,
   35.0582,       480,
   35.0784,       451,
   35.0986,       457,
   35.1188,       390,
    35.139,       378,
   35.1592,       318,
   35.1794,       329,
   35.1996,       338,
   35.2197,       312,
   35.2399,       310,
   35.2601,       298,
   35.2803,       312,
   35.3005,       350,
   35.3207,       297,
   35.3409,       286,
   35.3611,       273,
   35.3813,       272,
   35.4015,       297,
   35.4217,       260,
   35.4418,       250,
    35.462,       268,
   35.4822,       252,
   35.5024,       264,
   35.5226,       249,
   35.5428,       274,
    35.563,       258,
   35.5832,       264,
   35.6034,       262,
   35.6236,       226,
   35.6437,       243,
   35.6639,       247,
   35.6841,       270,
   35.7043,       248,
   35.7245,       253,
   35.7447,       280,
   35.7649,       261,
   35.7851,       248,
   35.8053,       254,
   35.8255,       249,
   35.8457,       259,
   35.8658,       225,
    35.886,       234,
   35.9062,       246,
   35.9264,       250,
   35.9466,       230,
   35.9668,       241,
    35.987,       235,
   36.0072,       237,
   36.0274,       244,
   36.0476,       248,
   36.0677,       247,
   36.0879,       258,
   36.1081,       220,
   36.1283,       220,
   36.1485,       233,
   36.1687,       237,
   36.1889,       241,
   36.2091,       231,
   36.2293,       221,
   36.2495,       205,
   36.2697,       241,
   36.2898,       214,
     36.31,       225,
   36.3302,       246,
   36.3504,       223,
   36.3706,       252,
   36.3908,       248,
    36.411,       217,
   36.4312,       218,
   36.4514,       239,
   36.4716,       246,
   36.4918,       240,
   36.5119,       205,
   36.5321,       232,
   36.5523,       197,
   36.5725,       209,
   36.5927,       211,
   36.6129,       244,
   36.6331,       176,
   36.6533,       220,
   36.6735,       203,
   36.6937,       231,
   36.7138,       209,
    36.734,       218,
   36.7542,       222,
   36.7744,       187,
   36.7946,       182,
   36.8148,       206,
    36.835,       211,
   36.8552,       191,
   36.8754,       230,
   36.8956,       203,
   36.9158,       214,
   36.9359,       195,
   36.9561,       225,
   36.9763,       196,
   36.9965,       212,
   37.0167,       223,
   37.0369,       204,
   37.0571,       212,
   37.0773,       196,
   37.0975,       201,
   37.1177,       216,
   37.1378,       189,
    37.158,       215,
   37.1782,       189,
   37.1984,       211,
   37.2186,       195,
   37.2388,       205,
    37.259,       183,
   37.2792,       212,
   37.2994,       180,
   37.3196,       232,
   37.3398,       239,
   37.3599,       214,
   37.3801,       235,
   37.4003,       204,
   37.4205,       221,
   37.4407,       203,
   37.4609,       219,
   37.4811,       208,
   37.5013,       200,
   37.5215,       226,
   37.5417,       249,
   37.5619,       289,
    37.582,       312,
   37.6022,       326,
   37.6224,       368,
   37.6426,       398,
   37.6628,       396,
    37.683,       396,
   37.7032,       361,
   37.7234,       420,
   37.7436,       353,
   37.7638,       400,
   37.7839,       372,
   37.8041,       407,
   37.8243,       373,
   37.8445,       431,
   37.8647,       400,
   37.8849,       438,
   37.9051,       429,
   37.9253,       388,
   37.9455,       429,
   37.9657,       454,
   37.9859,       386,
    38.006,       444,
   38.0262,       452,
   38.0464,       402,
   38.0666,       405,
   38.0868,       428,
    38.107,       419,
   38.1272,       466,
   38.1474,       424,
   38.1676,       483,
   38.1878,       445,
   38.2079,       449,
   38.2281,       500,
   38.2483,       440,
   38.2685,       528,
   38.2887,       474,
   38.3089,       519,
   38.3291,       458,
   38.3493,       501,
   38.3695,       525,
   38.3897,       531,
   38.4099,       574,
     38.43,       615,
   38.4502,       737,
   38.4704,       748,
   38.4906,       851,
   38.5108,       835,
    38.531,       964,
   38.5512,      1021,
   38.5714,      1267,
   38.5916,      1532,
   38.6118,      1780,
   38.6319,      2071,
   38.6521,      2646,
   38.6723,      4016,
   38.6925,      5205,
   38.7127,      3634,
   38.7329,      2429,
   38.7531,      2680,
   38.7733,      3408,
   38.7935,      4066,
   38.8137,      3753,
   38.8339,      3206,
    38.854,      3914,
   38.8742,      6022,
   38.8944,     11926,
   38.9146,     29540,
   38.9348,     62874,
    38.955,     82608,
   38.9752,     74788,
   38.9954,     47982,
   39.0156,     33014,
   39.0358,     38909,
    39.056,     44774,
   39.0761,     38798,
   39.0963,     23811,
   39.1165,     11474,
   39.1367,      5675,
   39.1569,      3451,
   39.1771,      2295,
   39.1973,      1908,
   39.2175,      1665,
   39.2377,      1445,
   39.2579,      1339,
    39.278,      1318,
   39.2982,      1229,
   39.3184,      1091,
   39.3386,       991,
   39.3588,       933,
    39.379,       793,
   39.3992,       785,
   39.4194,       714,
   39.4396,       645,
   39.4598,       580,
     39.48,       557,
   39.5001,       497,
   39.5203,       499,
   39.5405,       521,
   39.5607,       491,
   39.5809,       482,
   39.6011,       483,
   39.6213,       444,
   39.6415,       417,
   39.6617,       454,
   39.6819,       451,
    39.702,       396,
   39.7222,       407,
   39.7424,       422,
   39.7626,       386,
   39.7828,       381,
    39.803,       377,
   39.8232,       371,
   39.8434,       358,
   39.8636,       320,
   39.8838,       376,
    39.904,       332,
   39.9241,       386,
   39.9443,       401,
   39.9645,       376,
   39.9847,       346,
   40.0049,       342,
   40.0251,       323,
   40.0453,       360,
   40.0655,       346,
   40.0857,       324,
   40.1059,       335,
   40.1261,       327,
   40.1462,       326,
   40.1664,       308,
   40.1866,       317,
   40.2068,       308,
    40.227,       368,
   40.2472,       351,
   40.2674,       382,
   40.2876,       423,
   40.3078,       395,
    40.328,       355,
   40.3481,       348,
   40.3683,       321,
   40.3885,       288,
   40.4087,       293,
   40.4289,       306,
   40.4491,       296,
   40.4693,       315,
   40.4895,       313,
   40.5097,       300,
   40.5299,       283,
   40.5501,       270,
   40.5702,       275,
   40.5904,       276,
   40.6106,       294,
   40.6308,       284,
    40.651,       272,
   40.6712,       266,
   40.6914,       244,
   40.7116,       263,
   40.7318,       253,
    40.752,       264,
   40.7721,       262,
   40.7923,       271,
   40.8125,       280,
   40.8327,       266,
   40.8529,       245,
   40.8731,       281,
   40.8933,       261,
   40.9135,       286,
   40.9337,       254,
   40.9539,       281,
   40.9741,       266,
   40.9942,       259,
   41.0144,       240,
   41.0346,       257,
   41.0548,       233,
    41.075,       254,
   41.0952,       260,
   41.1154,       249,
   41.1356,       256,
   41.1558,       248,
    41.176,       259,
   41.1962,       264,
   41.2163,       242,
   41.2365,       280,
   41.2567,       276,
   41.2769,       289,
   41.2971,       256,
   41.3173,       259,
   41.3375,       275,
   41.3577,       296,
   41.3779,       258,
   41.3981,       252,
   41.4182,       267,
   41.4384,       266,
   41.4586,       287,
   41.4788,       280,
    41.499,       272,
   41.5192,       277,
   41.5394,       244,
   41.5596,       255,
   41.5798,       263,
      41.6,       275,
   41.6202,       273,
   41.6403,       242,
   41.6605,       290,
   41.6807,       270,
   41.7009,       254,
   41.7211,       243,
   41.7413,       280,
   41.7615,       270,
   41.7817,       247,
   41.8019,       253,
   41.8221,       253,
   41.8422,       251,
   41.8624,       244,
   41.8826,       249,
   41.9028,       236,
    41.923,       227,
   41.9432,       236,
   41.9634,       232,
   41.9836,       241,
   42.0038,       254,
    42.024,       264,
   42.0442,       232,
   42.0643,       237,
   42.0845,       219,
   42.1047,       221,
   42.1249,       219,
   42.1451,       245,
   42.1653,       228,
   42.1855,       207,
   42.2057,       223,
   42.2259,       226,
   42.2461,       240,
   42.2663,       220,
   42.2864,       247,
   42.3066,       230,
   42.3268,       252,
    42.347,       253,
   42.3672,       218,
   42.3874,       242,
   42.4076,       245,
   42.4278,       229,
    42.448,       234,
   42.4682,       224,
   42.4883,       225,
   42.5085,       199,
   42.5287,       200,
   42.5489,       221,
   42.5691,       221,
   42.5893,       212,
   42.6095,       225,
   42.6297,       209,
   42.6499,       179,
   42.6701,       252,
   42.6903,       200,
   42.7104,       233,
   42.7306,       228,
   42.7508,       220,
    42.771,       225,
   42.7912,       222,
   42.8114,       248,
   42.8316,       230,
   42.8518,       213,
    42.872,       220,
   42.8922,       240,
   42.9123,       243,
   42.9325,       222,
   42.9527,       240,
   42.9729,       198,
   42.9931,       207,
   43.0133,       217,
   43.0335,       215,
   43.0537,       220,
   43.0739,       195,
   43.0941,       216,
   43.1143,       215,
   43.1344,       234,
   43.1546,       201,
   43.1748,       201,
    43.195,       239,
   43.2152,       235,
   43.2354,       239,
   43.2556,       290,
   43.2758,       278,
    43.296,       273,
   43.3162,       269,
   43.3364,       282,
   43.3565,       296,
   43.3767,       264,
   43.3969,       291,
   43.4171,       274,
   43.4373,       267,
   43.4575,       287,
   43.4777,       293,
   43.4979,       263,
   43.5181,       261,
   43.5383,       270,
   43.5584,       264,
   43.5786,       268,
   43.5988,       282,
    43.619,       284,
   43.6392,       290,
   43.6594,       280,
   43.6796,       264,
   43.6998,       266,
     43.72,       289,
   43.7402,       304,
   43.7604,       265,
   43.7805,       278,
   43.8007,       263,
   43.8209,       297,
   43.8411,       278,
   43.8613,       280,
   43.8815,       285,
   43.9017,       285,
   43.9219,       273,
   43.9421,       270,
   43.9623,       273,
   43.9824,       305,
   44.0026,       300,
   44.0228,       310,
    44.043,       307,
   44.0632,       335,
   44.0834,       268,
   44.1036,       290,
   44.1238,       343,
    44.144,       288,
   44.1642,       318,
   44.1844,       333,
   44.2045,       313,
   44.2247,       355,
   44.2449,       335,
   44.2651,       375,
   44.2853,       383,
   44.3055,       418,
   44.3257,       441,
   44.3459,       472,
   44.3661,       502,
   44.3863,       514,
   44.4065,       567,
   44.4266,       619,
   44.4468,       770,
    44.467,       856,
   44.4872,      1053,
   44.5074,      1413,
   44.5276,      2038,
   44.5478,      2227,
    44.568,      1773,
   44.5882,      1364,
   44.6084,      1364,
   44.6285,      1561,
   44.6487,      1936,
   44.6689,      2065,
   44.6891,      1958,
   44.7093,      2497,
   44.7295,      4461,
   44.7497,      9420,
   44.7699,     21287,
   44.7901,     33044,
   44.8103,     35136,
   44.8305,     26103,
   44.8506,     14453,
   44.8708,     10422,
    44.891,     14003,
   44.9112,     18510,
   44.9314,     18189,
   44.9516,     12149,
   44.9718,      6050,
    44.992,      2937,
   45.0122,      1733,
   45.0324,      1228,
   45.0525,       946,
   45.0727,       840,
   45.0929,       766,
   45.1131,       708,
   45.1333,       663,
   45.1535,       637,
   45.1737,       588,
   45.1939,       494,
   45.2141,       499,
   45.2343,       455,
   45.2545,       469,
   45.2746,       387,
   45.2948,       409,
    45.315,       375,
   45.3352,       328,
   45.3554,       368,
   45.3756,       355,
   45.3958,       308,
    45.416,       295,
   45.4362,       294,
   45.4564,       298,
   45.4766,       323,
   45.4967,       306,
   45.5169,       281,
   45.5371,       275,
   45.5573,       303,
   45.5775,       292,
   45.5977,       261,
   45.6179,       258,
   45.6381,       278,
   45.6583,       262,
   45.6785,       264,
   45.6986,       256,
   45.7188,       249,
    45.739,       218,
   45.7592,       233,
   45.7794,       259,
   45.7996,       225,
   45.8198,       219,
     45.84,       249,
   45.8602,       247,
   45.8804,       209,
   45.9006,       240,
   45.9207,       250,
   45.9409,       230,
   45.9611,       214,
   45.9813,       228,
   46.0015,       217,
   46.0217,       231,
   46.0419,       213,
   46.0621,       203,
   46.0823,       231,
   46.1025,       210,
   46.1226,       213,
   46.1428,       188,
    46.163,       223,
   46.1832,       209,
   46.2034,       209,
   46.2236,       194,
   46.2438,       215,
    46.264,       206,
   46.2842,       192,
   46.3044,       207,
   46.3246,       185,
   46.3447,       230,
   46.3649,       204,
   46.3851,       193,
   46.4053,       203,
   46.4255,       210,
   46.4457,       220,
   46.4659,       200,
   46.4861,       181,
   46.5063,       179,
   46.5265,       186,
   46.5467,       194,
   46.5668,       199,
    46.587,       225,
   46.6072,       215,
   46.6274,       176,
   46.6476,       177,
   46.6678,       193,
    46.688,       189,
   46.7082,       181,
   46.7284,       190,
   46.7486,       189,
   46.7687,       178,
   46.7889,       180,
   46.8091,       174,
   46.8293,       165,
   46.8495,       194,
   46.8697,       164,
   46.8899,       176,
   46.9101,       163,
   46.9303,       189,
   46.9505,       174,
   46.9707,       171,
   46.9908,       167,
    47.011,       173,
   47.0312,       157,
   47.0514,       161,
   47.0716,       160,
   47.0918,       168,
    47.112,       191,
   47.1322,       180,
   47.1524,       166,
   47.1726,       176,
   47.1927,       166,
   47.2129,       179,
   47.2331,       172,
   47.2533,       176,
   47.2735,       174,
   47.2937,       158,
   47.3139,       156,
   47.3341,       154,
   47.3543,       150,
   47.3745,       155,
   47.3947,       112,
   47.4148,       160,
    47.435,       162,
   47.4552,       157,
   47.4754,       149,
   47.4956,       150,
   47.5158,       177,
    47.536,       154,
   47.5562,       148,
   47.5764,       157,
   47.5966,       185,
   47.6167,       145,
   47.6369,       174,
   47.6571,       154,
   47.6773,       145,
   47.6975,       151,
   47.7177,       151,
   47.7379,       156,
   47.7581,       156,
   47.7783,       151,
   47.7985,       143,
   47.8187,       158,
   47.8388,       147,
    47.859,       158,
   47.8792,       160,
   47.8994,       166,
   47.9196,       155,
   47.9398,       152,
     47.96,       150,
   47.9802,       149,
   48.0004,       162,
   48.0206,       142,
   48.0408,       157,
   48.0609,       155,
   48.0811,       162,
   48.1013,       156,
   48.1215,       140,
   48.1417,       140,
   48.1619,       151,
   48.1821,       162,
   48.2023,       148,
   48.2225,       146,
   48.2427,       170,
   48.2628,       142,
    48.283,       129,
   48.3032,       125,
   48.3234,       146,
   48.3436,       152,
   48.3638,       176,
    48.384,       162,
   48.4042,       150,
   48.4244,       152,
   48.4446,       167,
   48.4648,       159,
   48.4849,       163,
   48.5051,       154,
   48.5253,       152,
   48.5455,       152,
   48.5657,       155,
   48.5859,       151,
   48.6061,       153,
   48.6263,       157,
   48.6465,       166,
   48.6667,       137,
   48.6868,       171,
    48.707,       158,
   48.7272,       145,
   48.7474,       144,
   48.7676,       173,
   48.7878,       154,
    48.808,       157,
   48.8282,       168,
   48.8484,       157,
   48.8686,       165,
   48.8888,       147,
   48.9089,       170,
   48.9291,       156,
   48.9493,       176,
   48.9695,       151,
   48.9897,       146,
   49.0099,       161,
   49.0301,       161,
   49.0503,       161,
   49.0705,       150,
   49.0907,       138,
   49.1109,       157,
    49.131,       165,
   49.1512,       167,
   49.1714,       180,
   49.1916,       162,
   49.2118,       164,
    49.232,       131,
   49.2522,       156,
   49.2724,       143,
   49.2926,       155,
   49.3128,       170,
   49.3329,       167,
   49.3531,       126,
   49.3733,       153,
   49.3935,       161,
   49.4137,       167,
   49.4339,       175,
   49.4541,       150,
   49.4743,       158,
   49.4945,       151,
   49.5147,       149,
   49.5349,       162,
    49.555,       140,
   49.5752,       163,
   49.5954,       172,
   49.6156,       135,
   49.6358,       157,
    49.656,       145,
   49.6762,       148,
   49.6964,       171,
   49.7166,       144,
   49.7368,       138,
   49.7569,       126,
   49.7771,       148,
   49.7973,       173,
   49.8175,       162,
   49.8377,       157,
   49.8579,       143,
   49.8781,       169,
   49.8983,       157,
   49.9185,       175,
   49.9387,       136,
   49.9589,       135,
    49.979,       163,
   49.9992,       174,
   50.0194,       142,
   50.0396,       147,
   50.0598,       153,
     50.08,       134,
   50.1002,       163,
   50.1204,       140,
   50.1406,       176,
   50.1608,       159,
    50.181,       150,
   50.2011,       186,
   50.2213,       186,
   50.2415,       177,
   50.2617,       216,
   50.2819,       237,
   50.3021,       209,
   50.3223,       213,
   50.3425,       218,
   50.3627,       223,
   50.3829,       195,
    50.403,       199,
   50.4232,       230,
   50.4434,       225,
   50.4636,       263,
   50.4838,       294,
    50.504,       357,
   50.5242,       384,
   50.5444,       306,
   50.5646,       288,
   50.5848,       279,
    50.605,       297,
   50.6251,       314,
   50.6453,       368,
   50.6655,       451,
   50.6857,       551,
   50.7059,       842,
   50.7261,      1732,
   50.7463,      3347,
   50.7665,      4635,
   50.7867,      4429,
   50.8069,      2923,
    50.827,      1596,
   50.8472,      1075,
   50.8674,      1370,
   50.8876,      1967,
   50.9078,      2453,
    50.928,      2089,
   50.9482,      1272,
   50.9684,       694,
   50.9886,       447,
   51.0088,       305,
    51.029,       277,
   51.0491,       227,
   51.0693,       225,
   51.0895,       208,
   51.1097,       179,
   51.1299,       197,
   51.1501,       163,
   51.1703,       174,
   51.1905,       177,
   51.2107,       180,
   51.2309,       150,
   51.2511,       157,
   51.2712,       172,
   51.2914,       134,
   51.3116,       147,
   51.3318,       157,
    51.352,       113,
   51.3722,       133,
   51.3924,       133,
   51.4126,       129,
   51.4328,       150,
    51.453,       153,
   51.4731,       145,
   51.4933,       148,
   51.5135,       149,
   51.5337,       128,
   51.5539,       121,
   51.5741,       141,
   51.5943,       116,
   51.6145,       116,
   51.6347,       112,
   51.6549,       153,
   51.6751,       133,
   51.6952,       129,
   51.7154,       146,
   51.7356,       109,
   51.7558,       116,
    51.776,       110,
   51.7962,       120,
   51.8164,       100,
   51.8366,       110,
   51.8568,       122,
    51.877,       132,
   51.8971,       143,
   51.9173,       123,
   51.9375,       117,
   51.9577,       145,
   51.9779,       122,
   51.9981,       122,
   52.0183,       109,
   52.0385,       139,
   52.0587,       126,
   52.0789,       134,
   52.0991,       102,
   52.1192,       128,
   52.1394,       110,
   52.1596,       119,
   52.1798,       125,
      52.2,       106,
   52.2202,       131,
   52.2404,       111,
   52.2606,       102,
   52.2808,       122,
    52.301,       142,
   52.3212,       116,
   52.3413,       102,
   52.3615,       118,
   52.3817,       112,
   52.4019,       112,
   52.4221,       120,
   52.4423,       134,
   52.4625,       112,
   52.4827,       116,
   52.5029,       114,
   52.5231,       132,
   52.5432,       106,
   52.5634,       123,
   52.5836,       107,
   52.6038,       118,
    52.624,       119,
   52.6442,       108,
   52.6644,       125,
   52.6846,       122,
   52.7048,       104,
    52.725,        95,
   52.7452,       108,
   52.7653,       120,
   52.7855,       114,
   52.8057,       119,
   52.8259,       116,
   52.8461,       114,
   52.8663,       123,
   52.8865,       108,
   52.9067,       109,
   52.9269,       113,
   52.9471,       117,
   52.9672,        98,
   52.9874,        99,
   53.0076,        93,
   53.0278,       114,
    53.048,       112,
   53.0682,       117,
   53.0884,       111,
   53.1086,        98,
   53.1288,       101,
    53.149,       106,
   53.1692,       104,
   53.1893,       104,
   53.2095,        98,
   53.2297,       114,
   53.2499,       121,
   53.2701,        88,
   53.2903,       126,
   53.3105,        97,
   53.3307,       107,
   53.3509,       112,
   53.3711,       111,
   53.3913,        95,
   53.4114,       112,
   53.4316,        98,
   53.4518,       109,
    53.472,        95,
   53.4922,       102,
   53.5124,        98,
   53.5326,       126,
   53.5528,        95,
    53.573,       106,
   53.5932,        88,
   53.6133,       114,
   53.6335,       142,
   53.6537,       114,
   53.6739,       129,
   53.6941,        92,
   53.7143,        95,
   53.7345,       110,
   53.7547,       120,
   53.7749,       123,
   53.7951,       118,
   53.8153,       101,
   53.8354,       120,
   53.8556,       113,
   53.8758,        99,
    53.896,       104,
   53.9162,        90,
   53.9364,       102,
   53.9566,        96,
   53.9768,       113,
    53.997,       134,
   54.0172,        96,
   54.0373,       102,
   54.0575,       102,
   54.0777,        99,
   54.0979,        96,
   54.1181,        93,
   54.1383,       105,
   54.1585,       100,
   54.1787,       101,
   54.1989,       119,
   54.2191,       100,
   54.2393,       101,
   54.2594,        91,
   54.2796,        93,
   54.2998,       105,
     54.32,        93,
   54.3402,        96,
   54.3604,       108,
   54.3806,        86,
   54.4008,        94,
    54.421,       117,
   54.4412,       115,
   54.4614,       103,
   54.4815,       105,
   54.5017,        85,
   54.5219,        92,
   54.5421,       108,
   54.5623,        96,
   54.5825,        97,
   54.6027,        95,
   54.6229,       108,
   54.6431,       101,
   54.6633,        99,
   54.6834,       106,
   54.7036,       102,
   54.7238,        94,
    54.744,       107,
   54.7642,        94,
   54.7844,        98,
   54.8046,       103,
   54.8248,       106,
    54.845,       112,
   54.8652,       118,
   54.8854,       121,
   54.9055,       100,
   54.9257,       103,
   54.9459,       119,
   54.9661,        98,
   54.9863,       118,
   55.0065,       115,
   55.0267,       111,
   55.0469,       108,
   55.0671,       106,
   55.0873,       110,
   55.1074,       121,
   55.1276,       102,
   55.1478,        96,
    55.168,       122,
   55.1882,       110,
   55.2084,       113,
   55.2286,       106,
   55.2488,       117,
    55.269,       123,
   55.2892,       103,
   55.3094,       110,
   55.3295,       111,
   55.3497,       116,
   55.3699,        97,
   55.3901,       115,
   55.4103,       119,
   55.4305,       102,
   55.4507,       124,
   55.4709,       118,
   55.4911,       113,
   55.5113,       111,
   55.5314,       114,
   55.5516,       111,
   55.5718,       108,
    55.592,       102,
   55.6122,       113,
   55.6324,       109,
   55.6526,       119,
   55.6728,       110,
    55.693,       105,
   55.7132,       108,
   55.7334,        96,
   55.7535,       116,
   55.7737,       106,
   55.7939,       126,
   55.8141,        90,
   55.8343,       122,
   55.8545,       118,
   55.8747,       122,
   55.8949,       103,
   55.9151,        99,
   55.9353,        91,
   55.9555,       117,
   55.9756,       125,
   55.9958,       112,
    56.016,       125,
   56.0362,       128,
   56.0564,       118,
   56.0766,       109,
   56.0968,       116,
    56.117,       117,
   56.1372,       121,
   56.1574,       155,
   56.1775,       144,
   56.1977,       138,
   56.2179,       137,
   56.2381,       118,
   56.2583,       112,
   56.2785,       143,
   56.2987,       146,
   56.3189,       134,
   56.3391,       132,
   56.3593,       159,
   56.3795,       147,
   56.3996,       194,
   56.4198,       149,
     56.44,       166,
   56.4602,       172,
   56.4804,       169,
   56.5006,       212,
   56.5208,       193,
    56.541,       224,
   56.5612,       261,
   56.5814,       308,
   56.6015,       363,
   56.6217,       457,
   56.6419,       522,
   56.6621,       501,
   56.6823,       399,
   56.7025,       340,
   56.7227,       309,
   56.7429,       372,
   56.7631,       454,
   56.7833,       599,
   56.8035,       818,
   56.8236,      1314,
   56.8438,      2363,
    56.864,      4972,
   56.8842,      7428,
   56.9044,      7733,
   56.9246,      5755,
   56.9448,      3008,
    56.965,      1575,
   56.9852,      1315,
   57.0054,      1908,
   57.0256,      3183,
   57.0457,      4190,
   57.0659,      3860,
   57.0861,      2396,
   57.1063,      1186,
   57.1265,       694,
   57.1467,       438,
   57.1669,       363,
   57.1871,       323,
   57.2073,       253,
   57.2275,       275,
   57.2476,       259,
   57.2678,       217,
    57.288,       185,
   57.3082,       171,
   57.3284,       180,
   57.3486,       171,
   57.3688,       157,
    57.389,       167,
   57.4092,       162,
   57.4294,       162,
   57.4496,       145,
   57.4697,       162,
   57.4899,       111,
   57.5101,       127,
   57.5303,       128,
   57.5505,       124,
   57.5707,       126,
   57.5909,       132,
   57.6111,       130,
   57.6313,       112,
   57.6515,       113,
   57.6716,       116,
   57.6918,       134,
    57.712,       117,
   57.7322,        91,
   57.7524,       120,
   57.7726,       133,
   57.7928,       138,
    57.813,       112,
   57.8332,       127,
   57.8534,       109,
   57.8736,       110,
   57.8937,       122,
   57.9139,       102,
   57.9341,       104,
   57.9543,       115,
   57.9745,       111,
   57.9947,       113,
   58.0149,       118,
   58.0351,       114,
   58.0553,       101,
   58.0755,       113,
   58.0957,        99,
   58.1158,       108,
    58.136,        98,
   58.1562,       110,
   58.1764,       117,
   58.1966,       123,
   58.2168,        99,
    58.237,       100,
   58.2572,       106,
   58.2774,       110,
   58.2976,       102,
   58.3177,        95,
   58.3379,       103,
   58.3581,        88,
   58.3783,       113,
   58.3985,        95,
   58.4187,       119,
   58.4389,        98,
   58.4591,       101,
   58.4793,       110,
   58.4995,       131,
   58.5197,       106,
   58.5398,        98,
     58.56,        93,
   58.5802,       111,
   58.6004,       103,
   58.6206,        93,
   58.6408,        99,
    58.661,        87,
   58.6812,       101,
   58.7014,       113,
   58.7216,       110,
   58.7417,        92,
   58.7619,       101,
   58.7821,        76,
   58.8023,       103,
   58.8225,       111,
   58.8427,       101,
   58.8629,        95,
   58.8831,        96,
   58.9033,       102,
   58.9235,        91,
   58.9437,       100,
   58.9638,        96,
    58.984,        96,
   59.0042,        98,
   59.0244,        90,
   59.0446,       101,
   59.0648,        87,
    59.085,       103,
   59.1052,        91,
   59.1254,        94,
   59.1456,       100,
   59.1658,       103,
   59.1859,        89,
   59.2061,        96,
   59.2263,        98,
   59.2465,        98,
   59.2667,        83,
   59.2869,        77,
   59.3071,        99,
   59.3273,        93,
   59.3475,       102,
   59.3677,        96,
   59.3878,       122,
    59.408,       111,
   59.4282,       112,
   59.4484,       119,
   59.4686,       102,
   59.4888,       126,
    59.509,       133,
   59.5292,       100,
   59.5494,       108,
   59.5696,       102,
   59.5898,        90,
   59.6099,        90,
   59.6301,        99,
   59.6503,        86,
   59.6705,        95,
   59.6907,        81,
   59.7109,        87,
   59.7311,        88,
   59.7513,        76,
   59.7715,        97,
   59.7917,       101,
   59.8118,       103,
    59.832,        97,
   59.8522,        87,
   59.8724,       102,
   59.8926,       105,
   59.9128,        79,
    59.933,       100,
   59.9532,        91,
   59.9734,        90,
   59.9936,       107,
   60.0138,        79,
   60.0339,        97,
   60.0541,       101,
   60.0743,        87,
   60.0945,        91,
   60.1147,        96,
   60.1349,        93,
   60.1551,       100,
   60.1753,       107,
   60.1955,        83,
   60.2157,        95,
   60.2359,       107,
    60.256,        86,
   60.2762,        88,
   60.2964,       100,
   60.3166,        85,
   60.3368,        93,
    60.357,        86,
   60.3772,        89,
   60.3974,       104,
   60.4176,        94,
   60.4378,        88,
   60.4579,        98,
   60.4781,       124,
   60.4983,        93,
   60.5185,       115,
   60.5387,       100,
   60.5589,        92,
   60.5791,       105,
   60.5993,        98,
   60.6195,        78,
   60.6397,        91,
   60.6599,       110,
     60.68,        98,
   60.7002,       111,
   60.7204,        88,
   60.7406,        77,
   60.7608,        82,
    60.781,       100,
   60.8012,        77,
   60.8214,        74,
   60.8416,        94,
   60.8618,       101,
   60.8819,        80,
   60.9021,        73,
   60.9223,        83,
   60.9425,        93,
   60.9627,        92,
   60.9829,        91,
   61.0031,        92,
   61.0233,        94,
   61.0435,        93,
   61.0637,        85,
   61.0839,        90,
    61.104,        94,
   61.1242,        83,
   61.1444,        79,
   61.1646,        75,
   61.1848,        87,
    61.205,        88,
   61.2252,        84,
   61.2454,        77,
   61.2656,        85,
   61.2858,        74,
    61.306,       104,
   61.3261,        80,
   61.3463,        87,
   61.3665,        77,
   61.3867,        81,
   61.4069,        73,
   61.4271,        76,
   61.4473,        90,
   61.4675,        80,
   61.4877,        68,
   61.5079,        85,
    61.528,        85,
   61.5482,        87,
   61.5684,        96,
   61.5886,       101,
   61.6088,        93,
    61.629,        98,
   61.6492,        92,
   61.6694,        98,
   61.6896,        88,
   61.7098,        95,
     61.73,        90,
   61.7501,        85,
   61.7703,        87,
   61.7905,        77,
   61.8107,        77,
   61.8309,        89,
   61.8511,        95,
   61.8713,        80,
   61.8915,        87,
   61.9117,        90,
   61.9319,        84,
    61.952,        76,
   61.9722,        76,
   61.9924,        84,
   62.0126,        77,
   62.0328,        82,
    62.053,        84,
   62.0732,        85,
   62.0934,        76,
   62.1136,        92,
   62.1338,        84,
    62.154,        92,
   62.1741,       100,
   62.1943,        89,
   62.2145,        85,
   62.2347,        85,
   62.2549,        78,
   62.2751,        82,
   62.2953,       102,
   62.3155,        93,
   62.3357,        83,
   62.3559,        83,
   62.3761,        77,
   62.3962,       101,
   62.4164,        82,
   62.4366,        74,
   62.4568,        83,
    62.477,        92,
   62.4972,        97,
   62.5174,        90,
   62.5376,        84,
   62.5578,        95,
    62.578,        79,
   62.5981,        93,
   62.6183,        79,
   62.6385,        82,
   62.6587,        84,
   62.6789,        76,
   62.6991,        74,
   62.7193,        84,
   62.7395,        84,
   62.7597,        83,
   62.7799,        88,
   62.8001,        73,
   62.8202,        75,
   62.8404,       103,
   62.8606,       103,
   62.8808,       100,
    62.901,        93,
   62.9212,        91,
   62.9414,       103,
   62.9616,        85,
   62.9818,        84,
    63.002,        92,
   63.0221,        74,
   63.0423,        75,
   63.0625,        84,
   63.0827,        96,
   63.1029,        87,
   63.1231,        92,
   63.1433,       119,
   63.1635,       153,
   63.1837,       193,
   63.2039,       203,
   63.2241,       174,
   63.2442,       130,
   63.2644,        87,
   63.2846,       116,
   63.3048,        89,
    63.325,       105,
   63.3452,       127,
   63.3654,       112,
   63.3856,       157,
   63.4058,        99,
    63.426,        91,
   63.4462,        97,
   63.4663,        73,
   63.4865,        81,
   63.5067,        92,
   63.5269,        94,
   63.5471,        89,
   63.5673,        85,
   63.5875,        95,
   63.6077,        95,
   63.6279,        83,
   63.6481,        92,
   63.6682,        75,
   63.6884,        73,
   63.7086,        80,
   63.7288,        90,
    63.749,        80,
   63.7692,        72,
   63.7894,        78,
   63.8096,        96,
   63.8298,        78,
     63.85,        69,
   63.8702,        71,
   63.8903,        91,
   63.9105,        86,
   63.9307,        82,
   63.9509,        91,
   63.9711,        77,
   63.9913,        75,
   64.0115,        84,
   64.0317,        83,
   64.0519,        73,
   64.0721,        76,
   64.0922,        71,
   64.1124,        99,
   64.1326,        83,
   64.1528,        76,
    64.173,        74,
   64.1932,        82,
   64.2134,        74,
   64.2336,        85,
   64.2538,        69,
    64.274,        82,
   64.2942,        80,
   64.3143,        72,
   64.3345,        80,
   64.3547,        73,
   64.3749,        71,
   64.3951,        79,
   64.4153,        67,
   64.4355,        70,
   64.4557,        78,
   64.4759,        84,
   64.4961,        66,
   64.5162,        69,
   64.5364,        78,
   64.5566,        76,
   64.5768,        87,
    64.597,        86,
   64.6172,       104,
   64.6374,        78,
   64.6576,        80,
   64.6778,        67,
    64.698,        74,
   64.7182,        78,
   64.7383,        78,
   64.7585,        84,
   64.7787,        88,
   64.7989,        76,
   64.8191,        74,
   64.8393,        66,
   64.8595,        84,
   64.8797,        86,
   64.8999,        73,
   64.9201,        81,
   64.9403,        68,
   64.9604,        72,
   64.9806,        88,
   65.0008,        98,
    65.021,        74,
   65.0412,        80,
   65.0614,        80,
   65.0816,        81,
   65.1018,        86,
    65.122,        70,
   65.1422,        86,
   65.1623,        86,
   65.1825,        80,
   65.2027,        73,
   65.2229,        97,
   65.2431,        67,
   65.2633,        78,
   65.2835,        91,
   65.3037,        74,
   65.3239,        77,
   65.3441,        91,
   65.3643,        73,
   65.3844,        86,
   65.4046,        74,
   65.4248,        86,
    65.445,        61,
   65.4652,        68,
   65.4854,        75,
   65.5056,        78,
   65.5258,        83,
    65.546,        69,
   65.5662,        90,
   65.5863,        80,
   65.6065,        71,
   65.6267,        80,
   65.6469,        75,
   65.6671,        72,
   65.6873,        94,
   65.7075,        77,
   65.7277,        77,
   65.7479,        68,
   65.7681,        74,
   65.7883,        75,
   65.8084,        80,
   65.8286,        73,
   65.8488,        68,
    65.869,        76,
   65.8892,        74,
   65.9094,        66,
   65.9296,        73,
   65.9498,        80,
     65.97,        79,
   65.9902,        80,
   66.0104,        59,
   66.0305,        91,
   66.0507,        88,
   66.0709,        78,
   66.0911,        67,
   66.1113,        73,
   66.1315,        71,
   66.1517,        86,
   66.1719,        90,
   66.1921,        78,
   66.2123,        70,
   66.2324,        80,
   66.2526,        85,
   66.2728,        78,
    66.293,        87,
   66.3132,        75,
   66.3334,        77,
   66.3536,        86,
   66.3738,        88,
    66.394,        86,
   66.4142,        70,
   66.4344,        79,
   66.4545,        82,
   66.4747,        70,
   66.4949,        75,
   66.5151,        76,
   66.5353,        66,
   66.5555,        79,
   66.5757,        73,
   66.5959,        81,
   66.6161,        81,
   66.6363,        77,
   66.6564,        73,
   66.6766,        75,
   66.6968,        83,
    66.717,        69,
   66.7372,        88,
   66.7574,        68,
   66.7776,        78,
   66.7978,        67,
    66.818,        81,
   66.8382,        80,
   66.8584,        79,
   66.8785,        91,
   66.8987,        67,
   66.9189,        79,
   66.9391,        70,
   66.9593,        75,
   66.9795,        84,
   66.9997,        98,
   67.0199,        79,
   67.0401,        63,
   67.0603,        85,
   67.0805,        73,
   67.1006,        76,
   67.1208,        72,
    67.141,        81,
   67.1612,        83,
   67.1814,        92,
   67.2016,        80,
   67.2218,       101,
    67.242,        72,
   67.2622,        65,
   67.2824,       101,
   67.3025,        83,
   67.3227,        74,
   67.3429,        86,
   67.3631,        85,
   67.3833,        95,
   67.4035,        78,
   67.4237,        76,
   67.4439,        79,
   67.4641,        79,
   67.4843,        74,
   67.5045,        97,
   67.5246,        84,
   67.5448,        94,
    67.565,        83,
   67.5852,        75,
   67.6054,        70,
   67.6256,        74,
   67.6458,       100,
    67.666,        90,
   67.6862,        83,
   67.7064,        73,
   67.7265,        84,
   67.7467,        93,
   67.7669,        87,
   67.7871,        88,
   67.8073,        90,
   67.8275,        96,
   67.8477,       102,
   67.8679,        90,
   67.8881,        74,
   67.9083,        91,
   67.9285,        99,
   67.9486,        83,
   67.9688,       103,
    67.989,       104,
   68.0092,        89,
   68.0294,        98,
   68.0496,       128,
   68.0698,       126,
     68.09,       115,
   68.1102,       104,
   68.1304,        99,
   68.1506,        97,
   68.1707,       101,
   68.1909,       109,
   68.2111,        98,
   68.2313,        91,
   68.2515,        98,
   68.2717,        94,
   68.2919,        81,
   68.3121,        94,
   68.3323,        75,
   68.3525,        96,
   68.3726,        80,
   68.3928,        90,
    68.413,        82,
   68.4332,        76,
   68.4534,        88,
   68.4736,        76,
   68.4938,        99,
    68.514,        79,
   68.5342,       100,
   68.5544,        96,
   68.5746,        69,
   68.5947,        75,
   68.6149,       103,
   68.6351,        70,
   68.6553,        83,
   68.6755,        82,
   68.6957,        89,
   68.7159,       102,
   68.7361,       104,
   68.7563,        88,
   68.7765,       101,
   68.7966,        92,
   68.8168,        90,
    68.837,        87,
   68.8572,        87,
   68.8774,       103,
   68.8976,        84,
   68.9178,       110,
    68.938,        91,
   68.9582,       109,
   68.9784,       116,
   68.9986,       108,
   69.0187,        96,
   69.0389,       102,
   69.0591,       128,
   69.0793,        97,
   69.0995,        93,
   69.1197,       126,
   69.1399,       161,
   69.1601,       112,
   69.1803,       122,
   69.2005,       120,
   69.2207,       131,
   69.2408,       127,
    69.261,       133,
   69.2812,       151,
   69.3014,       123,
   69.3216,       152,
   69.3418,       150,
    69.362,       163,
   69.3822,       170,
   69.4024,       171,
   69.4226,       207,
   69.4427,       214,
   69.4629,       254,
   69.4831,       308,
   69.5033,       354,
   69.5235,       290,
   69.5437,       270,
   69.5639,       293,
   69.5841,       249,
   69.6043,       314,
   69.6245,       418,
   69.6447,       619,
   69.6648,      1059,
    69.685,      1986,
   69.7052,      3657,
   69.7254,      4811,
   69.7456,      4412,
   69.7658,      2806,
    69.786,      1425,
   69.8062,       824,
   69.8264,       581,
   69.8466,       560,
   69.8667,       737,
   69.8869,      1200,
   69.9071,      1982,
   69.9273,      2490,
   69.9475,      2138,
   69.9677,      1365,
   69.9879,       804,
   70.0081,       451,
   70.0283,       306,
   70.0485,       252,
   70.0687,       192,
   70.0888,       206,
    70.109,       167,
   70.1292,       201,
   70.1494,       173,
   70.1696,       135,
   70.1898,       164,
     70.21,       153,
   70.2302,       143,
   70.2504,       144,
   70.2706,       133,
   70.2908,       125,
   70.3109,       111,
   70.3311,       123,
   70.3513,       121,
   70.3715,       120,
   70.3917,       110,
   70.4119,        90,
   70.4321,       108,
   70.4523,       108,
   70.4725,       106,
   70.4927,        96,
   70.5128,        97,
    70.533,        93,
   70.5532,       124,
   70.5734,       111,
   70.5936,        95,
   70.6138,       108,
    70.634,        88,
   70.6542,       107,
   70.6744,        97,
   70.6946,       109,
   70.7148,        96,
   70.7349,        94,
   70.7551,       108,
   70.7753,       110,
   70.7955,        89,
   70.8157,        90,
   70.8359,       105,
   70.8561,        90,
   70.8763,        95,
   70.8965,        96,
   70.9167,        92,
   70.9368,        97,
    70.957,       100,
   70.9772,        87,
   70.9974,        91,
   71.0176,        91,
   71.0378,        95,
    71.058,        89,
   71.0782,        88,
   71.0984,        90,
   71.1186,       103,
   71.1388,        86,
   71.1589,        80,
   71.1791,        86,
   71.1993,        91,
   71.2195,        95,
   71.2397,        94,
   71.2599,        97,
   71.2801,        90,
   71.3003,        88,
   71.3205,        83,
   71.3407,        88,
   71.3609,        86,
    71.381,        78,
   71.4012,       100,
   71.4214,        96,
   71.4416,        87,
   71.4618,        83,
    71.482,        89,
   71.5022,        87,
   71.5224,       100,
   71.5426,        81,
   71.5628,        91,
   71.5829,        91,
   71.6031,        68,
   71.6233,        82,
   71.6435,        96,
   71.6637,        73,
   71.6839,        81,
   71.7041,        73,
   71.7243,        90,
   71.7445,        82,
   71.7647,        90,
   71.7849,        91,
    71.805,        85,
   71.8252,        87,
   71.8454,        86,
   71.8656,        91,
   71.8858,        92,
    71.906,       108,
   71.9262,        99,
   71.9464,        86,
   71.9666,       100,
   71.9868,       101,
   72.0069,       102,
   72.0271,        84,
   72.0473,        91,
   72.0675,        99,
   72.0877,        78,
   72.1079,        86,
   72.1281,       102,
   72.1483,        87,
   72.1685,       105,
   72.1887,        85,
   72.2089,        91,
    72.229,        93,
   72.2492,       105,
   72.2694,        89,
   72.2896,        90,
   72.3098,        90,
     72.33,        85,
   72.3502,        88,
   72.3704,        96,
   72.3906,        91,
   72.4108,        84,
   72.4309,        86,
   72.4511,       101,
   72.4713,        92,
   72.4915,        86,
   72.5117,       110,
   72.5319,        80,
   72.5521,        77,
   72.5723,        95,
   72.5925,        97,
   72.6127,        97,
   72.6329,        96,
    72.653,        84,
   72.6732,        92,
   72.6934,        95,
   72.7136,        76,
   72.7338,       101,
    72.754,        98,
   72.7742,        90,
   72.7944,        80,
   72.8146,       110,
   72.8348,        83,
    72.855,        82,
   72.8751,        90,
   72.8953,        78,
   72.9155,        80,
   72.9357,        79,
   72.9559,        84,
   72.9761,        92,
   72.9963,        80,
   73.0165,        88,
   73.0367,        76,
   73.0569,        96,
    73.077,       100,
   73.0972,        87,
   73.1174,       103,
   73.1376,        81,
   73.1578,        89,
    73.178,        89,
   73.1982,        76,
   73.2184,        89,
   73.2386,       109,
   73.2588,       102,
    73.279,        85,
   73.2991,        97,
   73.3193,        96,
   73.3395,        86,
   73.3597,        84,
   73.3799,        92,
   73.4001,       119,
   73.4203,        95,
   73.4405,        96,
   73.4607,        84,
   73.4809,        96,
    73.501,       108,
   73.5212,       118,
   73.5414,       103,
   73.5616,        97,
   73.5818,        92,
    73.602,       105,
   73.6222,       122,
   73.6424,       105,
   73.6626,       117,
   73.6828,        88,
    73.703,       108,
   73.7231,       108,
   73.7433,       120,
   73.7635,        98,
   73.7837,       107,
   73.8039,        96,
   73.8241,       123,
   73.8443,       110,
   73.8645,        93,
   73.8847,       121,
   73.9049,       110,
   73.9251,       117,
   73.9452,       129,
   73.9654,       122,
   73.9856,        90,
   74.0058,        90,
    74.026,       121,
   74.0462,       113,
   74.0664,       102,
   74.0866,       140,
   74.1068,       142,
    74.127,       110,
   74.1471,       120,
   74.1673,       100,
   74.1875,       136,
   74.2077,       129,
   74.2279,       106,
   74.2481,       125,
   74.2683,       127,
   74.2885,       112,
   74.3087,       104,
   74.3289,       112,
   74.3491,       112,
   74.3692,       102,
   74.3894,       125,
   74.4096,       103,
   74.4298,       125,
     74.45,       138,
   74.4702,       153,
   74.4904,       116,
   74.5106,       106,
   74.5308,       128,
    74.551,       117,
   74.5711,       125,
   74.5913,       112,
   74.6115,       121,
   74.6317,       116,
   74.6519,       113,
   74.6721,       111,
   74.6923,       122,
   74.7125,       136,
   74.7327,       136,
   74.7529,       110,
   74.7731,       126,
   74.7932,       117,
   74.8134,       121,
   74.8336,       137,
   74.8538,       138,
    74.874,       138,
   74.8942,       110,
   74.9144,       130,
   74.9346,       150,
   74.9548,       132,
    74.975,       144,
   74.9952,       129,
   75.0153,       136,
   75.0355,       136,
   75.0557,       128,
   75.0759,       117,
   75.0961,       137,
   75.1163,       156,
   75.1365,       125,
   75.1567,       124,
   75.1769,       160,
   75.1971,       130,
   75.2172,       140,
   75.2374,       167,
   75.2576,       126,
   75.2778,       138,
    75.298,       173,
   75.3182,       167,
   75.3384,       145,
   75.3586,       152,
   75.3788,       134,
    75.399,       161,
   75.4192,       149,
   75.4393,       150,
   75.4595,       147,
   75.4797,       133,
   75.4999,       166,
   75.5201,       142,
   75.5403,       150,
   75.5605,       148,
   75.5807,       159,
   75.6009,       158,
   75.6211,       134,
   75.6412,       155,
   75.6614,       173,
   75.6816,       170,
   75.7018,       198,
    75.722,       194,
   75.7422,       185,
   75.7624,       178,
   75.7826,       196,
   75.8028,       170,
    75.823,       201,
   75.8432,       189,
   75.8633,       191,
   75.8835,       200,
   75.9037,       199,
   75.9239,       212,
   75.9441,       210,
   75.9643,       183,
   75.9845,       251,
   76.0047,       273,
   76.0249,       305,
   76.0451,       303,
   76.0653,       296,
   76.0854,       362,
   76.1056,       345,
   76.1258,       421,
    76.146,       421,
   76.1662,       423,
   76.1864,       452,
   76.2066,       482,
   76.2268,       498,
    76.247,       573,
   76.2672,       694,
   76.2873,       862,
   76.3075,      1032,
   76.3277,       974,
   76.3479,       852,
   76.3681,       811,
   76.3883,       934,
   76.4085,      1156,
   76.4287,      1480,
   76.4489,      2231,
   76.4691,      4041,
   76.4893,      8024,
   76.5094,     13675,
   76.5296,     17286,
   76.5498,     14681,
     76.57,      8913,
   76.5902,      4778,
   76.6104,      2779,
   76.6306,      1883,
   76.6508,      1588,
    76.671,      1744,
   76.6912,      2459,
   76.7113,      3964,
   76.7315,      6562,
   76.7517,      8382,
   76.7719,      7769,
   76.7921,      5227,
   76.8123,      2879,
   76.8325,      1693,
   76.8527,      1099,
   76.8729,       823,
   76.8931,       611,
   76.9133,       494,
   76.9334,       476,
   76.9536,       449,
   76.9738,       377,
    76.994,       388,
   77.0142,       375,
   77.0344,       329,
   77.0546,       318,
   77.0748,       335,
    77.095,       289,
   77.1152,       276,
   77.1354,       278,
   77.1555,       262,
   77.1757,       211,
   77.1959,       223,
   77.2161,       216,
   77.2363,       224,
   77.2565,       231,
   77.2767,       184,
   77.2969,       200,
   77.3171,       176,
   77.3373,       180,
   77.3574,       184,
   77.3776,       168,
   77.3978,       179,
    77.418,       173,
   77.4382,       175,
   77.4584,       169,
   77.4786,       159,
   77.4988,       158,
    77.519,       154,
   77.5392,       171,
   77.5594,       161,
   77.5795,       176,
   77.5997,       148,
   77.6199,       158,
   77.6401,       140,
   77.6603,       152,
   77.6805,       148,
   77.7007,       149,
   77.7209,       170,
   77.7411,       132,
   77.7613,       134,
   77.7814,       163,
   77.8016,       161,
   77.8218,       145,
    77.842,       152,
   77.8622,       147,
   77.8824,       137,
   77.9026,       146,
   77.9228,       131,
    77.943,       136,
   77.9632,       113,
   77.9834,       144,
   78.0035,       129,
   78.0237,       135,
   78.0439,       146,
   78.0641,       126,
   78.0843,       150,
   78.1045,       134,
   78.1247,       113,
   78.1449,       124,
   78.1651,       129,
   78.1853,       123,
   78.2055,       138,
   78.2256,       135,
   78.2458,       129,
    78.266,       124,
   78.2862,       124,
   78.3064,       129,
   78.3266,       122,
   78.3468,       121,
    78.367,       127,
   78.3872,       126,
   78.4074,       120,
   78.4275,       108,
   78.4477,       111,
   78.4679,       125,
   78.4881,       125,
   78.5083,       112,
   78.5285,       119,
   78.5487,       128,
   78.5689,       127,
   78.5891,       112,
   78.6093,       114,
   78.6295,       102,
   78.6496,       125,
   78.6698,       124,
     78.69,       124,
   78.7102,       109,
   78.7304,       105,
   78.7506,       117,
   78.7708,       116,
    78.791,       122,
   78.8112,       115,
   78.8314,       114,
   78.8515,       109,
   78.8717,       103,
   78.8919,       100,
   78.9121,       113,
   78.9323,       100,
   78.9525,       103,
   78.9727,       114,
   78.9929,       108,
   79.0131,       109,
   79.0333,       101,
   79.0535,       109,
   79.0736,       111,
   79.0938,        89,
    79.114,       114,
   79.1342,       124,
   79.1544,       119,
   79.1746,       109,
   79.1948,       106,
    79.215,       126,
   79.2352,       108,
   79.2554,        99,
   79.2756,       120,
   79.2957,        97,
   79.3159,       103,
   79.3361,       109,
   79.3563,       105,
   79.3765,       101,
   79.3967,        93,
   79.4169,       107,
   79.4371,       106,
   79.4573,       103,
   79.4775,       104,
   79.4976,        89,
   79.5178,        88,
    79.538,        94,
   79.5582,        87,
   79.5784,        97,
   79.5986,        98,
   79.6188,       106,
    79.639,       105,
   79.6592,        97,
   79.6794,       114,
   79.6996,        98,
   79.7197,       106,
   79.7399,        83,
   79.7601,       116,
   79.7803,       100,
   79.8005,       103,
   79.8207,        92,
   79.8409,        99,
   79.8611,       108,
   79.8813,        92,
   79.9015,       110,
   79.9216,       128,
   79.9418,       105,
    79.962,       102,
   79.9822,       107,
   80.0024,        80,
   80.0226,        93,
   80.0428,        86,
    80.063,       113,
   80.0832,       112,
   80.1034,       114,
   80.1236,        91,
   80.1437,       101,
   80.1639,       106,
   80.1841,       101,
   80.2043,       102,
   80.2245,       100,
   80.2447,        94,
   80.2649,       105,
   80.2851,       117,
   80.3053,       106,
   80.3255,       112,
   80.3456,       132,
   80.3658,       119,
    80.386,        96,
   80.4062,       112,
   80.4264,       124,
   80.4466,        98,
   80.4668,       100,
    80.487,       117,
   80.5072,       111,
   80.5274,        91,
   80.5476,       102,
   80.5677,       115,
   80.5879,       108,
   80.6081,        99,
   80.6283,       102,
   80.6485,       110,
   80.6687,       106,
   80.6889,       112,
   80.7091,        84,
   80.7293,       103,
   80.7495,       104,
   80.7697,        93,
   80.7898,       104,
     80.81,        97,
   80.8302,       100,
   80.8504,       100,
   80.8706,       111,
   80.8908,        80,
    80.911,        93,
   80.9312,       122,
   80.9514,       111,
   80.9716,        99,
   80.9917,       100,
   81.0119,       112,
   81.0321,       100,
   81.0523,        77,
   81.0725,       115,
   81.0927,        96,
   81.1129,        97,
   81.1331,       104,
   81.1533,       104,
   81.1735,        92,
   81.1937,        95,
   81.2138,       119,
    81.234,       105,
   81.2542,       111,
   81.2744,       104,
   81.2946,       104,
   81.3148,        96,
    81.335,       104,
   81.3552,        95,
   81.3754,       115,
   81.3956,       111,
   81.4157,        92,
   81.4359,       108,
   81.4561,       114,
   81.4763,       106,
   81.4965,        86,
   81.5167,        90,
   81.5369,        96,
   81.5571,       103,
   81.5773,       111,
   81.5975,       118,
   81.6177,        93,
   81.6378,       102,
    81.658,       111,
   81.6782,       107,
   81.6984,       102,
   81.7186,       100,
   81.7388,       113,
    81.759,       103,
   81.7792,       121,
   81.7994,        98,
   81.8196,       103,
   81.8398,       108,
   81.8599,       116,
   81.8801,       101,
   81.9003,       104,
   81.9205,       107,
   81.9407,       109,
   81.9609,        97,
   81.9811,       107,
   82.0013,       114,
   82.0215,       101,
   82.0417,       110,
   82.0618,       123,
    82.082,       114,
   82.1022,        94,
   82.1224,       108,
   82.1426,        94,
   82.1628,       116,
    82.183,        94,
   82.2032,       107,
   82.2234,       101,
   82.2436,        99,
   82.2638,       109,
   82.2839,        98,
   82.3041,       104,
   82.3243,       125,
   82.3445,       105,
   82.3647,       109,
   82.3849,        98,
   82.4051,       105,
   82.4253,       109,
   82.4455,       114,
   82.4657,       118,
   82.4858,       131,
    82.506,       116,
   82.5262,       110,
   82.5464,       106,
   82.5666,       139,
   82.5868,       113,
    82.607,       131,
   82.6272,       117,
   82.6474,       132,
   82.6676,       115,
   82.6878,       120,
   82.7079,       125,
   82.7281,       104,
   82.7483,       132,
   82.7685,       119,
   82.7887,       108,
   82.8089,       120,
   82.8291,       119,
   82.8493,       123,
   82.8695,       155,
   82.8897,       116,
   82.9099,       113,
     82.93,        98,
   82.9502,       120,
   82.9704,       139,
   82.9906,       127,
   83.0108,       131,
    83.031,       135,
   83.0512,       118,
   83.0714,       130,
   83.0916,       166,
   83.1118,       149,
   83.1319,       154,
   83.1521,       162,
   83.1723,       178,
   83.1925,       186,
   83.2127,       200,
   83.2329,       217,
   83.2531,       188,
   83.2733,       200,
   83.2935,       189,
   83.3137,       198,
   83.3339,       213,
    83.354,       198,
   83.3742,       247,
   83.3944,       254,
   83.4146,       306,
   83.4348,       347,
    83.455,       397,
   83.4752,       410,
   83.4954,       406,
   83.5156,       361,
   83.5358,       471,
   83.5559,       538,
   83.5761,       759,
   83.5963,      1219,
   83.6165,      2280,
   83.6367,      3984,
   83.6569,      5458,
   83.6771,      5239,
   83.6973,      3586,
   83.7175,      2175,
   83.7377,      1340,
   83.7579,       817,
    83.778,       628,
   83.7982,       522,
   83.8184,       529,
   83.8386,       642,
   83.8588,       934,
    83.879,      1531,
   83.8992,      2321,
   83.9194,      2804,
   83.9396,      2347,
   83.9598,      1622,
     83.98,      1033,
   84.0001,       645,
   84.0203,       434,
   84.0405,       339,
   84.0607,       287,
   84.0809,       227,
   84.1011,       229,
   84.1213,       188,
   84.1415,       190,
   84.1617,       182,
   84.1819,       188,
    84.202,       176,
   84.2222,       187,
   84.2424,       169,
   84.2626,       180,
   84.2828,       138,
    84.303,       152,
   84.3232,       153,
   84.3434,       164,
   84.3636,       154,
   84.3838,       128,
    84.404,       130,
   84.4241,       111,
   84.4443,       128,
   84.4645,       125,
   84.4847,       123,
   84.5049,       128,
   84.5251,       131,
   84.5453,       124,
   84.5655,       113,
   84.5857,       121,
   84.6059,       114,
    84.626,       108,
   84.6462,       110,
   84.6664,       103,
   84.6866,       109,
   84.7068,       111,
    84.727,       126,
   84.7472,       100,
   84.7674,       107,
   84.7876,       111,
   84.8078,       101,
    84.828,       108,
   84.8481,       108,
   84.8683,       117,
   84.8885,        96,
   84.9087,       111,
   84.9289,       113,
   84.9491,       105,
   84.9693,       103,
   84.9895,        97,
   85.0097,       118,
   85.0299,       101,
   85.0501,       105,
   85.0702,        99,
   85.0904,       108,
   85.1106,        90,
   85.1308,        92,
    85.151,        88,
   85.1712,        98,
   85.1914,       108,
   85.2116,        95,
   85.2318,       105,
    85.252,        89,
   85.2721,       100,
   85.2923,        95,
   85.3125,        96,
   85.3327,       100,
   85.3529,        92,
   85.3731,       109,
   85.3933,        80,
   85.4135,        88,
   85.4337,        87,
   85.4539,        92,
   85.4741,       105,
   85.4942,       114,
   85.5144,        99,
   85.5346,        94,
   85.5548,        92,
    85.575,       107,
   85.5952,        82,
   85.6154,       100,
   85.6356,        85,
   85.6558,        75,
    85.676,        78,
   85.6961,        90,
   85.7163,        96,
   85.7365,        85,
   85.7567,        87,
   85.7769,        78,
   85.7971,        91,
   85.8173,        95,
   85.8375,        84,
   85.8577,        89,
   85.8779,        98,
   85.8981,        87,
   85.9182,        93,
   85.9384,        93,
   85.9586,        89,
   85.9788,        87,
    85.999,        74,
   86.0192,        84,
   86.0394,       101,
   86.0596,       104,
   86.0798,        91,
      86.1,        81,
   86.1202,       108,
   86.1403,        69,
   86.1605,        77,
   86.1807,        89,
   86.2009,        96,
   86.2211,        78,
   86.2413,        84,
   86.2615,        81,
   86.2817,        95,
   86.3019,        97,
   86.3221,        82,
   86.3422,        94,
   86.3624,        97,
   86.3826,        83,
   86.4028,       108,
    86.423,        82,
   86.4432,        92,
   86.4634,        91,
   86.4836,        82,
   86.5038,        84,
    86.524,        90,
   86.5442,        92,
   86.5643,        88,
   86.5845,        87,
   86.6047,        87,
   86.6249,        77,
   86.6451,        93,
   86.6653,        93,
   86.6855,        90,
   86.7057,        79,
   86.7259,        87,
   86.7461,        83,
   86.7662,        76,
   86.7864,        87,
   86.8066,        81,
   86.8268,        84,
    86.847,        80,
   86.8672,        69,
   86.8874,        75,
   86.9076,        85,
   86.9278,        89,
    86.948,        71,
   86.9682,        86,
   86.9883,        80,
   87.0085,        86,
   87.0287,        80,
   87.0489,        86,
   87.0691,        99,
   87.0893,        78,
   87.1095,        85,
   87.1297,        76,
   87.1499,        89,
   87.1701,        80,
   87.1903,        85,
   87.2104,        88,
   87.2306,        68,
   87.2508,        94,
    87.271,        85,
   87.2912,        81,
   87.3114,        92,
   87.3316,        76,
   87.3518,        90,
    87.372,        75,
   87.3922,       100,
   87.4123,        87,
   87.4325,        72,
   87.4527,        80,
   87.4729,        85,
   87.4931,        80,
   87.5133,        84,
   87.5335,        73,
   87.5537,        87,
   87.5739,        96,
   87.5941,        94,
   87.6143,        94,
   87.6344,        93,
   87.6546,        85,
   87.6748,        83,
    87.695,        82,
   87.7152,        93,
   87.7354,        84,
   87.7556,        91,
   87.7758,        93,
    87.796,        92,
   87.8162,        99,
   87.8363,        65,
   87.8565,        75,
   87.8767,        70,
   87.8969,        87,
   87.9171,        76,
   87.9373,        96,
   87.9575,        85,
   87.9777,        79,
   87.9979,        83,
   88.0181,        87,
   88.0383,        91,
   88.0584,        70,
   88.0786,        81,
   88.0988,        86,
    88.119,        91,
   88.1392,        89,
   88.1594,        88,
   88.1796,        96,
   88.1998,        97,
     88.22,        94,
   88.2402,        81,
   88.2604,        81,
   88.2805,        82,
   88.3007,        98,
   88.3209,        96,
   88.3411,        76,
   88.3613,        94,
   88.3815,        83,
   88.4017,        77,
   88.4219,       103,
   88.4421,        67,
   88.4623,        84,
   88.4824,        84,
   88.5026,        75,
   88.5228,        84,
    88.543,        72,
   88.5632,       100,
   88.5834,        93,
   88.6036,        73,
   88.6238,        90,
    88.644,       106,
   88.6642,        89,
   88.6844,        79,
   88.7045,        80,
   88.7247,        90,
   88.7449,        87,
   88.7651,        94,
   88.7853,        90,
   88.8055,        75,
   88.8257,        83,
   88.8459,        79,
   88.8661,        73,
   88.8863,        84,
   88.9064,        83,
   88.9266,        98,
   88.9468,        93,
    88.967,       103,
   88.9872,        89,
   89.0074,        83,
   89.0276,        72,
   89.0478,        95,
    89.068,        76,
   89.0882,        71,
   89.1084,        95,
   89.1285,        79,
   89.1487,       102,
   89.1689,        78,
   89.1891,        70,
   89.2093,        88,
   89.2295,        91,
   89.2497,        98,
   89.2699,        83,
   89.2901,       116,
   89.3103,        93,
   89.3304,        90,
   89.3506,        83,
   89.3708,        87,
    89.391,        71,
   89.4112,        87,
   89.4314,        93,
   89.4516,        85,
   89.4718,        85,
    89.492,        85,
   89.5122,        79,
   89.5324,        85,
   89.5525,        94,
   89.5727,       114,
   89.5929,        91,
   89.6131,        80,
   89.6333,        99,
   89.6535,        92,
   89.6737,        89,
   89.6939,        85,
   89.7141,       100,
   89.7343,        89,
   89.7545,        84,
   89.7746,       100,
   89.7948,        68,
    89.815,       103,
   89.8352,        85,
   89.8554,        73,
   89.8756,        97,
   89.8958,        93,
    89.916,        85,
   89.9362,        90,
   89.9564,        97,
   89.9765,       109,
   89.9967,        96,
   90.0169,        92,
   90.0371,       102,
   90.0573,        90,
   90.0775,        82,
   90.0977,        96,
   90.1179,        98,
   90.1381,        92,
   90.1583,        89,
   90.1785,        96,
   90.1986,       104,
   90.2188,        86,
    90.239,        75,
   90.2592,        94,
   90.2794,        96,
   90.2996,        73,
   90.3198,       111,
     90.34,       104,
   90.3602,       103,
   90.3804,       123,
   90.4005,        89,
   90.4207,        83,
   90.4409,        97,
   90.4611,        93,
   90.4813,       108,
   90.5015,       100,
   90.5217,        95,
   90.5419,       122,
   90.5621,        93,
   90.5823,       117,
   90.6025,        97,
   90.6226,       102,
   90.6428,       107,
    90.663,       106,
   90.6832,       139,
   90.7034,       123,
   90.7236,       104,
   90.7438,       124,
    90.764,       151,
   90.7842,       137,
   90.8044,       139,
   90.8246,       120,
   90.8447,       136,
   90.8649,       144,
   90.8851,       131,
   90.9053,       145,
   90.9255,       128,
   90.9457,       161,
   90.9659,       182,
   90.9861,       183,
   91.0063,       199,
   91.0265,       251,
   91.0466,       283,
   91.0668,       295,
    91.087,       282,
   91.1072,       325,
   91.1274,       434,
   91.1476,       592,
   91.1678,       997,
    91.188,      1743,
   91.2082,      2594,
   91.2284,      2651,
   91.2486,      2123,
   91.2687,      1285,
   91.2889,       863,
   91.3091,       546,
   91.3293,       444,
   91.3495,       323,
   91.3697,       306,
   91.3899,       297,
   91.4101,       289,
   91.4303,       348,
   91.4505,       478,
   91.4706,       820,
   91.4908,      1151,
    91.511,      1427,
   91.5312,      1219,
   91.5514,       890,
   91.5716,       622,
   91.5918,       365,
    91.612,       280,
   91.6322,       221,
   91.6524,       188,
   91.6726,       175,
   91.6927,       153,
   91.7129,       137,
   91.7331,       143,
   91.7533,       130,
   91.7735,       142,
   91.7937,       131,
   91.8139,       137,
   91.8341,       118,
   91.8543,       140,
   91.8745,       105,
   91.8947,       101,
   91.9148,        97,
    91.935,       111,
   91.9552,        98,
   91.9754,       103,
   91.9956,       112,
   92.0158,        80,
    92.036,       108,
   92.0562,        90,
   92.0764,       104,
   92.0966,        68,
   92.1167,        90,
   92.1369,        97,
   92.1571,       100,
   92.1773,        98,
   92.1975,        96,
   92.2177,        88,
   92.2379,        90,
   92.2581,        99,
   92.2783,        78,
   92.2985,       102,
   92.3187,        87,
   92.3388,        91,
    92.359,       108,
   92.3792,       101,
   92.3994,        76,
   92.4196,        80,
   92.4398,        80,
     92.46,        93,
   92.4802,        93,
   92.5004,        97,
   92.5206,        80,
   92.5407,        93,
   92.5609,       102,
   92.5811,        68,
   92.6013,        82,
   92.6215,        83,
   92.6417,        90,
   92.6619,        90,
   92.6821,        84,
   92.7023,        96,
   92.7225,        82,
   92.7427,        86,
   92.7628,        96,
    92.783,        85,
   92.8032,        96,
   92.8234,        72,
   92.8436,        77,
   92.8638,        87,
    92.884,        78,
   92.9042,        64,
   92.9244,        79,
   92.9446,        80,
   92.9648,        77,
   92.9849,        82,
   93.0051,        86,
   93.0253,        91,
   93.0455,        90,
   93.0657,        91,
   93.0859,        73,
   93.1061,        73,
   93.1263,        90,
   93.1465,        79,
   93.1667,        84,
   93.1868,        94,
    93.207,        67,
   93.2272,        71,
   93.2474,        70,
   93.2676,        72,
   93.2878,        92,
    93.308,        60,
   93.3282,        75,
   93.3484,        86,
   93.3686,        81,
   93.3888,        86,
   93.4089,        78,
   93.4291,        64,
   93.4493,        70,
   93.4695,        75,
   93.4897,        78,
   93.5099,       100,
   93.5301,        69,
   93.5503,        84,
   93.5705,        60,
   93.5907,        83,
   93.6108,        65,
    93.631,        73,
   93.6512,        80,
   93.6714,        82,
   93.6916,        76,
   93.7118,        70,
    93.732,        76,
   93.7522,        73,
   93.7724,        84,
   93.7926,        61,
   93.8128,        73,
   93.8329,        74,
   93.8531,        83,
   93.8733,        80,
   93.8935,        73,
   93.9137,        76,
   93.9339,        70,
   93.9541,        68,
   93.9743,        79,
   93.9945,        79,
   94.0147,        78,
   94.0349,        79,
    94.055,        85,
   94.0752,        73,
   94.0954,        92,
   94.1156,        74,
   94.1358,        89,
    94.156,        90,
   94.1762,        77,
   94.1964,        77,
   94.2166,        82,
   94.2368,        64,
   94.2569,        84,
   94.2771,        63,
   94.2973,        87,
   94.3175,        74,
   94.3377,        81,
   94.3579,        69,
   94.3781,        77,
   94.3983,        85,
   94.4185,        81,
   94.4387,        78,
   94.4589,        80,
    94.479,        77,
   94.4992,        69,
   94.5194,        89,
   94.5396,        85,
   94.5598,        76,
     94.58,        73,
   94.6002,        74,
   94.6204,        71,
   94.6406,        84,
   94.6608,        91,
   94.6809,        62,
   94.7011,        85,
   94.7213,        84,
   94.7415,        76,
   94.7617,        69,
   94.7819,        72,
   94.8021,        79,
   94.8223,        64,
   94.8425,        68,
   94.8627,        78,
   94.8829,        78,
    94.903,        72,
   94.9232,        65,
   94.9434,        67,
   94.9636,        75,
   94.9838,        70,
    95.004,        74,
   95.0242,        94,
   95.0444,        72,
   95.0646,        73,
   95.0848,        78,
    95.105,        75,
   95.1251,        71,
   95.1453,        77,
   95.1655,        84,
   95.1857,        95,
   95.2059,        66,
   95.2261,        60,
   95.2463,        80,
   95.2665,        66,
   95.2867,        80,
   95.3069,        65,
    95.327,        84,
   95.3472,        65,
   95.3674,        72,
   95.3876,        72,
   95.4078,        73,
    95.428,        71,
   95.4482,        84,
   95.4684,        82,
   95.4886,        71,
   95.5088,        73,
    95.529,        72,
   95.5491,        66,
   95.5693,        73,
   95.5895,        93,
   95.6097,        85,
   95.6299,        71,
   95.6501,        68,
   95.6703,        70,
   95.6905,        66,
   95.7107,        63,
   95.7309,        69,
    95.751,        65,
   95.7712,        63,
   95.7914,        63,
   95.8116,        65,
   95.8318,        76,
    95.852,        71,
   95.8722,        67,
   95.8924,        77,
   95.9126,        75,
   95.9328,        90,
    95.953,        64,
   95.9731,        79,
   95.9933,        73,
   96.0135,        58,
   96.0337,        72,
   96.0539,        83,
   96.0741,        78,
   96.0943,        90,
   96.1145,        81,
   96.1347,        69,
   96.1549,        77,
   96.1751,        69,
   96.1952,        70,
   96.2154,        61,
   96.2356,        77,
   96.2558,        65,
    96.276,        67,
   96.2962,        77,
   96.3164,        74,
   96.3366,        69,
   96.3568,        65,
    96.377,        86,
   96.3971,        63,
   96.4173,        69,
   96.4375,        77,
   96.4577,        67,
   96.4779,        76,
   96.4981,        79,
   96.5183,        70,
   96.5385,        61,
   96.5587,        71,
   96.5789,        74,
   96.5991,        75,
   96.6192,        71,
   96.6394,        71,
   96.6596,        71,
   96.6798,        72,
      96.7,        83,
   96.7202,        74,
   96.7404,        77,
   96.7606,        80,
   96.7808,        70,
    96.801,        76,
   96.8211,        70,
   96.8413,        81,
   96.8615,        67,
   96.8817,        71,
   96.9019,        69,
   96.9221,        74,
   96.9423,        72,
   96.9625,        81,
   96.9827,        75,
   97.0029,        57,
   97.0231,        73,
   97.0432,        75,
   97.0634,        68,
   97.0836,        89,
   97.1038,        78,
    97.124,        79,
   97.1442,        74,
   97.1644,        71,
   97.1846,        71,
   97.2048,        68,
    97.225,        83,
   97.2451,        75,
   97.2653,        74,
   97.2855,        73,
   97.3057,        60,
   97.3259,        62,
   97.3461,        66,
   97.3663,        57,
   97.3865,        84,
   97.4067,        63,
   97.4269,        73,
   97.4471,        64,
   97.4672,        74,
   97.4874,        58,
   97.5076,        77,
   97.5278,        62,
    97.548,        78,
   97.5682,        66,
   97.5884,        68,
   97.6086,        62,
   97.6288,        68,
    97.649,        85,
   97.6692,        75,
   97.6893,        74,
   97.7095,        68,
   97.7297,        64,
   97.7499,        68,
   97.7701,        77,
   97.7903,        72,
   97.8105,        60,
   97.8307,        69,
   97.8509,        64,
   97.8711,        70,
   97.8912,        68,
   97.9114,        70,
   97.9316,        74,
   97.9518,        71,
    97.972,        70,
   97.9922,        65,
   98.0124,        79,
   98.0326,        83,
   98.0528,        73,
    98.073,        80,
   98.0932,        87,
   98.1133,        57,
   98.1335,        72,
   98.1537,        72,
   98.1739,        53,
   98.1941,        60,
   98.2143,        61,
   98.2345,        67,
   98.2547,        72,
   98.2749,        69,
   98.2951,       104,
   98.3152,        83,
   98.3354,        74,
   98.3556,        80,
   98.3758,        63,
    98.396,        64,
   98.4162,        78,
   98.4364,        87,
   98.4566,        67,
   98.4768,        75,
    98.497,        78,
   98.5172,        75,
   98.5373,        66,
   98.5575,        73,
   98.5777,        71,
   98.5979,        76,
   98.6181,        65,
   98.6383,        72,
   98.6585,        81,
   98.6787,        73,
   98.6989,        65,
   98.7191,        66,
   98.7393,        53,
   98.7594,        62,
   98.7796,        71,
   98.7998,        71,
     98.82,        49,
   98.8402,        65,
   98.8604,        71,
   98.8806,        75,
   98.9008,        77,
    98.921,        71,
   98.9412,        73,
   98.9613,        77,
   98.9815,        63,
   99.0017,        60,
   99.0219,        73,
   99.0421,        71,
   99.0623,        60,
   99.0825,        76,
   99.1027,        72,
   99.1229,        81,
   99.1431,        63,
   99.1633,        70,
   99.1834,        72,
   99.2036,        76,
   99.2238,        68,
    99.244,        78,
   99.2642,        75,
   99.2844,        84,
   99.3046,        99,
   99.3248,        97,
    99.345,        91,
   99.3652,        88,
   99.3853,        92,
   99.4055,        68,
   99.4257,        81,
   99.4459,        71,
   99.4661,        79,
   99.4863,        85,
   99.5065,        80,
   99.5267,        88,
   99.5469,        79,
   99.5671,        73,
   99.5873,        74,
   99.6074,        87,
   99.6276,        82,
   99.6478,        82,
    99.668,        71,
   99.6882,        75,
   99.7084,        68,
   99.7286,        68,
   99.7488,        59,
    99.769,        79,
   99.7892,        65,
   99.8094,        82,
   99.8295,        66,
   99.8497,        82,
   99.8699,        66,
   99.8901,        64,
   99.9103,        67,
   99.9305,        74,
   99.9507,        78,
   99.9709,        69,
   99.9911,        75,
   100.011,        68,
   100.031,        65,
   100.052,        77,
   100.072,        73,
   100.092,        73,
   100.112,        68,
   100.132,        68,
   100.153,        74,
   100.173,        74,
   100.193,        71,
   100.213,        83,
   100.233,        52,
   100.254,        66,
   100.274,        81,
   100.294,        69,
   100.314,        59,
   100.334,        69,
   100.354,        72,
   100.375,        75,
   100.395,        78,
   100.415,        62,
   100.435,        85,
   100.455,        75,
   100.476,        77,
   100.496,        72,
   100.516,        76,
   100.536,        80,
   100.556,        71,
   100.577,        64,
   100.597,        78,
   100.617,        64,
   100.637,        76,
   100.657,        65,
   100.678,        77,
   100.698,        78,
   100.718,        70,
   100.738,        68,
   100.758,        59,
   100.778,        56,
   100.799,        68,
   100.819,        81,
   100.839,        71,
   100.859,        85,
   100.879,        62,
     100.9,        78,
    100.92,        60,
    100.94,        67,
    100.96,        70,
    100.98,        77,
   101.001,        66,
   101.021,        78,
   101.041,        61,
   101.061,        74,
   101.081,        71,
   101.102,        70,
   101.122,        74,
   101.142,        67,
   101.162,        86,
   101.182,        83,
   101.202,        77,
   101.223,        78,
   101.243,        69,
   101.263,        74,
   101.283,        64,
   101.303,        72,
   101.324,        87,
   101.344,        61,
   101.364,        73,
   101.384,        77,
   101.404,        66,
   101.425,        56,
   101.445,        74,
   101.465,        60,
   101.485,        73,
   101.505,        68,
   101.526,        88,
   101.546,        64,
   101.566,        69,
   101.586,        57,
   101.606,        70,
   101.627,        61,
   101.647,        68,
   101.667,        52,
   101.687,        55,
   101.707,        83,
   101.727,        71,
   101.748,        71,
   101.768,        75,
   101.788,        80,
   101.808,        83,
   101.828,        67,
   101.849,        67,
   101.869,        79,
   101.889,        68,
   101.909,        74,
   101.929,        75,
    101.95,        72,
    101.97,        71,
    101.99,        73,
    102.01,        64,
    102.03,        62,
   102.051,        73,
   102.071,        66,
   102.091,        73,
   102.111,        81,
   102.131,        66,
   102.151,        54,
   102.172,        75,
   102.192,        66,
   102.212,        71,
   102.232,        70,
   102.252,        57,
   102.273,        67,
   102.293,        81,
   102.313,        70,
   102.333,        72,
   102.353,        71,
   102.374,        67,
   102.394,        69,
   102.414,        72,
   102.434,        56,
   102.454,        65,
   102.475,        79,
   102.495,        64,
   102.515,        75,
   102.535,        64,
   102.555,        71,
   102.575,        64,
   102.596,        80,
   102.616,        68,
   102.636,        78,
   102.656,        72,
   102.676,        63,
   102.697,        57,
   102.717,        66,
   102.737,        74,
   102.757,        89,
   102.777,        70,
   102.798,        70,
   102.818,        66,
   102.838,        73,
   102.858,        69,
   102.878,        71,
   102.899,        70,
   102.919,        61,
   102.939,        75,
   102.959,        70,
   102.979,        80,
   102.999,        62,
    103.02,        73,
    103.04,        66,
    103.06,        66,
    103.08,        72,
     103.1,        75,
   103.121,        80,
   103.141,        71,
   103.161,        84,
   103.181,        70,
   103.201,        64,
   103.222,        71,
   103.242,        65,
   103.262,        71,
   103.282,        72,
   103.302,        55,
   103.323,        74,
   103.343,        79,
   103.363,        73,
   103.383,        66,
   103.403,        89,
   103.423,        59,
   103.444,        82,
   103.464,        52,
   103.484,        69,
   103.504,        69,
   103.524,        70,
   103.545,        72,
   103.565,        71,
   103.585,        72,
   103.605,        70,
   103.625,        66,
   103.646,        79,
   103.666,        73,
   103.686,        85,
   103.706,        71,
   103.726,        75,
   103.747,        60,
   103.767,        72,
   103.787,        67,
   103.807,        62,
   103.827,        63,
   103.847,        79,
   103.868,        64,
   103.888,        61,
   103.908,        62,
   103.928,        62,
   103.948,        47,
   103.969,        62,
   103.989,        68,
   104.009,        65,
   104.029,        54,
   104.049,        77,
    104.07,        68,
    104.09,        63,
    104.11,        60,
    104.13,        68,
    104.15,        58,
   104.171,        74,
   104.191,        69,
   104.211,        64,
   104.231,        73,
   104.251,        67,
   104.271,        68,
   104.292,        71,
   104.312,        69,
   104.332,        70,
   104.352,        60,
   104.372,        59,
   104.393,        72,
   104.413,        65,
   104.433,        71,
   104.453,        65,
   104.473,        75,
   104.494,        72,
   104.514,        75,
   104.534,        81,
   104.554,        75,
   104.574,        76,
   104.595,        70,
   104.615,        68,
   104.635,        70,
   104.655,        59,
   104.675,        63,
   104.695,        77,
   104.716,        73,
   104.736,        65,
   104.756,        68,
   104.776,        63,
   104.796,        71,
   104.817,        73,
   104.837,        72,
   104.857,        74,
   104.877,        77,
   104.897,        73,
   104.918,        63,
   104.938,        59,
   104.958,        61,
   104.978,        65,
   104.998,        64,
   105.019,        59,
   105.039,        72,
   105.059,        73,
   105.079,        84,
   105.099,        71,
   105.119,        67,
    105.14,        74,
    105.16,        90,
    105.18,        73,
     105.2,        75,
    105.22,        76,
   105.241,        64,
   105.261,        66,
   105.281,        86,
   105.301,        70,
   105.321,        67,
   105.342,        66,
   105.362,        67,
   105.382,        66,
   105.402,        70,
   105.422,        58,
   105.443,        76,
   105.463,        60,
   105.483,        63,
   105.503,        75,
   105.523,        82,
   105.543,        57,
   105.564,        69,
   105.584,        67,
   105.604,        69,
   105.624,        84,
   105.644,        63,
   105.665,        61,
   105.685,        76,
   105.705,        65,
   105.725,        81,
   105.745,        67,
   105.766,        69,
   105.786,        60,
   105.806,        75,
   105.826,        64,
   105.846,        72,
   105.867,        56,
   105.887,        68,
   105.907,        53,
   105.927,        61,
   105.947,        75,
   105.967,        76,
   105.988,        65,
   106.008,        71,
   106.028,        69,
   106.048,        62,
   106.068,        66,
   106.089,        67,
   106.109,        77,
   106.129,        68,
   106.149,        69,
   106.169,        58,
    106.19,        59,
    106.21,        61,
    106.23,        57,
    106.25,        82,
    106.27,        68,
   106.291,        60,
   106.311,        57,
   106.331,        59,
   106.351,        63,
   106.371,        66,
   106.391,        71,
   106.412,        63,
   106.432,        57,
   106.452,        63,
   106.472,        67,
   106.492,        69,
   106.513,        77,
   106.533,        59,
   106.553,        73,
   106.573,        63,
   106.593,        80,
   106.614,        75,
   106.634,        67,
   106.654,        67,
   106.674,        65,
   106.694,        87,
   106.715,        67,
   106.735,        70,
   106.755,        59,
   106.775,        64,
   106.795,        78,
   106.815,        56,
   106.836,        62,
   106.856,        62,
   106.876,        63,
   106.896,        67,
   106.916,        71,
   106.937,        71,
   106.957,        63,
   106.977,        67,
   106.997,        58,
   107.017,        68,
   107.038,        69,
   107.058,        82,
   107.078,        73,
   107.098,        73,
   107.118,        76,
   107.139,        62,
   107.159,        70,
   107.179,        72,
   107.199,        80,
   107.219,        66,
   107.239,        68,
    107.26,        79,
    107.28,        56,
     107.3,        68,
    107.32,        62,
    107.34,        64,
   107.361,        75,
   107.381,        70,
   107.401,        71,
   107.421,        64,
   107.441,        69,
   107.462,        70,
   107.482,        68,
   107.502,        73,
   107.522,        62,
   107.542,        64,
   107.563,        68,
   107.583,        69,
   107.603,        76,
   107.623,        66,
   107.643,        62,
   107.663,        71,
   107.684,        77,
   107.704,        65,
   107.724,        73,
   107.744,        73,
   107.764,        65,
   107.785,        65,
   107.805,        73,
   107.825,        65,
   107.845,        71,
   107.865,        61,
   107.886,        77,
   107.906,        82,
   107.926,        64,
   107.946,        82,
   107.966,        55,
   107.987,        80,
   108.007,        84,
   108.027,        63,
   108.047,        67,
   108.067,        65,
   108.087,        60,
   108.108,        66,
   108.128,        74,
   108.148,        71,
   108.168,        84,
   108.188,        75,
   108.209,        79,
   108.229,        78,
   108.249,        75,
   108.269,        62,
   108.289,        84,
    108.31,        85,
    108.33,        64,
    108.35,        70,
    108.37,        71,
    108.39,        68,
   108.411,        74,
   108.431,        83,
   108.451,        68,
   108.471,        81,
   108.491,        61,
   108.511,        76,
   108.532,        71,
   108.552,        78,
   108.572,        75,
   108.592,        71,
   108.612,        70,
   108.633,        76,
   108.653,        80,
   108.673,        60,
   108.693,        70,
   108.713,        61,
   108.734,        67,
   108.754,        86,
   108.774,        67,
   108.794,        80,
   108.814,        73,
   108.835,        61,
   108.855,        65,
   108.875,        80,
   108.895,        60,
   108.915,        67,
   108.935,        53,
   108.956,        68,
   108.976,        83,
   108.996,        62,
   109.016,        71,
   109.036,        57,
   109.057,        66,
   109.077,        63,
   109.097,        75,
   109.117,        73,
   109.137,        76,
   109.158,        68,
   109.178,        63,
   109.198,        66,
   109.218,        71,
   109.238,        75,
   109.259,        60,
   109.279,        63,
   109.299,        67,
   109.319,        55,
   109.339,        67,
   109.359,        72,
    109.38,        58,
     109.4,        72,
    109.42,        55,
    109.44,        66,
    109.46,        47,
   109.481,        69,
   109.501,        69,
   109.521,        67,
   109.541,        56,
   109.561,        56,
   109.582,        49,
   109.602,        56,
   109.622,        65,
   109.642,        68,
   109.662,        58,
   109.683,        70,
   109.703,        70,
   109.723,        64,
   109.743,        49,
   109.763,        68,
   109.783,        63,
   109.804,        71,
   109.824,        67,
   109.844,        56,
   109.864,        55,
   109.884,        66,
   109.905,        87,
   109.925,        70,
   109.945,        73,
   109.965,        62,
   109.985,        74,
   110.006,        53,
   110.026,        89,
   110.046,        71,
   110.066,        66,
   110.086,        64,
   110.107,        75,
   110.127,        78,
   110.147,        72,
   110.167,        80,
   110.187,        83,
   110.207,        73,
   110.228,        70,
   110.248,        52,
   110.268,        70,
   110.288,        57,
   110.308,        66,
   110.329,        65,
   110.349,        68,
   110.369,        62,
   110.389,        63,
   110.409,        74,
    110.43,        60,
    110.45,        59,
    110.47,        58,
    110.49,        56,
    110.51,        56,
   110.531,        77,
   110.551,        76,
   110.571,        66,
   110.591,        62,
   110.611,        82,
   110.631,        60,
   110.652,        67,
   110.672,        79,
   110.692,        61,
   110.712,        65,
   110.732,        58,
   110.753,        66,
   110.773,        68,
   110.793,        78,
   110.813,        63,
   110.833,        66,
   110.854,        66,
   110.874,        58,
   110.894,        63,
   110.914,        60,
   110.934,        49,
   110.955,        68,
   110.975,        72,
   110.995,        69,
   111.015,        64,
   111.035,        68,
   111.055,        57,
   111.076,        63,
   111.096,        77,
   111.116,        70,
   111.136,        74,
   111.156,        78,
   111.177,        61,
   111.197,        60,
   111.217,        56,
   111.237,        80,
   111.257,        71,
   111.278,        62,
   111.298,        66,
   111.318,        60,
   111.338,        64,
   111.358,        85,
   111.379,        55,
   111.399,        72,
   111.419,        66,
   111.439,        61,
   111.459,        78,
   111.479,        68,
     111.5,        57,
    111.52,        61,
    111.54,        61,
    111.56,        68,
    111.58,        80,
   111.601,        67,
   111.621,        63,
   111.641,        63,
   111.661,        76,
   111.681,        74,
   111.702,        61,
   111.722,        75,
   111.742,        66,
   111.762,        69,
   111.782,        73,
   111.803,        65,
   111.823,        78,
   111.843,        66,
   111.863,        60,
   111.883,        79,
   111.903,        69,
   111.924,        59,
   111.944,        72,
   111.964,        58,
   111.984,        65,
   112.004,        75,
   112.025,        69,
   112.045,        78,
   112.065,        61,
   112.085,        73,
   112.105,        74,
   112.126,        67,
   112.146,        67,
   112.166,        59,
   112.186,        69,
   112.206,        61,
   112.227,        76,
   112.247,        65,
   112.267,        61,
   112.287,        64,
   112.307,        77,
   112.327,        67,
   112.348,        68,
   112.368,        79,
   112.388,        76,
   112.408,        69,
   112.428,        74,
   112.449,        64,
   112.469,        70,
   112.489,        60,
   112.509,        80,
   112.529,        63,
    112.55,        60,
    112.57,        64,
    112.59,        68,
    112.61,        90,
    112.63,        66,
   112.651,        69,
   112.671,        70,
   112.691,        75,
   112.711,        64,
   112.731,        68,
   112.752,        79,
   112.772,        67,
   112.792,        70,
   112.812,        66,
   112.832,        69,
   112.852,        66,
   112.873,        76,
   112.893,        77,
   112.913,        55,
   112.933,        74,
   112.953,        57,
   112.974,        76,
   112.994,        68,
   113.014,        64,
   113.034,        63,
   113.054,        72,
   113.075,        65,
   113.095,        68,
   113.115,        76,
   113.135,        78,
   113.155,        74,
   113.176,        86,
   113.196,        77,
   113.216,        75,
   113.236,        76,
   113.256,        62,
   113.276,        78,
   113.297,        68,
   113.317,        75,
   113.337,        78,
   113.357,        62,
   113.377,        67,
   113.398,        56,
   113.418,        67,
   113.438,        76,
   113.458,        64,
   113.478,        74,
   113.499,        79,
   113.519,        92,
   113.539,        72,
   113.559,        67,
   113.579,        78,
     113.6,        79,
    113.62,        81,
    113.64,        65,
    113.66,        70,
    113.68,        71,
     113.7,        58,
   113.721,        73,
   113.741,        64,
   113.761,        70,
   113.781,        86,
   113.801,        67,
   113.822,        80,
   113.842,        74,
   113.862,        61,
   113.882,        76,
   113.902,        74,
   113.923,        72,
   113.943,        65,
   113.963,        66,
   113.983,        66,
   114.003,        67,
   114.024,        66,
   114.044,        71,
   114.064,        75,
   114.084,        73,
   114.104,        57,
   114.124,        73,
   114.145,        64,
   114.165,        75,
   114.185,        80,
   114.205,        64,
   114.225,        61,
   114.246,        68,
   114.266,        82,
   114.286,        81,
   114.306,        64,
   114.326,        70,
   114.347,        63,
   114.367,        60,
   114.387,        60,
   114.407,        71,
   114.427,        78,
   114.448,        77,
   114.468,        66,
   114.488,        71,
   114.508,        77,
   114.528,        76,
   114.548,        71,
   114.569,        69,
   114.589,        66,
   114.609,        68,
   114.629,        67,
   114.649,        58,
    114.67,        73,
    114.69,        67,
    114.71,        69,
    114.73,        79,
    114.75,        76,
   114.771,        76,
   114.791,        59,
   114.811,        85,
   114.831,        96,
   114.851,        57,
   114.872,        69,
   114.892,        72,
   114.912,        77,
   114.932,        66,
   114.952,        57,
   114.972,        75,
   114.993,        68,
   115.013,        71,
   115.033,        66,
   115.053,        66,
   115.073,        67,
   115.094,        70,
   115.114,        80,
   115.134,        69,
   115.154,        76,
   115.174,        68,
   115.195,        74,
   115.215,        69,
   115.235,        71,
   115.255,        73,
   115.275,        67,
   115.296,        74,
   115.316,        67,
   115.336,        68,
   115.356,        68,
   115.376,        80,
   115.396,        74,
   115.417,        66,
   115.437,        74,
   115.457,        60,
   115.477,        73,
   115.497,        80,
   115.518,        73,
   115.538,        78,
   115.558,        59,
   115.578,        63,
   115.598,        72,
   115.619,        68,
   115.639,        56,
   115.659,        52,
   115.679,        61,
   115.699,        63,
    115.72,        84,
    115.74,        66,
    115.76,        70,
    115.78,        69,
     115.8,        69,
    115.82,        73,
   115.841,        65,
   115.861,        77,
   115.881,        63,
   115.901,        66,
   115.921,        70,
   115.942,        52,
   115.962,        71,
   115.982,        70,
   116.002,        86,
   116.022,        73,
   116.043,        60,
   116.063,        59,
   116.083,        77,
   116.103,        75,
   116.123,        78,
   116.144,        66,
   116.164,        79,
   116.184,        62,
   116.204,        66,
   116.224,        78,
   116.244,        70,
   116.265,        71,
   116.285,        84,
   116.305,        83,
   116.325,        75,
   116.345,        64,
   116.366,        68,
   116.386,        80,
   116.406,        62,
   116.426,        82,
   116.446,        66,
   116.467,        71,
   116.487,        74,
   116.507,        69,
   116.527,        58,
   116.547,        71,
   116.568,        75,
   116.588,        78,
   116.608,        73,
   116.628,        66,
   116.648,        72,
   116.668,        77,
   116.689,        81,
   116.709,        73,
   116.729,        89,
   116.749,        88,
   116.769,        76,
    116.79,        72,
    116.81,        70,
    116.83,        68,
    116.85,        74,
    116.87,        83,
   116.891,        60,
   116.911,        76,
   116.931,        82,
   116.951,        58,
   116.971,        75,
   116.992,        63,
   117.012,        65,
   117.032,        99,
   117.052,        80,
   117.072,        62,
   117.092,        67,
   117.113,        94,
   117.133,        66,
   117.153,        73,
   117.173,        85,
   117.193,        63,
   117.214,        82,
   117.234,        85,
   117.254,        70,
   117.274,        79,
   117.294,        72,
   117.315,        78,
   117.335,        97,
   117.355,        81,
   117.375,        79,
   117.395,        77,
   117.416,        89,
   117.436,        82,
   117.456,        92,
   117.476,        68,
   117.496,        70,
   117.516,        74,
   117.537,        64,
   117.557,        82,
   117.577,        97,
   117.597,        91,
   117.617,        81,
   117.638,        74,
   117.658,        92,
   117.678,        90,
   117.698,        72,
   117.718,        81,
   117.739,        96,
   117.759,        85,
   117.779,        79,
   117.799,       103,
   117.819,        87,
    117.84,        84,
    117.86,       105,
    117.88,       105,
     117.9,       117,
    117.92,       121,
    117.94,       120,
   117.961,       146,
   117.981,       186,
   118.001,       228,
   118.021,       281,
   118.041,       371,
   118.062,       476,
   118.082,       542,
   118.102,       505,
   118.122,       419,
   118.142,       352,
   118.163,       290,
   118.183,       225,
   118.203,       172,
   118.223,       141,
   118.243,       135,
   118.264,       124,
   118.284,       116,
   118.304,        88,
   118.324,       113,
   118.344,       100,
   118.364,        87,
   118.385,       117,
   118.405,       134,
   118.425,       136,
   118.445,       105,
   118.465,       152,
   118.486,       155,
   118.506,       198,
   118.526,       248,
   118.546,       255,
   118.566,       308,
   118.587,       309,
   118.607,       234,
   118.627,       166,
   118.647,       149,
   118.667,       166,
   118.688,       114,
   118.708,       103,
   118.728,       104,
   118.748,        79,
   118.768,        88,
   118.788,       100,
   118.809,        97,
   118.829,        96,
   118.849,        74,
   118.869,        80,
   118.889,        88,
    118.91,        80,
    118.93,        81,
    118.95,        76,
    118.97,        90,
    118.99,        76,
   119.011,        82,
   119.031,        79,
   119.051,        79,
   119.071,        88,
   119.091,        78,
   119.112,        88,
   119.132,        82,
   119.152,        74,
   119.172,        92,
   119.192,        92,
   119.212,        81,
   119.233,        74,
   119.253,        77,
   119.273,        82,
   119.293,        80,
   119.313,        65,
   119.334,        68,
   119.354,        81,
   119.374,        84,
   119.394,        69,
   119.414,        84,
   119.435,        92,
   119.455,        79,
   119.475,        72,
   119.495,        75,
   119.515,        80,
   119.536,        68,
   119.556,        70,
   119.576,        64,
   119.596,        72,
   119.616,        71,
   119.636,        83,
   119.657,        68,
   119.677,        76,
   119.697,        83,
   119.717,        70,
   119.737,        66,
   119.758,        85,
   119.778,        80,
   119.798,        65,
   119.818,        83,
   119.838,        72,
   119.859,        78,
   119.879,        79,
   119.899,        88,
   119.919,        65,
   119.939,        82,
    119.96,        67,
    119.98,        60,
       120,        67,
